/*******************************************************************************
 * Size: 12 px
 * Bpp: 2
 * Opts: --font docs\resources\fonts\HarmonyOS_Sans_SC_Regular.ttf --size 12 --bpp 2 --no-compress --range 32-127 --symbols 銆佷竴涓婁笅涓嶄笌涓腑涓蹭负涓讳簬浜粎浠嶄欢浼犱綅浣撲綔浣夸緵淇″€煎仠鍌ㄥ厛鍏嬪叆鍏冲啓鍑忓嚭鍒嗗垏鍒涘垹鍒板埛鍓嶅姛鍔犲姩鍗忓崟鍗犲崱鍗冲彇鍙ｅ彧鍙彿鍚屽悕鍚楀惁鍚櫒鍥炲浐鍦ㄥ澹板澶嶅澶уけ濮嬪瓨瀹屽畾灏忓皯灞忓嘲宸插箷搴﹀缓寮€寮忓綍鎭㈡伅鎴愭墜鎷╂寕鎸夋崲鎹帴鎻愭彃鏁堟暟鏂囨柇鏂版棤鏂规椂鏄樉鏆傛渶鏈湰鏈烘牱鏍兼妯℃姝ｆ姝ユ案娴嬫秷娣辩増鐗欑嫭鐜囩悊鐢熺敤鐢电晫鐨勭泭鐩煡鐮佺‘绀虹绌虹珛绠＄郴绾х嚎缁堢粺缃€呰兘鑷摑瑕佽В璁よ璁捐瘯璇疯璋冭触瓒呰浇杈撹繃杩旇繖杩涜繛閫夐€氶亾閮ㄩ噰閲嶉噺閽熼挳閾鹃暱闂櫎闈㈤煶椤甸」棰戦楹﹂粯 --format lvgl --lv-font-name lv_font_harmonyos_12 --lv-fallback lv_font_montserrat_12 -o Receiver\src\res\font\lv_font_harmonyos_12.c
 ******************************************************************************/

#ifdef __has_include
#if __has_include("lvgl.h")
#ifndef LV_LVGL_H_INCLUDE_SIMPLE
#define LV_LVGL_H_INCLUDE_SIMPLE
#endif
#endif
#endif

#ifdef LV_LVGL_H_INCLUDE_SIMPLE
#include "lvgl.h"
#else
#include "lvgl/lvgl.h"
#endif

#ifndef LV_FONT_HARMONYOS_12
#define LV_FONT_HARMONYOS_12 1
#endif

#if LV_FONT_HARMONYOS_12

/*-----------------
 *    BITMAPS
 *----------------*/

/*Store the image of the glyphs*/
static LV_ATTRIBUTE_LARGE_CONST const uint8_t glyph_bitmap[] = {
    /* U+0020 " " */

    /* U+0021 "!" */
    0x30, 0xc3, 0xc, 0x30, 0xc3, 0x0, 0x10, 0xc0,

    /* U+0022 "\"" */
    0x0, 0x65, 0x65, 0x65,

    /* U+0023 "#" */
    0x3, 0xc, 0x6, 0x18, 0x6, 0x24, 0x3f, 0xfe,
    0xc, 0x30, 0xc, 0x60, 0xff, 0xf8, 0x24, 0xd0,
    0x30, 0xc0, 0x30, 0xc0,

    /* U+0024 "$" */
    0x1, 0x0, 0xc, 0x0, 0xb8, 0xd, 0xec, 0x73,
    0x21, 0xcc, 0x2, 0xf0, 0x1, 0xf4, 0x3, 0x71,
    0x4c, 0x97, 0x33, 0x7, 0xf8, 0x3, 0x0, 0xc,
    0x0,

    /* U+0025 "%" */
    0x3d, 0xa, 0x9, 0x30, 0xc0, 0x83, 0x24, 0x9,
    0x33, 0x0, 0x3d, 0x90, 0x0, 0xc, 0x0, 0x2,
    0x4f, 0x40, 0x32, 0x4c, 0xd, 0x20, 0xc1, 0xc0,
    0xf4,

    /* U+0026 "&" */
    0x7, 0xd0, 0x3, 0x1c, 0x1, 0xc3, 0x0, 0x37,
    0x80, 0xb, 0x45, 0xe, 0x72, 0x47, 0xa, 0xc1,
    0x80, 0xf0, 0x30, 0x3d, 0x7, 0xf4, 0xc0,

    /* U+0027 "'" */
    0x6, 0x66,

    /* U+0028 "(" */
    0x6, 0xc, 0x28, 0x30, 0x30, 0x30, 0x30, 0x30,
    0x30, 0x28, 0xc, 0x6,

    /* U+0029 ")" */
    0x60, 0x30, 0x18, 0xc, 0xc, 0xd, 0xd, 0xc,
    0xc, 0x18, 0x30, 0x60,

    /* U+002A "*" */
    0xc, 0x1b, 0xa2, 0xe1, 0xba, 0x8, 0x0,

    /* U+002B "+" */
    0x0, 0x0, 0xc, 0x0, 0x30, 0x1f, 0xfc, 0x3,
    0x0, 0xc, 0x0, 0x30, 0x0,

    /* U+002C "," */
    0x10, 0xc2, 0x4,

    /* U+002D "-" */
    0x3f, 0xc0,

    /* U+002E "." */
    0x10, 0xc0,

    /* U+002F "/" */
    0x2, 0x40, 0xc0, 0x60, 0x24, 0xc, 0x6, 0x2,
    0x40, 0xc0, 0x60, 0x24, 0x0,

    /* U+0030 "0" */
    0xf, 0x80, 0xe2, 0x83, 0x3, 0x1c, 0xc, 0x60,
    0x35, 0x80, 0xd7, 0x3, 0xc, 0xc, 0x38, 0xa0,
    0x3e, 0x0,

    /* U+0031 "1" */
    0xe, 0x7e, 0x8a, 0xa, 0xa, 0xa, 0xa, 0xa,
    0xa, 0xa,

    /* U+0032 "2" */
    0xf, 0x80, 0xd2, 0x82, 0x3, 0x0, 0x1c, 0x0,
    0xa0, 0x7, 0x0, 0x30, 0x3, 0x40, 0x38, 0x1,
    0xff, 0xc0,

    /* U+0033 "3" */
    0x1f, 0x80, 0xd2, 0x81, 0x7, 0x0, 0x28, 0x7,
    0xc0, 0x2, 0xc0, 0x3, 0x4, 0xc, 0x34, 0xb0,
    0x7f, 0x0,

    /* U+0034 "4" */
    0x1, 0x80, 0xc, 0x0, 0x70, 0x3, 0x40, 0x1c,
    0x90, 0xd2, 0x43, 0x9, 0x2f, 0xfe, 0x0, 0x90,
    0x2, 0x40,

    /* U+0035 "5" */
    0x1f, 0xf0, 0xa0, 0x2, 0x40, 0xd, 0x0, 0x3f,
    0x80, 0xd2, 0xc0, 0x3, 0x0, 0xc, 0x34, 0xb0,
    0x7e, 0x0,

    /* U+0036 "6" */
    0x2, 0x80, 0xc, 0x0, 0xa0, 0x3, 0x0, 0x2f,
    0xc0, 0xe2, 0xc7, 0x3, 0x5c, 0xd, 0x34, 0x70,
    0x3f, 0x0,

    /* U+0037 "7" */
    0x7f, 0xf0, 0x1, 0xc0, 0xa, 0x0, 0x30, 0x1,
    0xc0, 0x9, 0x0, 0x30, 0x1, 0x80, 0xd, 0x0,
    0x30, 0x0,

    /* U+0038 "8" */
    0xf, 0x80, 0xd2, 0x83, 0x3, 0xd, 0x18, 0x1f,
    0xc0, 0xd2, 0xc7, 0x3, 0x1c, 0xc, 0x34, 0x70,
    0x7f, 0x0,

    /* U+0039 "9" */
    0x1f, 0x80, 0xd2, 0xc7, 0x3, 0x18, 0xc, 0x34,
    0xb0, 0x7f, 0x80, 0x1c, 0x0, 0xd0, 0x7, 0x0,
    0x34, 0x0,

    /* U+003A ":" */
    0x30, 0x40, 0x0, 0x0, 0x43, 0x0,

    /* U+003B ";" */
    0x30, 0x40, 0x0, 0x0, 0x43, 0x44, 0x20,

    /* U+003C "<" */
    0x0, 0x20, 0xb, 0x82, 0xe0, 0x1e, 0x0, 0xb,
    0x80, 0x2, 0xc0, 0x0, 0x0,

    /* U+003D "=" */
    0x7f, 0xf0, 0x0, 0x0, 0x0, 0x1f, 0xfc,

    /* U+003E ">" */
    0x50, 0x0, 0xb8, 0x0, 0x2e, 0x0, 0x2c, 0xb,
    0x81, 0xd0, 0x0, 0x0, 0x0,

    /* U+003F "?" */
    0xb, 0xc0, 0xe2, 0xc1, 0x3, 0x0, 0x28, 0x2,
    0x80, 0xc, 0x0, 0x30, 0x0, 0x0, 0x1, 0x0,
    0xc, 0x0,

    /* U+0040 "@" */
    0x1, 0xbf, 0x40, 0xb, 0x40, 0xa0, 0x18, 0x0,
    0x24, 0x30, 0xb9, 0x4c, 0x21, 0xc7, 0x4c, 0x62,
    0x42, 0x48, 0x62, 0x42, 0x4c, 0x21, 0x83, 0x8c,
    0x30, 0xbc, 0xf4, 0x18, 0x0, 0x0, 0xb, 0x41,
    0x40, 0x1, 0xfe, 0x40,

    /* U+0041 "A" */
    0x2, 0x80, 0x3, 0xc0, 0x6, 0xc0, 0x9, 0xa0,
    0xc, 0x30, 0x18, 0x34, 0x2f, 0xf8, 0x30, 0xc,
    0x60, 0xd, 0xd0, 0x6,

    /* U+0042 "B" */
    0xff, 0x83, 0x3, 0x4c, 0x7, 0x30, 0x1c, 0xc0,
    0xe3, 0xff, 0xc, 0x7, 0x30, 0xd, 0xc0, 0x73,
    0xff, 0x40,

    /* U+0043 "C" */
    0x7, 0xf4, 0x1d, 0x1d, 0x34, 0x0, 0x30, 0x0,
    0x70, 0x0, 0x70, 0x0, 0x30, 0x0, 0x34, 0x0,
    0x1d, 0x1d, 0x7, 0xf4,

    /* U+0044 "D" */
    0xff, 0x43, 0x2, 0xcc, 0x3, 0x70, 0x7, 0xc0,
    0xf, 0x0, 0x3c, 0x1, 0xf0, 0xd, 0xc0, 0xb3,
    0xfe, 0x0,

    /* U+0045 "E" */
    0xff, 0xdc, 0x0, 0xc0, 0xc, 0x0, 0xff, 0xcc,
    0x0, 0xc0, 0xc, 0x0, 0xc0, 0xf, 0xfe,

    /* U+0046 "F" */
    0xff, 0xdc, 0x0, 0xc0, 0xc, 0x0, 0xc0, 0xf,
    0xfc, 0xc0, 0xc, 0x0, 0xc0, 0xc, 0x0,

    /* U+0047 "G" */
    0x2, 0xf8, 0x1d, 0xe, 0x34, 0x0, 0x30, 0x0,
    0x70, 0x0, 0x70, 0x3f, 0x30, 0x7, 0x34, 0x3,
    0x1d, 0xb, 0x2, 0xf8,

    /* U+0048 "H" */
    0xc0, 0xf, 0x0, 0x3c, 0x0, 0xf0, 0x3, 0xff,
    0xff, 0x0, 0x7c, 0x0, 0xf0, 0x3, 0xc0, 0xf,
    0x0, 0x30,

    /* U+0049 "I" */
    0xcc, 0xcc, 0xcc, 0xcc, 0xcc,

    /* U+004A "J" */
    0x2, 0x80, 0xa0, 0x28, 0xa, 0x2, 0x80, 0xa0,
    0x28, 0x9, 0xd3, 0x1f, 0x80,

    /* U+004B "K" */
    0xc0, 0x34, 0xc0, 0xe0, 0xc2, 0x80, 0xc7, 0x0,
    0xdd, 0x0, 0xf7, 0x0, 0xd2, 0x80, 0xc0, 0xd0,
    0xc0, 0x70, 0xc0, 0x28,

    /* U+004C "L" */
    0xc0, 0xc, 0x0, 0xc0, 0xc, 0x0, 0xc0, 0xc,
    0x0, 0xc0, 0xc, 0x0, 0xc0, 0xf, 0xfd,

    /* U+004D "M" */
    0xd0, 0x3, 0x7c, 0x1, 0xdf, 0x40, 0xf7, 0x70,
    0x69, 0xc9, 0x32, 0x70, 0xe8, 0x9c, 0x2c, 0x27,
    0x1, 0x9, 0xc0, 0x2, 0x70, 0x0, 0x90,

    /* U+004E "N" */
    0xd0, 0xf, 0xc0, 0x3f, 0x40, 0xf3, 0x3, 0xc6,
    0xf, 0xd, 0x3c, 0xc, 0xf0, 0x2f, 0xc0, 0x3f,
    0x0, 0x70,

    /* U+004F "O" */
    0x7, 0xf4, 0x7, 0x47, 0x43, 0x40, 0x30, 0xc0,
    0xd, 0x70, 0x2, 0x9c, 0x0, 0x93, 0x0, 0x34,
    0xd0, 0xc, 0x1d, 0x1d, 0x1, 0xfd, 0x0,

    /* U+0050 "P" */
    0xff, 0x4c, 0xd, 0xc0, 0x7c, 0x7, 0xc0, 0xdf,
    0xf8, 0xc0, 0xc, 0x0, 0xc0, 0xc, 0x0,

    /* U+0051 "Q" */
    0x7, 0xf4, 0x1, 0xd1, 0xd0, 0x34, 0x3, 0x3,
    0x0, 0x34, 0x70, 0x2, 0x87, 0x0, 0x24, 0x30,
    0x3, 0x43, 0x40, 0x30, 0x1d, 0x1d, 0x0, 0x7f,
    0x80, 0x0, 0xe, 0x0, 0x0, 0x38,

    /* U+0052 "R" */
    0xff, 0x43, 0x3, 0x4c, 0x7, 0x30, 0x1c, 0xc0,
    0xd3, 0xfe, 0xc, 0x34, 0x30, 0x30, 0xc0, 0xa3,
    0x0, 0xd0,

    /* U+0053 "S" */
    0x1f, 0xd0, 0xd1, 0xc6, 0x1, 0x1d, 0x0, 0x1f,
    0x40, 0x7, 0xc0, 0x3, 0x64, 0xa, 0x74, 0x74,
    0x7f, 0x40,

    /* U+0054 "T" */
    0xff, 0xf8, 0xc, 0x0, 0x30, 0x0, 0xc0, 0x3,
    0x0, 0xc, 0x0, 0x30, 0x0, 0xc0, 0x3, 0x0,
    0xc, 0x0,

    /* U+0055 "U" */
    0x30, 0x7, 0x30, 0x7, 0x30, 0x7, 0x30, 0x7,
    0x30, 0x7, 0x30, 0x7, 0x30, 0x7, 0x34, 0xa,
    0x1d, 0x1c, 0x7, 0xf4,

    /* U+0056 "V" */
    0xd0, 0x6, 0x70, 0x9, 0x30, 0xc, 0x24, 0x18,
    0x1c, 0x24, 0xc, 0x30, 0x9, 0x60, 0x7, 0x90,
    0x3, 0xc0, 0x2, 0x80,

    /* U+0057 "W" */
    0xd0, 0x24, 0x9, 0x60, 0x38, 0xc, 0x30, 0x3c,
    0xc, 0x30, 0x5c, 0x18, 0x24, 0x8a, 0x24, 0x18,
    0xc7, 0x30, 0xd, 0x83, 0x30, 0xe, 0x42, 0x90,
    0xb, 0x1, 0xc0, 0x3, 0x0, 0xc0,

    /* U+0058 "X" */
    0x70, 0xd, 0x34, 0x18, 0xc, 0x30, 0xa, 0x90,
    0x3, 0xc0, 0x3, 0xc0, 0xa, 0xa0, 0x1c, 0x30,
    0x34, 0x1c, 0xa0, 0xd,

    /* U+0059 "Y" */
    0xa0, 0xc, 0x30, 0x28, 0x2c, 0x30, 0xd, 0x90,
    0x7, 0xc0, 0x3, 0x40, 0x3, 0x40, 0x3, 0x40,
    0x3, 0x40, 0x3, 0x40,

    /* U+005A "Z" */
    0x7f, 0xf4, 0x1, 0xc0, 0xd, 0x0, 0x70, 0x3,
    0x40, 0x28, 0x0, 0xc0, 0xa, 0x0, 0x30, 0x2,
    0xff, 0xe0,

    /* U+005B "[" */
    0xff, 0xc, 0x30, 0xc3, 0xc, 0x30, 0xc3, 0xc,
    0x3f, 0x0,

    /* U+005C "\\" */
    0x90, 0x18, 0x3, 0x0, 0x90, 0x18, 0x3, 0x0,
    0x90, 0x18, 0x3, 0x0, 0x90,

    /* U+005D "]" */
    0xbc, 0xc, 0xc, 0xc, 0xc, 0xc, 0xc, 0xc,
    0xc, 0xc, 0xc, 0xbc, 0x0,

    /* U+005E "^" */
    0xd, 0x0, 0xf0, 0x26, 0x43, 0x18, 0x60, 0xc0,

    /* U+005F "_" */
    0xff, 0xc0,

    /* U+0060 "`" */
    0x30, 0x60,

    /* U+0061 "a" */
    0x1f, 0x83, 0x49, 0x0, 0x61, 0xfe, 0x30, 0x67,
    0xa, 0x2f, 0xa0,

    /* U+0062 "b" */
    0x30, 0x0, 0xc0, 0x3, 0x0, 0xd, 0xf4, 0x38,
    0x70, 0xc0, 0xa3, 0x1, 0x8c, 0xa, 0x38, 0x30,
    0xdf, 0x40,

    /* U+0063 "c" */
    0xf, 0xc3, 0x45, 0x70, 0x6, 0x0, 0x70, 0x3,
    0x45, 0xf, 0xc0,

    /* U+0064 "d" */
    0x0, 0x24, 0x0, 0x90, 0x2, 0x43, 0xe9, 0x34,
    0xb5, 0xc0, 0xd6, 0x2, 0x5c, 0xd, 0x34, 0x74,
    0x3e, 0x90,

    /* U+0065 "e" */
    0xf, 0xc0, 0xd2, 0xc7, 0x3, 0x1f, 0xfc, 0x70,
    0x0, 0xd1, 0x80, 0xfd, 0x0,

    /* U+0066 "f" */
    0xb, 0x4a, 0x2, 0x42, 0xfc, 0x24, 0x9, 0x2,
    0x40, 0x90, 0x24, 0x9, 0x0,

    /* U+0067 "g" */
    0xf, 0xa4, 0xd2, 0xd7, 0x3, 0x58, 0x9, 0x70,
    0x34, 0xd1, 0xd0, 0xfa, 0x40, 0xd, 0x34, 0x70,
    0x7f, 0x0,

    /* U+0068 "h" */
    0x30, 0x0, 0xc0, 0x3, 0x0, 0xd, 0xf4, 0x38,
    0x70, 0xc0, 0xc3, 0x3, 0xc, 0xc, 0x30, 0x30,
    0xc0, 0xc0,

    /* U+0069 "i" */
    0x30, 0x40, 0xc, 0x30, 0xc3, 0xc, 0x30, 0xc0,

    /* U+006A "j" */
    0x3, 0x0, 0x40, 0x0, 0xc, 0x3, 0x0, 0xc0,
    0x30, 0xc, 0x3, 0x0, 0xc0, 0x30, 0x1c, 0x3c,
    0x0,

    /* U+006B "k" */
    0x30, 0x0, 0xc0, 0x3, 0x0, 0xc, 0x28, 0x31,
    0xc0, 0xcc, 0x3, 0xf0, 0xd, 0xa0, 0x30, 0xd0,
    0xc1, 0xc0,

    /* U+006C "l" */
    0x33, 0x33, 0x33, 0x33, 0x33,

    /* U+006D "m" */
    0x3b, 0xcb, 0x83, 0x4b, 0xc, 0x30, 0x60, 0x93,
    0x6, 0x9, 0x30, 0x60, 0x93, 0x6, 0x9, 0x30,
    0x60, 0x90,

    /* U+006E "n" */
    0x37, 0xd0, 0xe1, 0xc3, 0x3, 0xc, 0xc, 0x30,
    0x30, 0xc0, 0xc3, 0x3, 0x0,

    /* U+006F "o" */
    0xb, 0xc0, 0xd1, 0xc7, 0x3, 0x58, 0xa, 0x70,
    0x24, 0xe1, 0xc0, 0xfc, 0x0,

    /* U+0070 "p" */
    0x37, 0xd0, 0xe0, 0xc3, 0x1, 0x8c, 0x6, 0x30,
    0x28, 0xe0, 0xc3, 0x7d, 0xc, 0x0, 0x30, 0x0,
    0xc0, 0x0,

    /* U+0071 "q" */
    0xf, 0xa4, 0xd1, 0xd7, 0x3, 0x58, 0x9, 0x70,
    0x34, 0xd1, 0xd0, 0xfa, 0x40, 0x9, 0x0, 0x24,
    0x0, 0x90,

    /* U+0072 "r" */
    0x3b, 0x4d, 0x3, 0x0, 0xc0, 0x30, 0xc, 0x3,
    0x0,

    /* U+0073 "s" */
    0x2f, 0x47, 0x18, 0x70, 0x1, 0xf4, 0x1, 0xc6,
    0xc, 0x2f, 0x40,

    /* U+0074 "t" */
    0x30, 0xc, 0xf, 0xf0, 0xc0, 0x30, 0xc, 0x3,
    0x0, 0x90, 0xf, 0x0,

    /* U+0075 "u" */
    0x30, 0x30, 0xc0, 0xc3, 0x3, 0xc, 0xc, 0x30,
    0x30, 0xd2, 0xc1, 0xf7, 0x0,

    /* U+0076 "v" */
    0x90, 0x31, 0xc1, 0x83, 0xc, 0xa, 0x30, 0xd,
    0x40, 0x3c, 0x0, 0x60, 0x0,

    /* U+0077 "w" */
    0x90, 0xd0, 0xc6, 0xe, 0xc, 0x31, 0xb1, 0x42,
    0x63, 0x20, 0x1b, 0x1b, 0x0, 0xe0, 0xd0, 0xd,
    0xc, 0x0,

    /* U+0078 "x" */
    0xa0, 0xa3, 0x5c, 0x1f, 0x0, 0xe0, 0xf, 0x3,
    0x5c, 0xa0, 0xa0,

    /* U+0079 "y" */
    0x90, 0x31, 0xc1, 0x83, 0xc, 0xa, 0x30, 0xd,
    0x40, 0x3c, 0x0, 0x70, 0x2, 0x40, 0xc, 0x3,
    0xd0, 0x0,

    /* U+007A "z" */
    0x7f, 0xc0, 0x28, 0x3, 0x0, 0xd0, 0x1c, 0x3,
    0x0, 0xbf, 0xd0,

    /* U+007B "{" */
    0xb, 0x3, 0x0, 0xc0, 0x70, 0x28, 0x2c, 0x2,
    0x80, 0x70, 0x1c, 0x3, 0x0, 0xc0, 0x2c, 0x0,
    0x0,

    /* U+007C "|" */
    0x66, 0x66, 0x66, 0x66, 0x66, 0x66,

    /* U+007D "}" */
    0xa0, 0x28, 0x18, 0x18, 0x1c, 0xb, 0xd, 0x18,
    0x18, 0x18, 0x28, 0xb0, 0x0,

    /* U+007E "~" */
    0x2d, 0x30, 0xcb, 0x80, 0x0, 0x0,

    /* U+0412 "В" */
    0xff, 0x83, 0x3, 0x4c, 0x7, 0x30, 0x1c, 0xc0,
    0xe3, 0xff, 0xc, 0x7, 0x30, 0xd, 0xc0, 0x73,
    0xff, 0x40,

    /* U+0443 "у" */
    0x90, 0x31, 0xc1, 0x83, 0xc, 0xa, 0x30, 0xd,
    0x40, 0x3c, 0x0, 0x70, 0x2, 0x40, 0xc, 0x3,
    0xd0, 0x0,

    /* U+0445 "х" */
    0xa0, 0xa3, 0x5c, 0x1f, 0x0, 0xe0, 0xf, 0x3,
    0x5c, 0xa0, 0xa0,

    /* U+2018 "‘" */
    0x5, 0xc9,

    /* U+2033 "″" */
    0x33, 0x8, 0x85, 0x90,

    /* U+20AC "€" */
    0x3, 0xe0, 0x34, 0xa1, 0xc0, 0x4a, 0x0, 0xff,
    0x43, 0xfd, 0x2, 0x40, 0x7, 0x1, 0xd, 0x28,
    0xf, 0x80,

    /* U+2103 "℃" */
    0x78, 0x0, 0x3, 0x14, 0x2e, 0x9, 0x97, 0x57,
    0x9, 0x34, 0x4, 0x0, 0xc0, 0x0, 0x7, 0x0,
    0x0, 0x1c, 0x0, 0x0, 0x30, 0x0, 0x0, 0x70,
    0x34, 0x0, 0x7f, 0x80, 0x0, 0x0, 0x0,

    /* U+2542 "╂" */
    0x0, 0x28, 0x0, 0x0, 0x28, 0x0, 0x0, 0x28,
    0x0, 0x0, 0x28, 0x0, 0x0, 0x28, 0x0, 0x0,
    0x28, 0x0, 0xaa, 0xbe, 0xaa, 0x0, 0x28, 0x0,
    0x0, 0x28, 0x0, 0x0, 0x28, 0x0, 0x0, 0x28,
    0x0, 0x0, 0x28, 0x0,

    /* U+300D "」" */
    0x8, 0x30, 0xc3, 0xc, 0x3f, 0xc0,

    /* U+3051 "け" */
    0x0, 0x0, 0x0, 0x0, 0x30, 0x60, 0x3, 0x9,
    0x0, 0x30, 0x92, 0xab, 0x99, 0x0, 0x70, 0x80,
    0x3, 0x9, 0x0, 0x30, 0x90, 0x6, 0x9, 0x0,
    0x90, 0x60, 0x1c, 0x0, 0x3, 0x0, 0x0, 0x0,
    0x0,

    /* U+3088 "よ" */
    0x0, 0x30, 0x0, 0x3, 0x0, 0x0, 0x30, 0x0,
    0x3, 0xfe, 0x0, 0x30, 0x0, 0x3, 0x0, 0x0,
    0x30, 0x1, 0xff, 0x40, 0x30, 0x3b, 0x43, 0x6,
    0xd, 0x1f, 0xc0, 0x0,

    /* U+30E6 "ユ" */
    0x2f, 0xff, 0x0, 0x0, 0x30, 0x0, 0x3, 0x0,
    0x0, 0x30, 0x0, 0x6, 0x0, 0x0, 0x60, 0x0,
    0x6, 0xf, 0xff, 0xff,

    /* U+3125 "ㄥ" */
    0x0, 0x20, 0x0, 0x7, 0x0, 0x0, 0xc0, 0x0,
    0x18, 0x0, 0x3, 0x0, 0x0, 0xa0, 0x0, 0x1c,
    0x0, 0x3, 0x40, 0x0, 0x7f, 0xff, 0xd0,

    /* U+3129 "ㄩ" */
    0x30, 0x0, 0xc3, 0x0, 0xc, 0x30, 0x0, 0xc3,
    0x0, 0xc, 0x30, 0x0, 0xc3, 0x0, 0xc, 0x30,
    0x0, 0xc3, 0x0, 0xc, 0x3f, 0xff, 0xc0, 0x0,
    0x0,

    /* U+3221 "㈡" */
    0x24, 0x0, 0x18, 0x30, 0x0, 0xc, 0x93, 0xff,
    0xc6, 0xc0, 0x0, 0x3, 0xc0, 0x0, 0x3, 0xc0,
    0x0, 0x3, 0xc0, 0x0, 0x3, 0xc0, 0x0, 0x3,
    0x9a, 0xaa, 0xa6, 0x30, 0x0, 0xc, 0x24, 0x0,
    0x18,

    /* U+3224 "㈤" */
    0x24, 0x0, 0x18, 0x30, 0x0, 0xc, 0x96, 0xfa,
    0x96, 0xc0, 0x50, 0x3, 0xc6, 0xea, 0x43, 0xc0,
    0x81, 0x83, 0xc0, 0xc0, 0x83, 0xc0, 0x80, 0x43,
    0x9a, 0xeb, 0xe6, 0x30, 0x0, 0xc, 0x24, 0x0,
    0x18,

    /* U+4EBE "亾" */
    0xc0, 0x30, 0x3, 0x0, 0xc0, 0xc, 0x3, 0x0,
    0x30, 0xc, 0x0, 0xc0, 0x74, 0x3, 0x3, 0x30,
    0xc, 0x18, 0x60, 0x31, 0xc0, 0xa0, 0xdc, 0x0,
    0xa3, 0x0, 0x0, 0xf, 0xff, 0xff, 0x0,

    /* U+4EE0 "仠" */
    0x2, 0x0, 0x0, 0x6, 0xbf, 0xfc, 0xc, 0x3,
    0x0, 0x1c, 0x3, 0x0, 0x3c, 0x3, 0x0, 0x9c,
    0xff, 0xfd, 0xc, 0x3, 0x0, 0xc, 0x3, 0x0,
    0xc, 0x3, 0x0, 0xc, 0x3, 0x0, 0xc, 0x2,
    0x0,

    /* U+4F05 "伅" */
    0x2, 0x3, 0x0, 0xa, 0xab, 0xa9, 0xc, 0x3,
    0x0, 0x2c, 0xc3, 0x8, 0x3c, 0xc3, 0x8, 0x4c,
    0xc3, 0x8, 0xc, 0xff, 0xf8, 0xc, 0x3, 0x0,
    0xc, 0x3, 0x5, 0xc, 0x3, 0x5, 0xc, 0x2,
    0xfc, 0x0, 0x0, 0x0,

    /* U+4F77 "佷" */
    0x1, 0x0, 0x0, 0x6, 0x3f, 0xf0, 0x9, 0x30,
    0x20, 0xc, 0x30, 0x20, 0x1c, 0x3f, 0xf0, 0x3c,
    0x30, 0x20, 0x6c, 0x3f, 0xf0, 0xc, 0x33, 0x14,
    0xc, 0x32, 0xa0, 0xc, 0x30, 0xc0, 0xc, 0x3a,
    0x38, 0xc, 0x64, 0x4, 0x0, 0x0, 0x0,

    /* U+4F7A "佺" */
    0x2, 0xb, 0x0, 0x6, 0xd, 0x80, 0xc, 0x30,
    0xa0, 0x1d, 0xc0, 0x2c, 0x3c, 0xbf, 0xe4, 0x6c,
    0x2, 0x0, 0xc, 0x6, 0x0, 0xc, 0xbf, 0xf0,
    0xc, 0x2, 0x0, 0xc, 0x2, 0x0, 0xd, 0xff,
    0xfc,

    /* U+4F7D "佽" */
    0x5, 0x3, 0x0, 0xa, 0x83, 0x0, 0xc, 0xc7,
    0xfd, 0x1c, 0x58, 0x4c, 0x3c, 0xc, 0xc8, 0x5c,
    0x0, 0xc0, 0xc, 0x50, 0xd0, 0xc, 0xc2, 0xa0,
    0xc, 0xc3, 0x30, 0xd, 0x8c, 0x1c, 0xc, 0x24,
    0x5, 0x0, 0x0, 0x0,

    /* U+509B "傛" */
    0x0, 0x0, 0x0, 0x2, 0x3, 0x0, 0x6, 0xff,
    0xfc, 0xc, 0xc0, 0x4c, 0x1c, 0x68, 0xa4, 0x3c,
    0xd7, 0x5c, 0x6c, 0x1c, 0xc0, 0xc, 0xb0, 0x34,
    0xe, 0xbf, 0xf9, 0xc, 0x20, 0x30, 0xc, 0x3a,
    0xb0, 0xc, 0x20, 0x30,

    /* U+5158 "兘" */
    0x0, 0x2, 0x0, 0x3f, 0x83, 0x0, 0x0, 0x9,
    0x60, 0x0, 0x1c, 0x30, 0x15, 0x7f, 0xf8, 0x6b,
    0x80, 0x0, 0x17, 0x1f, 0xf0, 0x17, 0x18, 0x30,
    0x27, 0x18, 0x30, 0x33, 0xa, 0xac, 0x32, 0x0,
    0xc, 0x51, 0xff, 0xf8, 0x0, 0x0, 0x0,

    /* U+517C "兼" */
    0x0, 0x0, 0x0, 0x2, 0x2, 0x40, 0x7f, 0xff,
    0xf8, 0x0, 0xc5, 0x0, 0x1f, 0xff, 0xf0, 0x15,
    0xda, 0x74, 0x55, 0xda, 0x74, 0x2f, 0xff, 0xf0,
    0x2, 0xcb, 0x40, 0xa, 0xc6, 0xd0, 0x78, 0xc5,
    0x38, 0x50, 0xc5, 0x4,

    /* U+51AD "冭" */
    0x0, 0x18, 0x0, 0x0, 0x28, 0x0, 0x3f, 0xff,
    0xfc, 0x0, 0xaa, 0x0, 0x2, 0x82, 0x80, 0x1e,
    0x0, 0x74, 0x70, 0xe4, 0x8, 0x0, 0x1b, 0x40,
    0x5, 0x0, 0x0, 0x2, 0xf4, 0x0, 0x0, 0xb,
    0xc0, 0x0, 0x0, 0x0,

    /* U+51B2 "冲" */
    0x10, 0x3, 0x0, 0xc0, 0xc, 0x1, 0xcf, 0xff,
    0xc2, 0x30, 0xc3, 0x0, 0xc3, 0xc, 0x23, 0xc,
    0x30, 0xcf, 0xff, 0xca, 0x0, 0xc0, 0x30, 0x3,
    0x0, 0xc0, 0xc, 0x0, 0x0, 0x30, 0x0,

    /* U+52ED "勭" */
    0x0, 0x0, 0x0, 0x3, 0x0, 0xc0, 0x2e, 0xf4,
    0xc0, 0xd, 0x92, 0xe8, 0x2a, 0xa4, 0xcc, 0x2b,
    0xf4, 0xc8, 0x36, 0xa4, 0xcc, 0x36, 0xa4, 0x8c,
    0x2b, 0xe5, 0x8c, 0x1b, 0xa5, 0x4c, 0x2b, 0xe7,
    0xc, 0x0, 0x6, 0x78, 0x0, 0x0, 0x0,

    /* U+539B "厛" */
    0xf, 0xff, 0xfd, 0x8, 0x0, 0x0, 0x8, 0x1,
    0xbc, 0xa, 0xf3, 0x40, 0xa, 0x32, 0x0, 0xa,
    0x33, 0xfc, 0xa, 0x32, 0x30, 0x1a, 0x32, 0x30,
    0x26, 0xf5, 0x30, 0x30, 0xc, 0x30, 0x20, 0x8,
    0x30, 0x0, 0x0, 0x0,

    /* U+53C6 "叆" */
    0x0, 0x0, 0x54, 0x7e, 0x7b, 0xa4, 0x0, 0x22,
    0x14, 0x0, 0x25, 0x70, 0x0, 0xbf, 0xfc, 0x7f,
    0x84, 0x8, 0x14, 0x6e, 0xa8, 0x26, 0x1e, 0xa0,
    0x23, 0x2c, 0x30, 0xbf, 0xa3, 0xc0, 0x1, 0x9a,
    0xa4, 0x0, 0x20, 0x4,

    /* U+5470 "呰" */
    0x0, 0xc3, 0x0, 0x8, 0xc3, 0x1c, 0x8, 0xfb,
    0xe0, 0x8, 0xc3, 0x9, 0xd, 0xeb, 0xc, 0x39,
    0x41, 0xa4, 0xb, 0xff, 0xf0, 0x9, 0x0, 0x30,
    0x9, 0x0, 0x30, 0xb, 0xff, 0xf0, 0x9, 0x0,
    0x30,

    /* U+5553 "啓" */
    0x0, 0x0, 0x0, 0x2, 0x42, 0x40, 0xf, 0xf3,
    0xfd, 0xc, 0x3e, 0x14, 0xc, 0x37, 0x70, 0xf,
    0xe1, 0xe0, 0x14, 0xb, 0x78, 0x30, 0x8, 0x5,
    0x17, 0xaa, 0xb0, 0x5, 0x0, 0x30, 0x7, 0xff,
    0xf0, 0x5, 0x0, 0x30,

    /* U+55D7 "嗗" */
    0x10, 0xff, 0xcf, 0xcc, 0xc, 0xcc, 0xec, 0xcc,
    0xcd, 0x9d, 0xce, 0x95, 0x7c, 0xea, 0xab, 0xcc,
    0x95, 0xcc, 0xc9, 0x5c, 0xfc, 0xaa, 0xc0, 0x8,
    0xc, 0x0, 0x83, 0xc0,

    /* U+5632 "嘲" */
    0x0, 0x92, 0xff, 0x7f, 0xa3, 0xd4, 0x92, 0x3d,
    0x6a, 0xaf, 0xd6, 0xaa, 0x3d, 0x65, 0xa3, 0xd6,
    0xfb, 0xfd, 0x49, 0x23, 0xdb, 0xfa, 0x3a, 0x49,
    0x93, 0x0, 0x98, 0xe0, 0x0, 0x0,

    /* U+5670 "噰" */
    0x0, 0x0, 0x0, 0x0, 0x30, 0xf, 0xaf, 0xff,
    0x72, 0x21, 0x60, 0xc9, 0x6b, 0xf3, 0x3f, 0xb3,
    0xc, 0x8d, 0xee, 0x32, 0x6b, 0x30, 0xca, 0xaf,
    0xf3, 0xa2, 0x73, 0x0, 0x18, 0xff, 0x40, 0xc3,
    0x0, 0x0, 0x0, 0x0,

    /* U+567A "噺" */
    0x0, 0x0, 0x0, 0x2, 0x0, 0x8f, 0x7f, 0x79,
    0x25, 0x88, 0xc0, 0x95, 0x23, 0x2, 0x6f, 0xee,
    0xd9, 0x48, 0x33, 0x26, 0xfd, 0xcc, 0x95, 0xa3,
    0x33, 0xea, 0x68, 0xc0, 0x58, 0x93, 0x0, 0x73,
    0xc, 0x0, 0x0, 0x0,

    /* U+568E "嚎" */
    0x0, 0x0, 0x0, 0x0, 0x30, 0x0, 0x2a, 0xaa,
    0x3d, 0x0, 0x0, 0xd8, 0xea, 0xc3, 0x63, 0xaa,
    0xd, 0xaa, 0xaa, 0x36, 0xda, 0x9c, 0xd8, 0x6c,
    0x53, 0x69, 0xbe, 0xf, 0xa9, 0xa8, 0x0, 0x28,
    0x8c, 0x2, 0x1a, 0x10, 0x0, 0x0, 0x0,

    /* U+56AD "嚭" */
    0x3f, 0xeb, 0xfd, 0x3, 0x0, 0xc0, 0x2b, 0x92,
    0xc0, 0x15, 0x47, 0xe8, 0x25, 0x6c, 0xca, 0x2e,
    0xd0, 0x80, 0x8, 0x81, 0x54, 0x2a, 0xaa, 0x5c,
    0x2a, 0x95, 0xc, 0x3a, 0xa7, 0xac, 0x20, 0x55,
    0xc,

    /* U+56E8 "囨" */
    0xff, 0xff, 0xfc, 0x0, 0x3, 0xda, 0xaa, 0x7c,
    0x7, 0x3, 0xc0, 0xf4, 0x3c, 0x37, 0xa3, 0xdd,
    0x32, 0xbc, 0x3, 0x3, 0xc0, 0x10, 0x3f, 0xff,
    0xff, 0xc0, 0x0, 0x30,

    /* U+56E9 "囩" */
    0xff, 0xff, 0xfc, 0x0, 0x3, 0xca, 0xa9, 0x3c,
    0x0, 0x3, 0xda, 0xaa, 0x3c, 0x19, 0x43, 0xc3,
    0xc, 0x3c, 0xfa, 0xf3, 0xc0, 0x0, 0x3f, 0xff,
    0xff, 0xc0, 0x0, 0x30,

    /* U+578F "垏" */
    0xc, 0x3, 0x0, 0xc, 0x3f, 0xf4, 0xc, 0x3,
    0x24, 0x3f, 0xab, 0xb8, 0xc, 0x17, 0x64, 0xc,
    0x17, 0x50, 0xc, 0x7f, 0xf8, 0xe, 0x3, 0x0,
    0x39, 0xbf, 0xfc, 0x0, 0x3, 0x0, 0x0, 0x3,
    0x0,

    /* U+57B9 "垹" */
    0xc, 0x20, 0xfd, 0xc, 0x24, 0xc9, 0xc, 0xbd,
    0xcc, 0x2e, 0x20, 0xc8, 0xc, 0xbd, 0xd8, 0xc,
    0x20, 0xc8, 0xc, 0x24, 0xc5, 0xd, 0xb9, 0xc6,
    0x39, 0x30, 0xed, 0x0, 0x60, 0xc0, 0x0, 0xc0,
    0xc0, 0x0, 0x0, 0x0,

    /* U+57DB "埛" */
    0xc, 0xff, 0xfc, 0x33, 0x0, 0x30, 0xcc, 0x9c,
    0xcf, 0xf6, 0x1b, 0xc, 0xd0, 0x1c, 0x33, 0x3f,
    0x30, 0xcc, 0xcc, 0xc3, 0x33, 0x33, 0x2e, 0xcf,
    0xcc, 0x43, 0x0, 0x30, 0xc, 0xb, 0x80, 0x0,
    0x0,

    /* U+581F "堟" */
    0xc, 0x2a, 0xb0, 0xc, 0x20, 0x30, 0x1d, 0x3f,
    0xf0, 0x3f, 0x0, 0x20, 0xc, 0xbf, 0xfd, 0xc,
    0x2e, 0x18, 0xc, 0x9b, 0xa0, 0xc, 0x76, 0xa0,
    0x1e, 0x4e, 0xa4, 0x10, 0xb1, 0x8c, 0x1, 0x4f,
    0x0,

    /* U+5822 "堢" */
    0x0, 0x0, 0x0, 0xc, 0x1b, 0xf8, 0xc, 0x26,
    0x8, 0x1d, 0x32, 0x8, 0x2e, 0x73, 0xf8, 0xc,
    0xf0, 0xc0, 0xd, 0xb0, 0xc0, 0xc, 0x37, 0xf8,
    0xc, 0x32, 0xf0, 0x1f, 0x32, 0xd8, 0x20, 0x38,
    0xc9, 0x0, 0x30, 0xc0,

    /* U+5897 "増" */
    0x0, 0x0, 0x0, 0xc, 0x24, 0x30, 0xc, 0xae,
    0xf8, 0xc, 0xc3, 0x8, 0x7f, 0xeb, 0xac, 0xc,
    0xeb, 0xac, 0xc, 0x15, 0x54, 0xc, 0x7f, 0xf8,
    0xd, 0x60, 0x1c, 0x7e, 0x75, 0x6c, 0x0, 0x7a,
    0xac, 0x0, 0x60, 0xc,

    /* U+589C "墜" */
    0x0, 0x0, 0x10, 0x3f, 0xc, 0x60, 0x33, 0x7f,
    0xf8, 0x35, 0x1e, 0x10, 0x36, 0x5b, 0xe0, 0x32,
    0x67, 0xe0, 0x3b, 0x6d, 0x78, 0x30, 0x97, 0x4c,
    0x20, 0x5, 0x0, 0x1f, 0xff, 0xf0, 0x0, 0x20,
    0x0, 0x7f, 0xff, 0xfc,

    /* U+590B "夋" */
    0x0, 0x0, 0x0, 0x0, 0xa1, 0x0, 0x3, 0x82,
    0xc0, 0x1f, 0xfe, 0xb4, 0x0, 0x41, 0x48, 0xb,
    0x41, 0xf4, 0x39, 0xc0, 0x1c, 0x7, 0xff, 0xe0,
    0x2f, 0x2, 0xc0, 0x20, 0xee, 0x0, 0x6, 0xef,
    0x90, 0x29, 0x0, 0x68,

    /* U+5910 "夐" */
    0x1, 0x0, 0x0, 0x6a, 0xac, 0xb, 0x0, 0x60,
    0x1e, 0xae, 0xac, 0x22, 0x9a, 0x20, 0xaa, 0xaa,
    0xc2, 0xaa, 0xab, 0xa, 0xaa, 0xac, 0x1f, 0xaa,
    0x90, 0x7e, 0xab, 0x45, 0x1e, 0xb4, 0x1a, 0xe5,
    0xad, 0x0, 0x0, 0x0,

    /* U+5938 "夸" */
    0x0, 0x0, 0x0, 0x0, 0x30, 0x0, 0x3f, 0xff,
    0xfc, 0x1, 0xc3, 0x0, 0x7, 0x42, 0xd0, 0x79,
    0xaa, 0xac, 0x25, 0x55, 0x58, 0x17, 0x55, 0x54,
    0x7, 0xff, 0xd0, 0x0, 0x0, 0x90, 0x0, 0x0,
    0xc0, 0x0, 0x3f, 0x80,

    /* U+59AF "妯" */
    0xc, 0x0, 0xc0, 0x30, 0x3, 0x3, 0xfa, 0xee,
    0xc6, 0x69, 0x33, 0x15, 0x64, 0xcc, 0x89, 0xbb,
    0xb3, 0x72, 0x4c, 0xc3, 0xc9, 0x33, 0xf, 0x64,
    0xcc, 0xa2, 0xbf, 0xf2, 0x2, 0x40, 0xc0, 0x0,
    0x0,

    /* U+59DB "姛" */
    0x0, 0x0, 0x0, 0x60, 0xff, 0xf1, 0x42, 0x0,
    0xef, 0xd8, 0x3, 0x26, 0x6b, 0xdc, 0x8c, 0x80,
    0x33, 0x32, 0xbc, 0xcc, 0x8a, 0x23, 0x1d, 0x28,
    0x8c, 0x38, 0x9f, 0x32, 0x2a, 0x0, 0xd4, 0x8,
    0x2e, 0x0, 0x0, 0x0,

    /* U+59DD "姝" */
    0xc, 0x4, 0xc0, 0xc, 0x18, 0xc0, 0x3f, 0xaf,
    0xfc, 0x19, 0xb0, 0xc0, 0x19, 0x40, 0xc0, 0x26,
    0xbf, 0xfe, 0x23, 0x3, 0xe0, 0x1f, 0xd, 0xe4,
    0xb, 0x28, 0xcc, 0x19, 0xe0, 0xc2, 0x30, 0x0,
    0xc0, 0x0, 0x0, 0x0,

    /* U+59E9 "姩" */
    0x0, 0x0, 0x0, 0x50, 0x60, 0x2, 0x42, 0xff,
    0xaf, 0xcc, 0x30, 0x32, 0x90, 0xc0, 0xcc, 0xff,
    0xe3, 0x33, 0xc, 0xd, 0x8c, 0x30, 0x1d, 0xbf,
    0xfc, 0x7c, 0x3, 0x3, 0x14, 0xc, 0x24, 0x0,
    0x30, 0x0, 0x0, 0x0,

    /* U+5A23 "娣" */
    0x0, 0x0, 0x0, 0x14, 0x8, 0x60, 0x24, 0x2e,
    0xf4, 0xbf, 0x3, 0x18, 0x33, 0x3, 0x8, 0x33,
    0x3f, 0xf8, 0x23, 0x23, 0x0, 0x76, 0x7f, 0xfc,
    0x1d, 0xf, 0xc, 0x1f, 0x37, 0xc, 0x31, 0xd3,
    0x74, 0x50, 0x43, 0x0,

    /* U+5A34 "娴" */
    0x0, 0x0, 0x0, 0x18, 0x27, 0xfc, 0x14, 0x0,
    0xc, 0x7f, 0x52, 0xc, 0x27, 0x66, 0x8c, 0x23,
    0x6b, 0x9c, 0x33, 0x63, 0x8c, 0x36, 0x6a, 0xdc,
    0x2d, 0x6a, 0x6c, 0xe, 0x62, 0x4c, 0x36, 0xa2,
    0x4c, 0x60, 0x60, 0x3c, 0x0, 0x0, 0x0,

    /* U+5A41 "婁" */
    0x1e, 0xbe, 0xb0, 0x18, 0x20, 0x30, 0x7e, 0xba,
    0xb8, 0x1e, 0xba, 0xa0, 0xa, 0xba, 0xa0, 0x19,
    0x75, 0x70, 0x5, 0xe5, 0x50, 0x6b, 0xea, 0xa8,
    0x7, 0x43, 0x40, 0x1, 0xff, 0x40, 0x3a, 0x40,
    0x68,

    /* U+5AED "嫭" */
    0x0, 0x0, 0x0, 0x20, 0x3, 0xa4, 0x20, 0x57,
    0x54, 0x7e, 0xd6, 0x5c, 0x32, 0xc7, 0xa8, 0x22,
    0xc7, 0x5c, 0x25, 0xc0, 0x64, 0x24, 0xce, 0xe4,
    0x2c, 0xc8, 0x94, 0x1e, 0xaa, 0xe8, 0x32, 0x40,
    0x80, 0x3, 0xb, 0x40, 0x0, 0x0, 0x0,

    /* U+5B2A "嬪" */
    0x0, 0x0, 0x0, 0x18, 0x3, 0x40, 0x14, 0x7a,
    0xad, 0x7f, 0x6a, 0xa9, 0x27, 0x1a, 0x68, 0x23,
    0x17, 0x90, 0x33, 0xba, 0xac, 0x36, 0x3a, 0xac,
    0x1d, 0x3a, 0xac, 0xe, 0x2a, 0xac, 0x35, 0x18,
    0xa4, 0x10, 0xa0, 0x1a,

    /* U+5B2B "嬫" */
    0x0, 0x0, 0x0, 0x18, 0x14, 0x30, 0x14, 0xa9,
    0xb8, 0x7f, 0x38, 0x74, 0x26, 0x99, 0xd8, 0x22,
    0xaa, 0xa8, 0x32, 0x80, 0xc, 0x36, 0x3, 0x0,
    0x1d, 0xaf, 0xe8, 0xf, 0xf, 0xd0, 0x35, 0xb2,
    0x28, 0x10, 0x42, 0x4,

    /* U+5BB8 "宸" */
    0x0, 0x0, 0x0, 0x0, 0x24, 0x0, 0x3f, 0xff,
    0xfc, 0x20, 0x0, 0x8, 0xf, 0xff, 0xf0, 0xc,
    0x55, 0x50, 0xd, 0x55, 0x50, 0xf, 0xff, 0xfc,
    0x8, 0x89, 0x24, 0x24, 0x83, 0xd0, 0x30, 0xec,
    0xb8, 0x11, 0x90, 0x4,

    /* U+5BD5 "寕" */
    0x0, 0x0, 0x0, 0x0, 0x30, 0x0, 0x3a, 0xaa,
    0xb8, 0x25, 0x55, 0x58, 0x5, 0x75, 0x40, 0x1e,
    0xef, 0xb0, 0x18, 0xc5, 0x30, 0xa, 0xaa, 0x90,
    0x6a, 0xaa, 0xa8, 0x0, 0x24, 0x0, 0x0, 0x24,
    0x0, 0x1, 0xf0, 0x0,

    /* U+5BEE "寮" */
    0x0, 0x0, 0x0, 0x0, 0x1c, 0x0, 0x3a, 0xaa,
    0xb8, 0x30, 0x18, 0x18, 0x6, 0xff, 0x90, 0x1e,
    0xc2, 0x70, 0x1f, 0xaa, 0xf4, 0x17, 0xaa, 0xd4,
    0x7, 0xaa, 0xc0, 0x1, 0xc, 0x40, 0x1e, 0xc,
    0xb4, 0x20, 0xb4, 0x8,

    /* U+5C7D "屽" */
    0x14, 0x0, 0x0, 0x50, 0xff, 0xc9, 0x70, 0x30,
    0x35, 0xc0, 0xc0, 0xd7, 0x3, 0x3, 0x5e, 0xff,
    0xed, 0x70, 0x30, 0x35, 0xc0, 0xc0, 0xeb, 0x3,
    0x2, 0xa4, 0xc, 0x0, 0x0, 0x30, 0x0,

    /* U+5D1F "崟" */
    0x18, 0x18, 0x14, 0x18, 0x18, 0x14, 0x1f, 0xff,
    0xf4, 0x0, 0x7d, 0x0, 0x7, 0x82, 0xd0, 0x3b,
    0xff, 0xed, 0x0, 0x14, 0x0, 0x1f, 0xff, 0xf4,
    0x5, 0x14, 0x50, 0x3, 0x14, 0xc0, 0x3f, 0xff,
    0xfc,

    /* U+5D31 "崱" */
    0x24, 0x20, 0x30, 0x90, 0x90, 0xc1, 0xaa, 0xaa,
    0x6, 0xa8, 0x8, 0x35, 0x73, 0x30, 0xea, 0xcc,
    0xc3, 0xab, 0x33, 0xd, 0x5c, 0xcc, 0x2a, 0xa2,
    0x30, 0x32, 0x0, 0xc7, 0x7, 0x2f, 0x0, 0x0,
    0x0,

    /* U+5D32 "崲" */
    0x0, 0x0, 0x0, 0x90, 0x18, 0x2, 0x47, 0xab,
    0x29, 0x98, 0xc, 0xa6, 0x7a, 0xb2, 0x99, 0x95,
    0xca, 0x61, 0x54, 0x29, 0xaf, 0xfc, 0xa6, 0x2,
    0x2, 0xa9, 0xff, 0xcf, 0xd0, 0x20, 0x0, 0x3f,
    0xfd,

    /* U+5D84 "嶄" */
    0x18, 0x14, 0x24, 0x1f, 0xff, 0xf4, 0x2, 0x0,
    0x0, 0x3f, 0xf6, 0xf8, 0x7, 0x52, 0x0, 0x27,
    0x73, 0x54, 0x2b, 0xb3, 0x74, 0x2b, 0xb2, 0x30,
    0x7, 0x45, 0x30, 0x2b, 0xa9, 0x30, 0x3, 0xc,
    0x30, 0x0, 0x0, 0x0,

    /* U+5D85 "嶅" */
    0x0, 0x0, 0x0, 0x6, 0x50, 0xc0, 0x17, 0x92,
    0xfd, 0x1b, 0xab, 0x8, 0x2b, 0xe9, 0xa4, 0xa,
    0x50, 0xf0, 0xc, 0x32, 0xe8, 0x31, 0x99, 0x8,
    0x4, 0x8, 0x4, 0xc, 0x8, 0x8, 0xe, 0xae,
    0xa8, 0x0, 0x0, 0x18,

    /* U+5D89 "嶉" */
    0x60, 0x50, 0x51, 0xff, 0xff, 0x40, 0x2, 0x10,
    0x1a, 0x18, 0xc0, 0xdc, 0xff, 0xf3, 0x3b, 0x5d,
    0x4c, 0xdd, 0x75, 0x33, 0x3a, 0xe8, 0xdc, 0xc3,
    0x1, 0xa3, 0xae, 0x80, 0xc, 0x0, 0x0,

    /* U+5E34 "帴" */
    0x0, 0x0, 0x0, 0x80, 0x8d, 0x2, 0x3, 0x6e,
    0x3f, 0xab, 0x64, 0xe6, 0xe, 0x93, 0x9a, 0xed,
    0xce, 0x65, 0x25, 0x39, 0x8c, 0xa8, 0xe6, 0xfd,
    0x92, 0xa4, 0x37, 0x42, 0x2, 0xf2, 0x48, 0x64,
    0x7c,

    /* U+5F43 "彃" */
    0x3f, 0x7b, 0xb8, 0x3, 0x67, 0x68, 0x3, 0x67,
    0x68, 0x3f, 0x7b, 0xb8, 0x30, 0x33, 0x30, 0x30,
    0xbb, 0xb8, 0x3f, 0x33, 0x30, 0x2, 0xab, 0xa8,
    0x2, 0x3, 0x0, 0x6, 0xab, 0xa8, 0x3c, 0x3,
    0x0, 0x0, 0x0, 0x0,

    /* U+5F47 "彇" */
    0x3e, 0x6b, 0xa8, 0x2, 0x57, 0x5c, 0x2, 0x57,
    0x6c, 0x2e, 0x6b, 0xa8, 0x30, 0x2, 0x0, 0x30,
    0xaa, 0x9c, 0x2e, 0x92, 0x1c, 0x2, 0xab, 0xac,
    0x6, 0xa6, 0x6c, 0x6, 0xca, 0x8c, 0x3f, 0x42,
    0xc, 0x0, 0x0, 0x0,

    /* U+5F67 "彧" */
    0x0, 0x0, 0x0, 0x0, 0x3, 0x30, 0x0, 0x3,
    0x14, 0x3f, 0xff, 0xfd, 0x0, 0x3, 0x20, 0x1f,
    0xd3, 0xc0, 0x18, 0x6f, 0x68, 0x18, 0x92, 0xd0,
    0xa, 0x9b, 0x9c, 0x0, 0x50, 0xe5, 0x3f, 0x9b,
    0xd9, 0x0, 0x24, 0x3c,

    /* U+5F7F "彿" */
    0x0, 0x0, 0x0, 0x2, 0x8, 0xc0, 0xd, 0xff,
    0xf8, 0x28, 0x8, 0xcc, 0x21, 0x8, 0xcc, 0xd,
    0xff, 0xf8, 0x2c, 0xc8, 0xc0, 0x7c, 0xff, 0xfc,
    0xc, 0x8, 0xc8, 0xc, 0x24, 0xcc, 0xc, 0x70,
    0xe4, 0xc, 0xc0, 0xc0, 0x0, 0x0, 0x0,

    /* U+5FD3 "忓" */
    0xc, 0x0, 0x0, 0xc, 0x7f, 0xfc, 0x2e, 0x2,
    0x0, 0x5d, 0x82, 0x0, 0x9c, 0x2, 0x0, 0x8c,
    0xff, 0xfc, 0x4c, 0x2, 0x0, 0xc, 0x2, 0x0,
    0xc, 0x2, 0x0, 0xc, 0x2, 0x0, 0xc, 0x2,
    0x0,

    /* U+608A "悊" */
    0x0, 0x0, 0x0, 0x17, 0x4f, 0xe4, 0x3f, 0xdc,
    0x0, 0x2, 0xc, 0x0, 0x1b, 0x9f, 0xfd, 0x17,
    0x18, 0x20, 0x6, 0x30, 0x20, 0x29, 0x10, 0x10,
    0x15, 0x4c, 0x20, 0x26, 0x48, 0x98, 0x32, 0x40,
    0x8c, 0x10, 0xff, 0x40,

    /* U+6095 "悕" */
    0xc, 0x20, 0x24, 0xc, 0xf, 0xd0, 0x2d, 0x2d,
    0xb4, 0x6e, 0x8, 0x4, 0x5c, 0xff, 0xfd, 0x8c,
    0x21, 0x0, 0xc, 0xbf, 0xf8, 0xd, 0xb2, 0xc,
    0xc, 0x32, 0x8, 0xc, 0x22, 0x78, 0xc, 0x2,
    0x0,

    /* U+60C1 "惁" */
    0x2, 0x0, 0x68, 0x17, 0x4e, 0x90, 0x1b, 0x4c,
    0x0, 0xf, 0x4f, 0xfd, 0x37, 0x9c, 0x30, 0x52,
    0x28, 0x30, 0x1, 0x10, 0x10, 0x5, 0x5c, 0x10,
    0x19, 0x89, 0x98, 0x31, 0x80, 0xcc, 0x10, 0xff,
    0x40,

    /* U+612D "愭" */
    0x8, 0xa, 0x4, 0xc, 0x1a, 0xa4, 0x2d, 0xaf,
    0xf9, 0x5e, 0x1a, 0x50, 0x5c, 0xfa, 0x48, 0x8c,
    0x1a, 0xa8, 0xc, 0x2a, 0xa4, 0xc, 0x20, 0x18,
    0xc, 0x3a, 0xa8, 0xc, 0x3a, 0xa8, 0xc, 0x20,
    0x18,

    /* U+6226 "戦" */
    0x12, 0x14, 0x90, 0x14, 0x70, 0x9c, 0x1f, 0xf4,
    0x84, 0x22, 0x5b, 0xf9, 0x2b, 0xf4, 0xc4, 0x22,
    0x54, 0xc8, 0x2f, 0xf4, 0xe0, 0x2, 0x40, 0xa0,
    0x3f, 0xf8, 0xd5, 0x2, 0x47, 0x69, 0x2, 0x44,
    0x2c, 0x0, 0x0, 0x0,

    /* U+6333 "挳" */
    0xc, 0xff, 0xfc, 0xc, 0x10, 0x44, 0x7f, 0x32,
    0x58, 0xc, 0x63, 0x30, 0xc, 0x96, 0x30, 0x1f,
    0x32, 0x58, 0x6c, 0x10, 0x44, 0xc, 0xbf, 0xfc,
    0xc, 0x3, 0x0, 0xc, 0xab, 0xa9, 0x3c, 0x0,
    0x0,

    /* U+6350 "捐" */
    0xc, 0x3f, 0xfc, 0xc, 0x30, 0xc, 0x3f, 0xba,
    0xac, 0xc, 0x5, 0x54, 0xc, 0x3f, 0xfc, 0x1f,
    0x30, 0x8, 0x6c, 0x3f, 0xfc, 0xc, 0x30, 0x8,
    0xc, 0x3f, 0xfc, 0xc, 0x30, 0x8, 0x3c, 0x30,
    0xbc, 0x0, 0x0, 0x0,

    /* U+63D2 "插" */
    0x0, 0x0, 0x0, 0xc, 0xbf, 0xa4, 0x1d, 0x3,
    0x0, 0x7f, 0x3, 0x0, 0xc, 0xff, 0xfc, 0xc,
    0x3, 0x0, 0x1e, 0xb7, 0x7c, 0x5c, 0xc3, 0xc,
    0xc, 0xfb, 0x7c, 0xc, 0xc3, 0xc, 0xc, 0xff,
    0xfc, 0x38, 0xc0, 0xc, 0x0, 0x0, 0x0,

    /* U+6434 "搴" */
    0x0, 0x0, 0x0, 0x0, 0x24, 0x0, 0x3a, 0xeb,
    0xac, 0x36, 0xd7, 0x5c, 0xa, 0xeb, 0xa0, 0x15,
    0xd7, 0x54, 0x17, 0x96, 0xd4, 0xe, 0xae, 0xa0,
    0x66, 0xae, 0x99, 0x2a, 0xae, 0xa8, 0x0, 0x18,
    0x0, 0x0, 0xf4, 0x0,

    /* U+6451 "摑" */
    0xc, 0xff, 0xfc, 0x33, 0x0, 0x33, 0xfd, 0x6a,
    0xc3, 0x35, 0x67, 0xc, 0xda, 0x6c, 0x7b, 0x8a,
    0x76, 0xcd, 0x9c, 0xc3, 0x36, 0xbb, 0xc, 0xc1,
    0x6c, 0x73, 0xff, 0xf2, 0x4c, 0x0, 0xc0,

    /* U+64B2 "撲" */
    0xc, 0x48, 0xc4, 0xc, 0x28, 0xd8, 0x7f, 0x6e,
    0xe8, 0xc, 0x8, 0x60, 0xd, 0xbf, 0xfc, 0x2d,
    0x3, 0x40, 0x1c, 0x2b, 0xa4, 0xc, 0xab, 0xe9,
    0xc, 0x7, 0x80, 0xc, 0x2c, 0xa0, 0x39, 0xe0,
    0x1d, 0x0, 0x0, 0x0,

    /* U+64B9 "撹" */
    0x0, 0x0, 0x0, 0xc, 0x23, 0x30, 0xc, 0x66,
    0x64, 0x3e, 0xd5, 0x5c, 0xc, 0x6a, 0xa4, 0xc,
    0x25, 0x70, 0xf, 0x3a, 0xb0, 0x6c, 0x3a, 0xb0,
    0xc, 0x3f, 0xf0, 0xc, 0xc, 0xc4, 0xc, 0x24,
    0xc8, 0x38, 0xd0, 0xfc, 0x0, 0x0, 0x0,

    /* U+6564 "敤" */
    0x3f, 0xf0, 0xc0, 0x33, 0x30, 0xe9, 0x3f, 0xf0,
    0xd4, 0x33, 0x30, 0xc0, 0x3f, 0xf7, 0xf8, 0x3,
    0x3, 0x8, 0x7f, 0xf2, 0x14, 0xf, 0x41, 0xb0,
    0x27, 0xa0, 0xe0, 0x63, 0x3, 0xb4, 0x3, 0xd,
    0x9, 0x0, 0x0, 0x0,

    /* U+65C7 "旇" */
    0x0, 0x0, 0x0, 0x8, 0x9, 0x0, 0x2f, 0x8f,
    0xfd, 0x29, 0x70, 0x0, 0x14, 0x1f, 0xfc, 0x1f,
    0x94, 0xc8, 0x15, 0x98, 0xc4, 0x15, 0x9f, 0xa8,
    0x25, 0x97, 0x14, 0x31, 0xa5, 0xb0, 0x31, 0x70,
    0xe0, 0x6f, 0xaa, 0x1c, 0x0, 0x0, 0x0,

    /* U+666B "晫" */
    0x0, 0xc, 0x3, 0xb0, 0x3f, 0xdc, 0xc0, 0xc0,
    0x33, 0x3f, 0xfc, 0xdc, 0xd5, 0x73, 0x73, 0x55,
    0xcc, 0xcf, 0xff, 0x33, 0x3, 0x0, 0xee, 0xff,
    0xf8, 0x0, 0x30, 0x0, 0x0, 0xc0, 0x0,

    /* U+669F "暟" */
    0x1, 0x8c, 0x33, 0xf6, 0x30, 0xcc, 0xcf, 0xff,
    0x33, 0x15, 0x54, 0xcd, 0x55, 0x53, 0xf3, 0xff,
    0x8c, 0xcc, 0x3, 0x33, 0x3f, 0xf8, 0xdc, 0x21,
    0xc1, 0x5a, 0xef, 0x90, 0x0, 0x0, 0x0,

    /* U+66B1 "暱" */
    0x51, 0xff, 0xf3, 0xf5, 0x0, 0xc, 0xd6, 0xee,
    0x33, 0x53, 0x20, 0xcd, 0x5a, 0x53, 0xb5, 0x75,
    0x4c, 0xd7, 0xe9, 0x33, 0x65, 0x18, 0xdd, 0x4a,
    0x91, 0x57, 0xaa, 0x90, 0x0, 0x0, 0x0,

    /* U+6748 "杈" */
    0xc, 0xbf, 0xfc, 0xc, 0x30, 0xc, 0x7f, 0x33,
    0x18, 0xc, 0x26, 0x64, 0x2d, 0x18, 0x70, 0x3f,
    0x4c, 0x60, 0x6c, 0x4a, 0xc0, 0x8c, 0x3, 0x80,
    0xc, 0xe, 0xd0, 0xc, 0x74, 0x38, 0xc, 0xc0,
    0x9, 0x0, 0x0, 0x0,

    /* U+6769 "杩" */
    0x9, 0x2f, 0xf0, 0x9, 0x0, 0x30, 0x3f, 0x8c,
    0x30, 0x9, 0xc, 0x30, 0xf, 0x18, 0x30, 0x2e,
    0x9f, 0xfc, 0x39, 0x0, 0x8, 0x19, 0x3f, 0xdc,
    0x9, 0x0, 0xc, 0x9, 0x0, 0xc, 0x9, 0x2,
    0xf4,

    /* U+677F "板" */
    0x9, 0x5, 0x68, 0x9, 0x3a, 0x40, 0x3f, 0xb0,
    0x0, 0xd, 0x3f, 0xf8, 0x1f, 0x39, 0x18, 0x2e,
    0xb6, 0x24, 0x39, 0x33, 0x30, 0x19, 0x31, 0xd0,
    0x9, 0x61, 0xd0, 0x9, 0xdb, 0x38, 0x9, 0x98,
    0xd, 0x0, 0x0, 0x0,

    /* U+67C7 "柇" */
    0x9, 0x0, 0x18, 0x9, 0x2f, 0xe4, 0x2e, 0x40,
    0x80, 0x1e, 0x1, 0x80, 0xe, 0x3f, 0xfd, 0x1f,
    0x87, 0xe0, 0x39, 0x4d, 0xb0, 0x59, 0x28, 0x8c,
    0x9, 0xa0, 0x86, 0x9, 0x0, 0x80, 0x9, 0x0,
    0x80,

    /* U+6848 "案" */
    0x0, 0x0, 0x0, 0x0, 0x1c, 0x0, 0x1f, 0xff,
    0xfc, 0x14, 0x50, 0x8, 0x3f, 0xff, 0xfd, 0x3,
    0x92, 0x80, 0x5, 0xbb, 0x90, 0x15, 0x4, 0x14,
    0x2f, 0xff, 0xfd, 0x1, 0xda, 0x80, 0x1e, 0x18,
    0x78, 0x20, 0x18, 0x5,

    /* U+68E4 "棤" */
    0x8, 0xc, 0x30, 0xc, 0x6e, 0xf8, 0x7f, 0xc,
    0x30, 0x1c, 0x5d, 0x74, 0x2d, 0x55, 0x54, 0x3f,
    0x2a, 0xa8, 0x5c, 0x30, 0x8, 0x4c, 0x3a, 0xa8,
    0xc, 0x30, 0x8, 0xc, 0x3f, 0xf8, 0xc, 0x30,
    0x8, 0x0, 0x0, 0x0,

    /* U+68F0 "棰" */
    0xc, 0x0, 0x54, 0xc, 0x7f, 0x94, 0x2e, 0x3,
    0x0, 0x1d, 0x7f, 0xf8, 0x1d, 0x33, 0x20, 0x2e,
    0xff, 0xfc, 0x5c, 0x33, 0x20, 0x4c, 0xbf, 0xfc,
    0xc, 0x3, 0x0, 0xc, 0x3, 0x0, 0xc, 0x7f,
    0xf8,

    /* U+6902 "椂" */
    0x8, 0x3f, 0xfc, 0x9, 0x0, 0xc, 0x3f, 0xaf,
    0xfc, 0xd, 0x0, 0xc, 0xf, 0x7f, 0xfe, 0x2e,
    0x90, 0xc0, 0x38, 0x24, 0xdc, 0x58, 0x7, 0xf0,
    0x8, 0x2c, 0xa8, 0x8, 0x90, 0x8a, 0x8, 0xf,
    0x40,

    /* U+6924 "椤" */
    0x9, 0x3f, 0xfc, 0x9, 0x33, 0x58, 0x3f, 0xb3,
    0x58, 0xd, 0x3f, 0xfc, 0x1e, 0x3, 0x0, 0x2a,
    0xcf, 0xf8, 0x39, 0x3c, 0x28, 0x19, 0x97, 0x70,
    0x9, 0x2, 0xc0, 0x9, 0x1e, 0x0, 0x9, 0xa0,
    0x0, 0x0, 0x0, 0x0,

    /* U+6940 "楀" */
    0x0, 0x0, 0x0, 0xc, 0xbb, 0xa4, 0xc, 0x3,
    0x0, 0x7f, 0x6b, 0xa8, 0xc, 0x53, 0xc, 0x1d,
    0x7f, 0xfc, 0x2e, 0x3, 0x0, 0x6c, 0xbf, 0xfc,
    0x4c, 0x83, 0x18, 0xc, 0x97, 0xf8, 0xc, 0x95,
    0x28, 0xc, 0x80, 0x3c,

    /* U+6979 "楹" */
    0xc, 0xbf, 0xf0, 0xc, 0x30, 0x60, 0x7f, 0x3a,
    0xac, 0x1c, 0x25, 0x88, 0x2e, 0x9f, 0xc, 0x3d,
    0xde, 0x68, 0x5c, 0x10, 0x10, 0x8c, 0xbf, 0xfc,
    0xc, 0x8c, 0xcc, 0xc, 0x8c, 0xcc, 0xe, 0xff,
    0xfd,

    /* U+6A09 "樉" */
    0x8, 0x3, 0x0, 0xc, 0xab, 0xa8, 0x7f, 0x47,
    0x58, 0xc, 0x37, 0x38, 0x2d, 0xab, 0x5c, 0x3f,
    0x57, 0x18, 0x6c, 0x37, 0x38, 0x4c, 0xab, 0xac,
    0xc, 0x9, 0xc0, 0xc, 0x28, 0x70, 0xc, 0xd0,
    0xc, 0x0, 0x0, 0x0,

    /* U+6ACE "櫎" */
    0x0, 0x0, 0x0, 0xc, 0x1, 0x40, 0xc, 0xff,
    0xfd, 0x2e, 0xc2, 0x30, 0x1c, 0xdb, 0xb8, 0x1d,
    0xeb, 0xb9, 0x2d, 0xca, 0xe4, 0x5c, 0xcd, 0x98,
    0xc, 0xcd, 0xe8, 0xc, 0x8e, 0xe8, 0xd, 0x86,
    0x20, 0xf, 0x34, 0x9, 0x0, 0x0, 0x0,

    /* U+6AD2 "櫒" */
    0xc, 0xc, 0x20, 0xc, 0xbf, 0xfd, 0x2e, 0x24,
    0x90, 0x1c, 0x3a, 0xec, 0x1c, 0xd9, 0x68, 0x2f,
    0x6d, 0x70, 0x5c, 0x61, 0x49, 0xc, 0xbf, 0xf8,
    0xc, 0x12, 0x10, 0xc, 0xa3, 0x18, 0xc, 0x4f,
    0x4,

    /* U+6B11 "欑" */
    0x8, 0x54, 0x60, 0xc, 0xea, 0xb8, 0x7e, 0xba,
    0xb9, 0xc, 0x58, 0xa1, 0x2d, 0x8a, 0x59, 0x3e,
    0x6a, 0xa4, 0x6c, 0x6a, 0xa8, 0x4c, 0x6a, 0xa8,
    0xc, 0x6a, 0xa8, 0xc, 0x18, 0x90, 0xd, 0xd0,
    0x1d, 0x0, 0x0, 0x0,

    /* U+6B22 "欢" */
    0x0, 0x8, 0x0, 0x3f, 0x8c, 0x0, 0x1, 0xcf,
    0xfc, 0x21, 0xa5, 0xc, 0x2a, 0x73, 0x24, 0xf,
    0x3, 0x0, 0x7, 0x3, 0x40, 0xf, 0x86, 0xc0,
    0x18, 0xdc, 0xa0, 0x30, 0x34, 0x38, 0x10, 0xd0,
    0x9, 0x0, 0x0, 0x0,

    /* U+6C36 "氶" */
    0xf, 0xff, 0xf0, 0x0, 0x1, 0xd0, 0x0, 0x7,
    0x40, 0x0, 0xc, 0x0, 0x3f, 0xdc, 0x2c, 0x1,
    0x5f, 0xe0, 0x3, 0x1a, 0x80, 0x9, 0x18, 0xe0,
    0x18, 0x18, 0x28, 0x30, 0x18, 0x9, 0x0, 0xf4,
    0x0,

    /* U+6CED "泭" */
    0x0, 0x0, 0x0, 0x14, 0x24, 0x30, 0xd, 0x30,
    0x30, 0x0, 0x77, 0xfd, 0x34, 0xf0, 0x30, 0xe,
    0xb2, 0x30, 0x0, 0x33, 0x30, 0x8, 0x31, 0x70,
    0xc, 0x30, 0x30, 0x18, 0x30, 0x30, 0x24, 0x30,
    0x30, 0x20, 0x32, 0xe0,

    /* U+6D47 "浇" */
    0x0, 0x0, 0x0, 0x34, 0x24, 0x0, 0xd, 0x7f,
    0xf8, 0x0, 0x5c, 0x24, 0x70, 0xb, 0xd4, 0x1c,
    0xbf, 0x8c, 0x0, 0x40, 0xa4, 0x9, 0xff, 0xfc,
    0xc, 0x21, 0x80, 0x18, 0x31, 0x84, 0x30, 0x61,
    0x88, 0x32, 0x80, 0xfc, 0x0, 0x0, 0x0,

    /* U+6D50 "浐" */
    0x0, 0x1, 0x0, 0x20, 0x3, 0x0, 0x1d, 0xff,
    0xfd, 0x0, 0x18, 0x70, 0x70, 0xc, 0x60, 0x1c,
    0xff, 0xfd, 0x0, 0xc0, 0x0, 0x8, 0xc0, 0x0,
    0x1c, 0xc0, 0x0, 0x25, 0x80, 0x0, 0x32, 0x40,
    0x0, 0x12, 0x0, 0x0,

    /* U+6D5C "浜" */
    0x0, 0x0, 0x0, 0x24, 0x16, 0xb8, 0xd, 0xb9,
    0x40, 0x0, 0x90, 0x0, 0x60, 0xbf, 0xfc, 0x1c,
    0xa0, 0x90, 0x0, 0x90, 0x90, 0x4, 0x90, 0x90,
    0x1a, 0xff, 0xfc, 0x24, 0x14, 0x80, 0x30, 0xa0,
    0x74, 0x22, 0x80, 0xc, 0x0, 0x0, 0x0,

    /* U+6D60 "浠" */
    0x14, 0x60, 0x28, 0xe, 0x1f, 0xe0, 0x1, 0x6d,
    0xb4, 0x30, 0x45, 0x8, 0x1d, 0xff, 0xfd, 0x0,
    0x25, 0x0, 0xc, 0xbf, 0xfc, 0xd, 0xb2, 0x4c,
    0x18, 0x32, 0x4c, 0x24, 0x32, 0x7c, 0x10, 0x2,
    0x40,

    /* U+6D63 "浣" */
    0x0, 0x0, 0x0, 0x24, 0x7, 0x0, 0xd, 0xff,
    0xfc, 0x0, 0xc0, 0xc, 0x70, 0x2a, 0xa4, 0x1c,
    0x0, 0x0, 0x0, 0x0, 0x0, 0x5, 0xff, 0xfc,
    0xc, 0x24, 0xc0, 0x18, 0x24, 0xc5, 0x30, 0x70,
    0xc9, 0x32, 0xc0, 0xfc, 0x0, 0x0, 0x0,

    /* U+6D7C "浼" */
    0x0, 0x0, 0x0, 0x10, 0x18, 0x0, 0x1d, 0x3f,
    0xf0, 0x1, 0xd0, 0xd0, 0x61, 0xff, 0xf8, 0x1c,
    0xc3, 0xc, 0x0, 0xc6, 0xc, 0x8, 0xff, 0xf8,
    0xc, 0xe, 0x40, 0x18, 0x1d, 0x45, 0x34, 0x71,
    0x85, 0x32, 0xc0, 0xfc, 0x0, 0x0, 0x0,

    /* U+6D93 "涓" */
    0x0, 0x0, 0x0, 0xa2, 0xff, 0xc0, 0xa9, 0x3,
    0x0, 0x2e, 0xac, 0x70, 0x0, 0x0, 0x72, 0xff,
    0xd0, 0xc, 0x1, 0x42, 0x3f, 0xfd, 0xc, 0xc0,
    0x14, 0xa3, 0xff, 0xd3, 0xc, 0x2, 0x48, 0x30,
    0x7c,

    /* U+6D98 "涘" */
    0x0, 0x4, 0x0, 0x10, 0xc, 0x0, 0xd, 0x30,
    0x30, 0x1, 0xff, 0xb4, 0x60, 0x20, 0x4, 0x2c,
    0x7a, 0xa4, 0x0, 0xc3, 0x0, 0x0, 0x43, 0x0,
    0xd, 0xff, 0xfc, 0x18, 0xb, 0x40, 0x30, 0x28,
    0xe0, 0x22, 0xd0, 0x2c, 0x0, 0x0, 0x0,

    /* U+6D9C "涜" */
    0x24, 0x3, 0x0, 0xd, 0xbf, 0xfd, 0x0, 0x3,
    0x0, 0x34, 0x15, 0x54, 0xd, 0xaa, 0xa9, 0x0,
    0xc0, 0x6, 0x8, 0x48, 0x81, 0xc, 0x8, 0x90,
    0x18, 0x14, 0x92, 0x24, 0x30, 0x93, 0x30, 0xd0,
    0x7d, 0x0, 0x0, 0x0,

    /* U+6DC7 "淇" */
    0x20, 0x50, 0x30, 0x1e, 0xff, 0xfc, 0x0, 0x50,
    0x30, 0x70, 0x7f, 0xf0, 0x1c, 0x50, 0x30, 0x0,
    0x7f, 0xf0, 0xc, 0x50, 0x30, 0xb, 0xff, 0xfd,
    0x24, 0x10, 0x40, 0x31, 0xe0, 0x74, 0x22, 0x40,
    0x8,

    /* U+6E36 "渶" */
    0x10, 0x30, 0x90, 0x29, 0xff, 0xfc, 0x8, 0x30,
    0x90, 0x40, 0x2, 0x0, 0x74, 0xff, 0xf4, 0x4,
    0xc2, 0x24, 0x0, 0xc2, 0x24, 0x1b, 0xff, 0xfc,
    0x30, 0xf, 0x40, 0x30, 0x38, 0xe0, 0x52, 0xd0,
    0x2c, 0x0, 0x0, 0x0,

    /* U+6E70 "湰" */
    0x0, 0x0, 0x0, 0x10, 0x24, 0x0, 0x28, 0xbf,
    0xf0, 0x6, 0xa9, 0x90, 0x91, 0x6a, 0xa4, 0x25,
    0xaa, 0xb4, 0x0, 0x0, 0x0, 0x0, 0xd6, 0x50,
    0x26, 0x97, 0x50, 0x30, 0xbf, 0xf0, 0x30, 0x2,
    0x0, 0x62, 0xff, 0xfc, 0x0, 0x0, 0x0,

    /* U+6FB6 "澶" */
    0x0, 0x0, 0x0, 0x20, 0x6, 0x0, 0x1d, 0xaa,
    0xa8, 0x0, 0xaa, 0xa8, 0x60, 0x99, 0x88, 0x1c,
    0x99, 0x88, 0x0, 0xaa, 0xa8, 0x8, 0xaa, 0xa0,
    0xc, 0xea, 0xa4, 0x18, 0xea, 0xb4, 0x30, 0x0,
    0x0, 0x32, 0xaa, 0xa9, 0x0, 0x0, 0x0,

    /* U+6FB9 "澹" */
    0x10, 0x18, 0x0, 0x28, 0x3a, 0xb0, 0x9, 0xd0,
    0x70, 0x2, 0xea, 0xf9, 0x31, 0xc9, 0x20, 0x1c,
    0xe5, 0x88, 0x0, 0xd5, 0x54, 0x4, 0xda, 0xa8,
    0x18, 0x9a, 0xa8, 0x25, 0x9a, 0xac, 0x32, 0x24,
    0xc, 0x22, 0x2a, 0xac, 0x0, 0x0, 0x0,

    /* U+6FEE "濮" */
    0x24, 0x96, 0x24, 0xd, 0xca, 0x28, 0x10, 0x9b,
    0xf9, 0x36, 0x82, 0x30, 0xb, 0x9b, 0xb8, 0x1,
    0x80, 0xc0, 0xc, 0x86, 0xd4, 0x8, 0x9a, 0xe9,
    0x14, 0x81, 0xd0, 0x20, 0x87, 0x38, 0x20, 0x98,
    0xa,

    /* U+7039 "瀹" */
    0x20, 0xf, 0x0, 0xc, 0x70, 0xd0, 0x3, 0xaa,
    0x9d, 0x62, 0x9a, 0x68, 0x1a, 0x2a, 0x88, 0x1,
    0x9a, 0x64, 0x9, 0xaa, 0xa4, 0x19, 0x55, 0x58,
    0x25, 0xff, 0xf8, 0x31, 0x55, 0x58, 0x21, 0x55,
    0xb4,

    /* U+704F "灏" */
    0x0, 0x0, 0x0, 0x36, 0xad, 0xfd, 0x6, 0xac,
    0x20, 0x2, 0xc, 0x64, 0x62, 0xad, 0xec, 0x34,
    0x61, 0x58, 0x2, 0xaa, 0x68, 0x16, 0xa9, 0x68,
    0x26, 0xad, 0x68, 0x31, 0x24, 0x70, 0x32, 0x18,
    0x88, 0x25, 0xd2, 0x5, 0x0, 0x0, 0x0,

    /* U+705E "灞" */
    0x0, 0x0, 0x0, 0x24, 0xab, 0xa8, 0xd, 0xab,
    0xa8, 0x1, 0x67, 0x69, 0x30, 0x67, 0x60, 0x18,
    0x88, 0x54, 0x1, 0xed, 0xdc, 0x8, 0x74, 0xec,
    0x9, 0xb9, 0x8c, 0x14, 0xb8, 0xec, 0x32, 0xba,
    0x8c, 0x20, 0x22, 0x28, 0x0, 0x0, 0x0,

    /* U+70B2 "炲" */
    0x0, 0x0, 0x0, 0x30, 0x18, 0x0, 0xc0, 0xc4,
    0x23, 0x66, 0x18, 0x5f, 0x70, 0x34, 0xb5, 0xfa,
    0xb1, 0xc0, 0x0, 0x3, 0x4f, 0xfc, 0xf, 0x30,
    0x20, 0x92, 0xc0, 0x87, 0x3, 0xff, 0x0, 0xc,
    0x8,

    /* U+70D8 "烘" */
    0xc, 0x18, 0x60, 0xc, 0x58, 0x60, 0x8f, 0xbf,
    0xfc, 0x5d, 0x18, 0x60, 0x2c, 0x18, 0x60, 0xc,
    0x18, 0x60, 0xc, 0xff, 0xfd, 0x1e, 0x4, 0x40,
    0x26, 0x68, 0x70, 0x70, 0xa0, 0x28, 0x40, 0x80,
    0x4,

    /* U+714E "煎" */
    0x0, 0x0, 0x0, 0x2, 0x42, 0x40, 0xbf, 0xff,
    0xfc, 0x0, 0x0, 0x10, 0x39, 0xa3, 0x20, 0x3a,
    0xe3, 0x20, 0x35, 0xa3, 0x20, 0x35, 0xa1, 0x30,
    0x22, 0xd2, 0xf0, 0x14, 0x44, 0x20, 0x30, 0xc6,
    0x24, 0x60, 0xc2, 0x8, 0x0, 0x0, 0x0,

    /* U+7161 "煡" */
    0xc, 0x0, 0x80, 0xc, 0xb6, 0xe8, 0x8e, 0x61,
    0xdc, 0x5e, 0x81, 0xdc, 0x5c, 0xf6, 0xec, 0xc,
    0x20, 0x80, 0xc, 0xa2, 0xe8, 0x1e, 0xa6, 0xe8,
    0x21, 0xb0, 0x80, 0x30, 0xde, 0xe8, 0x41, 0x0,
    0x0,

    /* U+7176 "煶" */
    0xc, 0x3f, 0xf8, 0xc, 0x30, 0x18, 0x5e, 0x7f,
    0xf8, 0x5e, 0x35, 0x68, 0x2c, 0x15, 0x50, 0xc,
    0xbf, 0xfc, 0xc, 0x12, 0x0, 0xe, 0x22, 0xf8,
    0x16, 0x72, 0x0, 0x20, 0xda, 0x0, 0x61, 0x47,
    0xfc, 0x0, 0x0, 0x0,

    /* U+71BA "熺" */
    0x8, 0x3, 0x0, 0xc, 0x6b, 0xa8, 0x8d, 0x6b,
    0xa8, 0x5e, 0x15, 0x50, 0x2c, 0x35, 0x64, 0x1c,
    0x3e, 0xf4, 0xc, 0x18, 0x60, 0xd, 0x55, 0x54,
    0x17, 0x7a, 0xb4, 0x20, 0x60, 0x14, 0x20, 0x7f,
    0xf4, 0x0, 0x0, 0x0,

    /* U+71BC "熼" */
    0xc, 0x7f, 0xf8, 0xc, 0x62, 0x8, 0x9e, 0x7b,
    0xb8, 0x5e, 0x62, 0x8, 0x2c, 0x3f, 0xf4, 0x1c,
    0x8, 0x50, 0xc, 0x7f, 0xf8, 0xd, 0x8, 0x50,
    0x1b, 0xaa, 0xa8, 0x30, 0x18, 0xa0, 0x60, 0xd0,
    0x1c, 0x0, 0x0, 0x0,

    /* U+7248 "版" */
    0x33, 0x5, 0xb8, 0x33, 0x3a, 0x40, 0x33, 0x30,
    0x0, 0x3f, 0xff, 0xf4, 0x30, 0x39, 0x24, 0x30,
    0x36, 0x30, 0x3f, 0x33, 0x30, 0x33, 0x32, 0xd0,
    0x33, 0x61, 0xc0, 0x63, 0x97, 0x70, 0x93, 0xac,
    0x1c, 0x0, 0x0, 0x0,

    /* U+7271 "牱" */
    0x2, 0x0, 0x0, 0x32, 0x2a, 0xbd, 0x3b, 0x80,
    0x8, 0x36, 0x1f, 0x88, 0x62, 0x24, 0x88, 0x2,
    0xa4, 0x88, 0x2f, 0x64, 0x88, 0x16, 0x1f, 0x88,
    0x2, 0x0, 0x8, 0x2, 0x0, 0x18, 0x2, 0x1,
    0xf4,

    /* U+72B1 "犱" */
    0x10, 0x4c, 0x0, 0x1b, 0x4c, 0x0, 0xd, 0x3f,
    0xf0, 0x39, 0xc, 0x30, 0x6, 0xc, 0x30, 0xf,
    0x6c, 0x30, 0x37, 0x1e, 0x30, 0x53, 0x1a, 0x70,
    0x3, 0x24, 0x32, 0x3, 0x60, 0x39, 0x3d, 0xc0,
    0x1c, 0x0, 0x0, 0x0,

    /* U+72B2 "犲" */
    0x20, 0x40, 0x30, 0x1b, 0x40, 0x30, 0xe, 0x3f,
    0xfd, 0x7a, 0x0, 0xf0, 0x3, 0x1, 0xb0, 0xf,
    0x3, 0x30, 0x26, 0x9, 0x30, 0x62, 0x28, 0x30,
    0x2, 0xb0, 0x30, 0x3, 0x0, 0x30, 0x3f, 0x3,
    0xe0,

    /* U+73DB "珛" */
    0x0, 0x0, 0x0, 0x15, 0x9, 0x0, 0x1d, 0x7f,
    0xfd, 0xc, 0x18, 0x0, 0xc, 0x34, 0x0, 0x1d,
    0x7a, 0xac, 0x1d, 0xf0, 0xc, 0xc, 0x7e, 0xac,
    0xc, 0x30, 0xc, 0x1f, 0x3f, 0xfc, 0x64, 0x30,
    0xc, 0x0, 0x30, 0xf8, 0x0, 0x0, 0x0,

    /* U+7455 "瑕" */
    0x0, 0xbd, 0xf8, 0x7f, 0x99, 0x8, 0xc, 0x99,
    0x8, 0xc, 0xbd, 0xf8, 0x2e, 0x90, 0x0, 0xc,
    0xbe, 0xfc, 0xc, 0x90, 0x88, 0xc, 0x90, 0xe4,
    0xe, 0xb8, 0x70, 0x64, 0x91, 0xe8, 0x0, 0x93,
    0x9, 0x0, 0x0, 0x0,

    /* U+7481 "璁" */
    0x0, 0x0, 0x0, 0x0, 0x3, 0x0, 0x6e, 0x7a,
    0xac, 0xc, 0x67, 0x9c, 0xc, 0x69, 0x9c, 0x2d,
    0x67, 0xcc, 0x2d, 0x68, 0xc, 0xc, 0x7f, 0xf8,
    0xc, 0xa, 0x4, 0x1f, 0x9c, 0x9c, 0x64, 0xcc,
    0x35, 0x0, 0xb, 0xd0,

    /* U+7487 "璇" */
    0x0, 0x50, 0x40, 0x3e, 0x31, 0x94, 0xc, 0xff,
    0xa8, 0xc, 0x82, 0x54, 0x2e, 0xb8, 0x68, 0xc,
    0x89, 0x24, 0xc, 0x8a, 0x3c, 0xc, 0x87, 0x20,
    0x2e, 0x97, 0xa0, 0x75, 0xb6, 0xe0, 0x2, 0x5,
    0x7d, 0x0, 0x0, 0x0,

    /* U+748B "璋" */
    0x0, 0x0, 0x0, 0x0, 0x3, 0x0, 0x7f, 0x7f,
    0xf8, 0xc, 0x8, 0x60, 0xc, 0xaa, 0xa8, 0x1d,
    0x15, 0x50, 0x2d, 0x35, 0x68, 0xc, 0x3a, 0xb8,
    0xc, 0x3a, 0xa8, 0x1f, 0x3, 0x40, 0x64, 0xff,
    0xfc, 0x0, 0x3, 0x0,

    /* U+74D2 "瓒" */
    0x0, 0x58, 0x60, 0x2e, 0xbe, 0xf9, 0xc, 0x48,
    0x60, 0xc, 0xbe, 0xfe, 0x2d, 0x29, 0x96, 0x1d,
    0x85, 0x45, 0xc, 0x3f, 0xf8, 0xc, 0x32, 0x48,
    0x1f, 0x23, 0x48, 0x10, 0x2d, 0xb4, 0x1, 0x90,
    0x9,

    /* U+74E8 "瓨" */
    0x0, 0x3f, 0xfd, 0x3f, 0x8c, 0x0, 0x8, 0xc,
    0x0, 0x8, 0xf, 0xf0, 0x8, 0x8, 0x30, 0x8,
    0x1a, 0x30, 0x8, 0x1a, 0x70, 0x9, 0x54, 0x70,
    0x2e, 0x64, 0x32, 0x0, 0x2a, 0x72, 0x0, 0x38,
    0x3d, 0x0, 0x0, 0x0,

    /* U+7535 "电" */
    0x0, 0xc0, 0x0, 0x3, 0x0, 0xb, 0xae, 0xac,
    0x20, 0x30, 0x30, 0xbf, 0xff, 0xc2, 0x3, 0x3,
    0x8, 0xc, 0xc, 0x2f, 0xff, 0xf0, 0x0, 0xc0,
    0x30, 0x3, 0x0, 0xc0, 0xb, 0xfe, 0x0, 0x0,
    0x0,

    /* U+7538 "甸" */
    0x0, 0x0, 0x0, 0x3, 0x40, 0x0, 0xb, 0xff,
    0xfc, 0x1c, 0x0, 0xc, 0x3f, 0xff, 0xc, 0x1c,
    0x33, 0xc, 0xc, 0x33, 0xc, 0xf, 0xff, 0xc,
    0xc, 0x33, 0xc, 0xf, 0xff, 0xc, 0x0, 0x0,
    0x1c, 0x0, 0x3, 0xf4,

    /* U+757E "畾" */
    0x3f, 0xff, 0xc3, 0x5, 0xc, 0x3f, 0xff, 0xc3,
    0x5, 0xc, 0x3f, 0xff, 0xc0, 0x0, 0x0, 0xee,
    0xab, 0xbd, 0xda, 0x77, 0xdd, 0xa7, 0x7e, 0xea,
    0xbb, 0x80, 0xa0, 0x30,

    /* U+75AF "疯" */
    0x0, 0x0, 0x0, 0x0, 0xc, 0x0, 0xf, 0xff,
    0xfd, 0x5c, 0x0, 0x0, 0x2c, 0xff, 0xf0, 0x3c,
    0xc0, 0x70, 0x1c, 0xda, 0x70, 0x7c, 0xcf, 0x30,
    0xc, 0xca, 0x30, 0x8, 0x9e, 0x76, 0x26, 0x70,
    0xad, 0x33, 0x0, 0x1c, 0x0, 0x0, 0x0,

    /* U+762F "瘯" */
    0x0, 0x0, 0x0, 0x0, 0xc, 0x0, 0xf, 0xff,
    0xfd, 0x5c, 0x82, 0x0, 0x2d, 0xa7, 0xfc, 0x2d,
    0x9e, 0x0, 0x1c, 0x93, 0xe8, 0xad, 0xb4, 0x80,
    0x9, 0x6a, 0xe8, 0x1a, 0x20, 0xd0, 0x22, 0x22,
    0x70, 0x36, 0xa9, 0xc, 0x0, 0x0, 0x0,

    /* U+76AF "皯" */
    0x3, 0x1, 0x54, 0x2b, 0xa6, 0xe8, 0x33, 0x30,
    0x80, 0x33, 0x10, 0x80, 0x3b, 0x90, 0x80, 0x35,
    0xaf, 0xfd, 0x38, 0x90, 0x80, 0x33, 0xc0, 0x80,
    0x33, 0xc0, 0x80, 0x6a, 0x60, 0x80, 0x64, 0x0,
    0x80,

    /* U+79F7 "秷" */
    0x0, 0x0, 0x0, 0x3f, 0x7f, 0xfd, 0x8, 0x3,
    0x0, 0x8, 0xd, 0x34, 0x3f, 0x6c, 0x1c, 0xe,
    0x15, 0x85, 0x1f, 0x0, 0x80, 0x2a, 0x80, 0x80,
    0x28, 0x3f, 0xfc, 0x58, 0x0, 0x80, 0x8, 0x0,
    0x80, 0x8, 0xbf, 0xfe,

    /* U+7AF4 "竴" */
    0x0, 0x0, 0x0, 0x14, 0x18, 0x90, 0x8, 0x6e,
    0xe8, 0xbf, 0x48, 0x80, 0x11, 0x6e, 0xe8, 0x23,
    0x64, 0xa8, 0x32, 0x6a, 0xa8, 0x36, 0x6a, 0xa8,
    0x19, 0x0, 0x30, 0xe, 0xba, 0xb9, 0xb9, 0x28,
    0x30, 0x0, 0x5, 0xe0,

    /* U+7B05 "笅" */
    0x0, 0x0, 0x0, 0x9, 0x3, 0x0, 0xf, 0xfb,
    0xfd, 0x35, 0x8c, 0x20, 0x19, 0x4, 0x60, 0x2,
    0xe7, 0xd0, 0x1, 0xbf, 0x40, 0x1e, 0x40, 0xb4,
    0x1, 0xc3, 0x40, 0x0, 0x7d, 0x0, 0x2, 0xeb,
    0x80, 0x29, 0x0, 0x6c, 0x0, 0x0, 0x0,

    /* U+7B0C "笌" */
    0x0, 0x0, 0x0, 0x6, 0x2, 0x40, 0xf, 0xf7,
    0xfc, 0x31, 0x8c, 0x90, 0x10, 0x44, 0x10, 0x2f,
    0xff, 0xfc, 0xc, 0x1, 0x80, 0x1f, 0xff, 0xfc,
    0x0, 0x29, 0x80, 0x0, 0xe1, 0x80, 0xb, 0x41,
    0x80, 0x24, 0x2f, 0x40,

    /* U+7BB7 "箷" */
    0x9, 0x2, 0x0, 0xf, 0xf7, 0xfd, 0x31, 0x4c,
    0x60, 0x19, 0x49, 0x10, 0x1a, 0x4e, 0xa9, 0x2e,
    0xa9, 0x54, 0x8, 0x30, 0xc0, 0xe, 0x9e, 0xec,
    0x14, 0xa8, 0xcc, 0x14, 0x88, 0xe4, 0x31, 0x88,
    0x6, 0x6b, 0x4b, 0xfc, 0x0, 0x0, 0x0,

    /* U+7C2C "簬" */
    0x8, 0x2, 0x0, 0x1f, 0xab, 0xe8, 0x21, 0x48,
    0x80, 0x0, 0x4, 0x0, 0x3f, 0xcf, 0xa4, 0x30,
    0xed, 0x70, 0x3f, 0xd3, 0xc0, 0x2, 0x2d, 0x68,
    0x33, 0x8a, 0xa0, 0x32, 0xc, 0x30, 0x32, 0xc,
    0x30, 0x65, 0xf, 0xf0,

    /* U+7C8E "粎" */
    0x19, 0x5f, 0xfc, 0x29, 0xd8, 0xc, 0x3a, 0x98,
    0xc, 0x9, 0x18, 0xc, 0x7f, 0xdf, 0xfc, 0xe,
    0x18, 0xc0, 0x2f, 0x54, 0xc0, 0x39, 0xe4, 0x90,
    0x59, 0x30, 0x30, 0x9, 0x60, 0x18, 0x9, 0xc0,
    0x5, 0x0, 0x0, 0x0,

    /* U+7CAF "粯" */
    0x15, 0x7f, 0xfc, 0x35, 0xe0, 0xc, 0x2a, 0xaf,
    0xfc, 0x5, 0x24, 0x1c, 0x3f, 0xa5, 0x6c, 0xe,
    0x25, 0x5c, 0x1f, 0xaf, 0xfc, 0x39, 0x48, 0xc0,
    0x65, 0xc, 0xc3, 0x5, 0x28, 0xc3, 0x5, 0xa0,
    0xbe, 0x0, 0x0, 0x0,

    /* U+7CBA "粺" */
    0x0, 0x0, 0x0, 0x9, 0x1, 0x40, 0x29, 0xef,
    0xfc, 0x3a, 0xa0, 0x8c, 0x9, 0x2f, 0xfc, 0x2f,
    0x61, 0x8c, 0xe, 0x2b, 0xec, 0x1f, 0x47, 0x0,
    0x39, 0x8c, 0xc0, 0x59, 0x7f, 0xfd, 0x9, 0x0,
    0xc0, 0x9, 0x0, 0xc0,

    /* U+7D85 "綅" */
    0x4, 0x0, 0x0, 0xc, 0x2a, 0xb8, 0x15, 0x45,
    0x68, 0x33, 0x5, 0x58, 0x6e, 0x2f, 0xf8, 0xe,
    0x15, 0x54, 0x26, 0x75, 0x59, 0x79, 0xbf, 0xf8,
    0x19, 0x4c, 0x30, 0x58, 0x83, 0xc0, 0x88, 0x9a,
    0xb4, 0x0, 0x50, 0x4,

    /* U+7D8D "綍" */
    0x0, 0x0, 0x0, 0x8, 0x1, 0x80, 0x8, 0x2f,
    0xfc, 0x32, 0x41, 0x80, 0x7a, 0x3f, 0xfc, 0x1d,
    0x30, 0x8, 0x25, 0x4f, 0xf4, 0x7a, 0x80, 0x90,
    0x19, 0x7f, 0xfd, 0x69, 0x81, 0x80, 0x98, 0x81,
    0x80, 0x40, 0xb, 0x40,

    /* U+7D94 "綔" */
    0x0, 0x0, 0x0, 0x2, 0x1, 0x68, 0x3f, 0xea,
    0xd0, 0xd, 0x2, 0x14, 0x24, 0xca, 0x70, 0x2f,
    0x95, 0xd0, 0x15, 0x42, 0x58, 0x29, 0x4e, 0xe8,
    0x1f, 0xc1, 0xd4, 0x0, 0xc9, 0xcc, 0x0, 0xcc,
    0xc9, 0xb, 0x47, 0xc0, 0x0, 0x0, 0x0,

    /* U+7DF5 "緵" */
    0x4, 0x4, 0x10, 0xc, 0x37, 0xdc, 0x8, 0x73,
    0xcc, 0x26, 0x38, 0x2c, 0x7a, 0x3f, 0xfc, 0x9,
    0x8, 0x10, 0x1a, 0x7a, 0x1c, 0x3a, 0x8f, 0xf4,
    0x25, 0x6c, 0x30, 0x39, 0x93, 0xc0, 0x69, 0x8b,
    0xd0, 0x0, 0x64, 0x1c,

    /* U+7E43 "繃" */
    0x0, 0x0, 0x0, 0xc, 0x33, 0xc, 0x19, 0x37,
    0x5c, 0x33, 0x15, 0x54, 0x7d, 0x3c, 0xfc, 0xd,
    0x25, 0xc8, 0x27, 0x7d, 0xec, 0x3a, 0xa5, 0xc8,
    0x26, 0x3d, 0xec, 0x2a, 0x65, 0x88, 0x5d, 0xd6,
    0x48, 0x0, 0xcf, 0x2c, 0x0, 0x0, 0x0,

    /* U+7E56 "繖" */
    0x0, 0x0, 0x0, 0x8, 0x25, 0x20, 0x14, 0xbf,
    0x50, 0x22, 0x25, 0xbd, 0x7d, 0xbe, 0xc8, 0x9,
    0x1, 0xc8, 0x27, 0x7e, 0x58, 0x3a, 0xa6, 0x34,
    0x15, 0x56, 0x30, 0x1a, 0xba, 0x74, 0x59, 0x92,
    0xcc, 0x44, 0x5b, 0x45, 0x0, 0x0, 0x0,

    /* U+7E5B "繛" */
    0x3, 0x0, 0x80, 0x2b, 0x90, 0xfd, 0x1b, 0x90,
    0xc0, 0x3, 0xb, 0xfc, 0x2f, 0xe9, 0x5c, 0x1d,
    0x8a, 0xac, 0x1a, 0x4b, 0xfc, 0x3f, 0xe0, 0xc0,
    0x16, 0x5f, 0xfe, 0x32, 0x60, 0xc0, 0x1a, 0x10,
    0xc0, 0x0, 0x0, 0x0,

    /* U+7EC0 "绀" */
    0x0, 0x0, 0x0, 0x5, 0x18, 0x14, 0xc, 0x18,
    0x14, 0x18, 0xbf, 0xfe, 0x37, 0x58, 0x14, 0x3b,
    0x18, 0x14, 0xd, 0x19, 0x64, 0x1d, 0x9e, 0xb4,
    0x29, 0x18, 0x14, 0x1, 0x98, 0x14, 0x39, 0x1f,
    0xf4, 0x0, 0x18, 0x14,

    /* U+7ECC "绌" */
    0x5, 0x2, 0x0, 0xc, 0x32, 0xc, 0x15, 0xb2,
    0xc, 0x3b, 0x32, 0xc, 0x1a, 0x3f, 0xfc, 0xc,
    0x2, 0x0, 0x29, 0x62, 0x8, 0x25, 0x32, 0xc,
    0x1, 0x72, 0xc, 0x79, 0x3f, 0xfc, 0x0, 0x0,
    0xc,

    /* U+7EE0 "绠" */
    0x4, 0x0, 0x0, 0xc, 0xbf, 0xfc, 0x18, 0x3,
    0x0, 0x33, 0x7f, 0xf8, 0x7a, 0x63, 0x18, 0x5c,
    0x7f, 0xf8, 0x18, 0x63, 0x18, 0x3a, 0x7f, 0xf8,
    0x64, 0x13, 0x0, 0x2, 0x2e, 0x0, 0xb9, 0x6f,
    0xe4, 0x0, 0x90, 0x18,

    /* U+7EFE "绾" */
    0x0, 0x0, 0x0, 0x6, 0x1, 0xc0, 0xc, 0x3f,
    0xfe, 0x18, 0xb0, 0x6, 0x3b, 0x6f, 0xfc, 0x2b,
    0x18, 0xc, 0xc, 0x1f, 0xfc, 0x1e, 0x98, 0x0,
    0x24, 0x1f, 0xfc, 0x0, 0x58, 0x8, 0x3e, 0x5e,
    0xac, 0x0, 0x18, 0x8, 0x0, 0x0, 0x0,

    /* U+7F01 "缁" */
    0x0, 0x0, 0x0, 0x5, 0x15, 0x8c, 0xc, 0x33,
    0x18, 0x18, 0xa2, 0x30, 0x3b, 0x32, 0x58, 0x2a,
    0x4, 0x88, 0xc, 0x3f, 0xfc, 0x2e, 0x72, 0xc,
    0x14, 0x3f, 0xfc, 0x6, 0x72, 0xc, 0x79, 0x3b,
    0xec, 0x0, 0x30, 0xc,

    /* U+7F03 "缃" */
    0x0, 0x0, 0x0, 0x30, 0xcf, 0xf1, 0x47, 0x70,
    0xcc, 0xbf, 0xc3, 0x7d, 0x33, 0xac, 0x32, 0xdc,
    0x31, 0x4f, 0xf0, 0xce, 0xac, 0xff, 0x21, 0x33,
    0xc, 0x14, 0xcc, 0x37, 0x83, 0x3f, 0xc0, 0xc,
    0xc2,

    /* U+7F13 "缓" */
    0x8, 0x0, 0x54, 0xc, 0x7a, 0xa4, 0x25, 0x23,
    0x14, 0x33, 0x21, 0x30, 0x7a, 0x7f, 0xfc, 0x5c,
    0x1d, 0x54, 0x14, 0x69, 0x54, 0x3e, 0x2f, 0xf4,
    0x10, 0x28, 0x30, 0x1f, 0xc3, 0xc0, 0x52, 0x9a,
    0xb4, 0x1, 0x20, 0x4,

    /* U+8151 "腑" */
    0x0, 0x0, 0x80, 0x2f, 0x0, 0xc0, 0x23, 0x3f,
    0xfd, 0x23, 0x31, 0x0, 0x27, 0x33, 0xc, 0x27,
    0x36, 0xbe, 0x23, 0x3e, 0xc, 0x3f, 0x32, 0x8c,
    0x33, 0x32, 0x2c, 0x33, 0x62, 0xc, 0x23, 0x92,
    0xc, 0x5b, 0x82, 0x78, 0x0, 0x0, 0x0,

    /* U+8679 "虹" */
    0x5, 0x0, 0x0, 0x5, 0xf, 0xfc, 0x3f, 0xc0,
    0xc0, 0x35, 0x80, 0xc0, 0x35, 0x80, 0xc0, 0x3f,
    0xc0, 0xc0, 0x6, 0x0, 0xc0, 0x5, 0xc0, 0xc0,
    0x6, 0xc0, 0xc0, 0x79, 0xaf, 0xfd, 0x0, 0x0,
    0x0,

    /* U+89C4 "规" */
    0x9, 0x2f, 0xfc, 0x9, 0x20, 0xc, 0x3f, 0xa1,
    0xc, 0x9, 0x22, 0xc, 0x9, 0x22, 0xc, 0x7f,
    0xe3, 0xc, 0xc, 0x13, 0x8, 0xe, 0x3, 0xc0,
    0x19, 0x89, 0xc2, 0x24, 0x25, 0xc6, 0x70, 0xa0,
    0xfd, 0x0, 0x0, 0x0,

    /* U+89E6 "触" */
    0x0, 0x0, 0x0, 0xc, 0x0, 0xc0, 0x1f, 0xc0,
    0xc0, 0x31, 0x8f, 0xfc, 0x7f, 0xec, 0xcc, 0x33,
    0x6c, 0xcc, 0x3f, 0xed, 0xdc, 0x33, 0x66, 0xe8,
    0x3f, 0xe0, 0xc4, 0x33, 0x60, 0xcc, 0x22, 0x66,
    0xfc, 0x50, 0xda, 0x45, 0x0, 0x0, 0x0,

    /* U+8BB3 "讳" */
    0x14, 0x6, 0x0, 0xc, 0xbf, 0xfc, 0x4, 0xa,
    0x0, 0x0, 0x6, 0x0, 0x7c, 0xbf, 0xf8, 0xc,
    0x6, 0x0, 0xc, 0xff, 0xfc, 0xc, 0x6, 0xc,
    0xe, 0x46, 0x1c, 0xe, 0x6, 0xa4, 0x4, 0x6,
    0x0,

    /* U+8D1F "负" */
    0x0, 0x0, 0x0, 0x1, 0x80, 0x0, 0x3, 0xff,
    0xc0, 0x1c, 0x3, 0x40, 0x3f, 0xff, 0xf0, 0xc,
    0x0, 0x30, 0xc, 0x34, 0x30, 0xc, 0x30, 0x30,
    0xc, 0x34, 0x30, 0x0, 0xeb, 0x40, 0x1f, 0x40,
    0xb4, 0x24, 0x0, 0x4,

    /* U+8E6D "蹭" */
    0x0, 0x8, 0x10, 0x3f, 0x89, 0x30, 0x30, 0xbf,
    0xfc, 0x30, 0xb4, 0x99, 0x3f, 0xb5, 0xa5, 0x6,
    0x3a, 0xed, 0x26, 0x0, 0x0, 0x37, 0x9f, 0xf8,
    0x36, 0x18, 0x1c, 0x36, 0x59, 0x6c, 0x7e, 0x5e,
    0xac, 0x0, 0x18, 0xc,

    /* U+8FA9 "辩" */
    0x0, 0x0, 0x0, 0xc, 0x30, 0x20, 0x3f, 0x9a,
    0xfd, 0x22, 0x0, 0x88, 0x23, 0x74, 0xc8, 0x3f,
    0x9a, 0xed, 0xc, 0x18, 0x70, 0xc, 0x18, 0x20,
    0x3f, 0xda, 0xfc, 0xc, 0x18, 0x20, 0x18, 0x1c,
    0x20, 0x30, 0x0, 0x20, 0x0, 0x0, 0x0,

    /* U+90F4 "郴" */
    0xc, 0x30, 0xfc, 0xc, 0x30, 0xcc, 0x3f, 0xfc,
    0xc8, 0x1c, 0x30, 0xd4, 0x2d, 0x74, 0xd4, 0x2d,
    0xbd, 0xcc, 0x5c, 0xb0, 0xc8, 0x4d, 0x70, 0xc8,
    0xc, 0x30, 0xec, 0xc, 0x30, 0xc0, 0xc, 0x30,
    0xc0, 0x0, 0x0, 0x0,

    /* U+9286 "銆" */
    0x5, 0x0, 0x0, 0xb, 0x1f, 0xfd, 0x18, 0xc1,
    0x80, 0x30, 0x51, 0x40, 0x7f, 0x8f, 0xfc, 0x6,
    0xc, 0xc, 0x3f, 0xcc, 0xc, 0x16, 0x4f, 0xfc,
    0x36, 0xcc, 0xc, 0x16, 0x4c, 0xc, 0x2f, 0xdf,
    0xfc, 0x24, 0xc, 0xc, 0x0, 0x0, 0x0,

    /* U+934C "鍌" */
    0x14, 0x53, 0x0, 0x5, 0xeb, 0xa0, 0x28, 0xeb,
    0xa8, 0x5, 0x24, 0x84, 0xd, 0x90, 0xec, 0x30,
    0x59, 0x0, 0x6f, 0xab, 0xf8, 0x51, 0x69, 0x4,
    0xb, 0xbe, 0xe0, 0x3, 0x25, 0x80, 0x2a, 0xaa,
    0xa8,

    /* U+934F "鍏" */
    0x0, 0x0, 0x0, 0x9, 0x2, 0x0, 0xf, 0x4b,
    0xb8, 0x20, 0x97, 0x58, 0x3f, 0x55, 0x55, 0x8,
    0x1e, 0xa8, 0x3f, 0x99, 0x5c, 0x18, 0x85, 0xd0,
    0x29, 0xaa, 0xe9, 0x1a, 0x24, 0xc0, 0x1f, 0xda,
    0xe9, 0x10, 0x0, 0xc0,

    /* U+9351 "鍑" */
    0x0, 0x0, 0x0, 0x9, 0x8, 0x0, 0xb, 0x5f,
    0xfd, 0x20, 0xb5, 0x54, 0x3f, 0x4d, 0x5c, 0x8,
    0xe, 0xac, 0x3f, 0x8e, 0xac, 0x18, 0x89, 0x0,
    0x29, 0x8e, 0xbc, 0x19, 0x3a, 0x30, 0x1f, 0x87,
    0xe0, 0x10, 0x38, 0x19,

    /* U+9352 "鍒" */
    0x4, 0x0, 0x0, 0xe, 0xf, 0xfc, 0x16, 0x82,
    0x24, 0x30, 0x86, 0xe4, 0x2f, 0x5b, 0xed, 0x8,
    0xa, 0x5c, 0x3f, 0xa5, 0xc0, 0x18, 0x40, 0xc0,
    0x29, 0xab, 0xf9, 0x19, 0x6, 0xe0, 0x1f, 0xa8,
    0xcd, 0x10, 0x10, 0xc1,

    /* U+9353 "鍓" */
    0x4, 0x0, 0x0, 0xe, 0xe, 0xac, 0xa, 0x8c,
    0xc, 0x30, 0x8f, 0xfc, 0x7f, 0x45, 0x54, 0x8,
    0x1d, 0x6d, 0x3f, 0x8e, 0xa8, 0x18, 0x8c, 0x18,
    0x29, 0x8e, 0xb8, 0x2a, 0x48, 0x8, 0x1e, 0xae,
    0xbd, 0x24, 0x0, 0x8,

    /* U+9354 "鍔" */
    0x4, 0x0, 0x0, 0xa, 0x3b, 0x7c, 0xa, 0x72,
    0x48, 0x30, 0xbb, 0x6c, 0x7f, 0x55, 0x14, 0x9,
    0x1a, 0xa4, 0x3f, 0x80, 0x0, 0x19, 0x9e, 0xa8,
    0x29, 0x8e, 0xa4, 0x19, 0x40, 0x18, 0x1f, 0xc0,
    0x24, 0x24, 0x3, 0xf0,

    /* U+9357 "鍗" */
    0x0, 0x0, 0x0, 0x9, 0x0, 0xc0, 0xb, 0x6f,
    0xfd, 0x20, 0xc5, 0x20, 0x3a, 0x46, 0x30, 0x9,
    0x2a, 0xad, 0x2e, 0xa0, 0xc1, 0x18, 0x4f, 0xf8,
    0x29, 0x88, 0xcc, 0x19, 0x8, 0xcc, 0x2f, 0xc8,
    0xe8, 0x10, 0x0, 0xc0,

    /* U+9359 "鍙" */
    0x0, 0x0, 0x0, 0x19, 0x18, 0xa0, 0x11, 0x69,
    0xa4, 0x1c, 0xbe, 0xf8, 0x1, 0x14, 0x50, 0x1d,
    0xe4, 0x28, 0x21, 0xea, 0x44, 0x2f, 0x96, 0xf8,
    0x0, 0x28, 0x0, 0xb, 0xbe, 0xe0, 0x2, 0x14,
    0x80, 0x2b, 0xff, 0xe8,

    /* U+935A "鍚" */
    0x1, 0x0, 0x0, 0xb, 0xe, 0xac, 0x9, 0xcd,
    0x5c, 0x20, 0x4d, 0x5c, 0x2f, 0x4e, 0xac, 0x9,
    0x0, 0x0, 0x2f, 0x9e, 0x54, 0x29, 0x8f, 0xa8,
    0x2a, 0xb3, 0x54, 0x1a, 0x4c, 0x84, 0x3e, 0x66,
    0x88, 0x0, 0x6, 0x20,

    /* U+9365 "鍥" */
    0x0, 0x0, 0x0, 0xa, 0xc, 0xbe, 0xa, 0x6f,
    0x22, 0x30, 0x9d, 0x25, 0x3f, 0x1d, 0x55, 0xc,
    0x2e, 0xc5, 0x3f, 0x8c, 0xac, 0x1c, 0x84, 0x80,
    0x2e, 0x6f, 0xfe, 0x1d, 0x2, 0xd0, 0x3f, 0x9e,
    0x28, 0x0, 0xa0, 0x6,

    /* U+9366 "鍦" */
    0x0, 0x0, 0x0, 0x8, 0x30, 0xc0, 0x1d, 0x35,
    0xe8, 0x22, 0xab, 0x64, 0x7a, 0x52, 0x20, 0x8,
    0x79, 0xbd, 0x3e, 0x5a, 0xa5, 0x9, 0x59, 0x64,
    0x2a, 0x89, 0x7c, 0x19, 0x89, 0x65, 0xe, 0x89,
    0x42, 0x6a, 0x74, 0xfd, 0x0, 0x0, 0x0,

    /* U+93AD "鎭" */
    0x0, 0x0, 0x0, 0x6, 0x19, 0xa4, 0xe, 0x5d,
    0x5, 0x24, 0x8a, 0xa8, 0x3f, 0x52, 0xa8, 0x5,
    0x33, 0x5c, 0x3f, 0xb3, 0x5c, 0x15, 0x73, 0xac,
    0x25, 0xb2, 0xa8, 0xa, 0x2a, 0xa9, 0x2f, 0x86,
    0x24, 0x10, 0x24, 0x5,

    /* U+93B4 "鎴" */
    0x0, 0x0, 0x0, 0xa, 0x1, 0x40, 0xe, 0x4f,
    0xf8, 0x20, 0x9d, 0x58, 0x7f, 0x8d, 0x68, 0x5,
    0xe, 0xa8, 0x3f, 0x88, 0x8, 0x15, 0x4f, 0xf8,
    0x35, 0x80, 0x80, 0x2a, 0x56, 0x98, 0xa, 0xa6,
    0x25, 0x69, 0x23, 0xa1, 0x0, 0x0, 0x0,

    /* U+93B7 "鎷" */
    0x4, 0x0, 0x0, 0xe, 0x1f, 0xfc, 0x15, 0x94,
    0xc0, 0x30, 0x5f, 0xfc, 0x2f, 0x54, 0xc0, 0x8,
    0x1f, 0xf8, 0x3f, 0xd4, 0xc0, 0x18, 0x5f, 0xfc,
    0x29, 0x95, 0x58, 0x19, 0x25, 0xac, 0x1f, 0xf1,
    0x4c, 0x10, 0x10, 0xb8,

    /* U+93B8 "鎸" */
    0x0, 0x0, 0x0, 0x9, 0xc, 0xc0, 0xb, 0x5e,
    0xe8, 0x30, 0x79, 0xd4, 0x2f, 0x69, 0xd0, 0x9,
    0x1e, 0xe4, 0x2e, 0x9e, 0xe8, 0x19, 0x80, 0x0,
    0x29, 0xaf, 0xb0, 0x29, 0x8, 0x2c, 0x1f, 0xdc,
    0x8, 0x14, 0x70, 0xb8, 0x0, 0x0, 0x0,

    /* U+93B9 "鎹" */
    0x0, 0x0, 0x0, 0xc, 0x42, 0x20, 0x1b, 0x61,
    0x70, 0x30, 0x67, 0xf8, 0x7f, 0x0, 0x80, 0xc,
    0xb1, 0xd4, 0x7f, 0x36, 0xe8, 0x1c, 0x30, 0xd0,
    0x2d, 0x32, 0x70, 0x2d, 0x3a, 0xc, 0x1f, 0xbc,
    0x0, 0x64, 0x87, 0xfc, 0x0, 0x0, 0x0,

    /* U+93BB "鎻" */
    0x0, 0x0, 0x0, 0xd, 0x15, 0x88, 0x1b, 0x73,
    0x64, 0x30, 0x88, 0xc8, 0x7f, 0x1a, 0xa8, 0xc,
    0x25, 0x5c, 0x3f, 0xaf, 0xfc, 0x1c, 0xa9, 0x5c,
    0x2e, 0x65, 0x5c, 0x1d, 0x1f, 0xfc, 0x2f, 0x8a,
    0x34, 0x10, 0x74, 0x9, 0x0, 0x0, 0x0,

    /* U+93C1 "鏁" */
    0x0, 0x0, 0x0, 0xc, 0x8, 0x88, 0x1b, 0x72,
    0x64, 0x20, 0x8c, 0x88, 0x2f, 0x2a, 0xec, 0xc,
    0x2a, 0xec, 0x3f, 0xa5, 0xcc, 0x1c, 0x5a, 0xe4,
    0x2e, 0x7f, 0xfd, 0x1d, 0x6, 0xe0, 0x2f, 0xe8,
    0x8c, 0x10, 0x50, 0x81,

    /* U+93C2 "鏂" */
    0x4, 0x0, 0x0, 0xd, 0x3f, 0xfd, 0x16, 0x30,
    0x0, 0x30, 0xb2, 0xa4, 0x7f, 0x32, 0x8, 0xc,
    0x32, 0xa8, 0x3f, 0x70, 0x0, 0x1d, 0x7a, 0xa8,
    0x2e, 0x78, 0xa4, 0x1d, 0x36, 0x68, 0xe, 0xb0,
    0x0, 0x7a, 0x7f, 0xfd,

    /* U+93C4 "鏄" */
    0x0, 0x0, 0x0, 0x9, 0x0, 0xc0, 0xb, 0x6f,
    0xfd, 0x20, 0x9a, 0xe8, 0x3f, 0x29, 0xdc, 0x8,
    0x29, 0xdc, 0x3f, 0x85, 0xd8, 0x18, 0x6a, 0xfc,
    0x29, 0x50, 0x24, 0x2a, 0x2e, 0xb9, 0x1e, 0x89,
    0x20, 0x24, 0x0, 0xf0,

    /* U+93C6 "鏆" */
    0x4, 0x0, 0x0, 0xd, 0x3b, 0xac, 0x22, 0x77,
    0x5c, 0x70, 0x77, 0x5c, 0xaf, 0x3b, 0xa8, 0xc,
    0x15, 0x54, 0xbf, 0x35, 0x5c, 0x4c, 0x3a, 0xac,
    0x2e, 0x3a, 0xac, 0x1d, 0x3a, 0xa8, 0x6f, 0x1c,
    0xa4, 0x0, 0xd0, 0xa,

    /* U+93C8 "鏈" */
    0x0, 0x0, 0x0, 0x3, 0x4, 0x8, 0x0, 0xb7,
    0x2f, 0xe0, 0x81, 0x50, 0xc0, 0x3f, 0x42, 0x79,
    0x3, 0x2d, 0xae, 0x43, 0xf6, 0x63, 0x50, 0x71,
    0x96, 0xe0, 0x2e, 0x27, 0xfe, 0x3, 0x4e, 0x8,
    0x1, 0xfe, 0xd2, 0x0, 0x92, 0xb, 0xfc, 0x0,
    0x0, 0x0, 0x0,

    /* U+93CD "鏍" */
    0x0, 0x0, 0x0, 0xb, 0x2f, 0xfc, 0x19, 0xe4,
    0x8c, 0x30, 0x6f, 0xfc, 0x7f, 0x69, 0xdc, 0x9,
    0x17, 0xa4, 0x3f, 0x8f, 0xb0, 0x19, 0x86, 0x94,
    0x29, 0xaf, 0xbc, 0x29, 0x8, 0xc0, 0x1f, 0xa8,
    0xdc, 0x10, 0x57, 0x85,

    /* U+9417 "鐗" */
    0x4, 0x0, 0x0, 0xc, 0x3b, 0x7d, 0x17, 0x37,
    0x69, 0x20, 0x7b, 0x6d, 0x7e, 0x37, 0x69, 0x8,
    0x31, 0x59, 0x3f, 0x73, 0x69, 0x19, 0x73, 0xa9,
    0x2a, 0x33, 0xa9, 0x19, 0x35, 0x29, 0x2f, 0x78,
    0x99, 0x10, 0x30, 0x2c, 0x0, 0x0, 0x0,

    /* U+941C "鐜" */
    0x2, 0x0, 0x40, 0x2a, 0xa6, 0x94, 0x5, 0x53,
    0xfd, 0x2a, 0xb9, 0x20, 0x1a, 0xa1, 0xf0, 0x2,
    0xe1, 0xe4, 0x2f, 0x56, 0x4, 0x5, 0x41, 0x50,
    0x65, 0xba, 0x59, 0xb, 0xba, 0xe0, 0x3, 0x24,
    0x80, 0x2b, 0xbb, 0xe8,

    /* U+9422 "鐢" */
    0x8, 0x25, 0x30, 0x2e, 0x6d, 0xb8, 0xe, 0x52,
    0x74, 0x3a, 0x6d, 0xb9, 0x8, 0xa6, 0x30, 0x4,
    0x7a, 0x20, 0x1b, 0xd5, 0xf4, 0x10, 0x5d, 0x45,
    0xb, 0xae, 0xe4, 0x2, 0xc, 0x80, 0x2b, 0xee,
    0xe8,

    /* U+9428 "鐨" */
    0x0, 0x0, 0x0, 0x9, 0x3, 0x60, 0xb, 0x6b,
    0xbc, 0x20, 0x7b, 0xb8, 0x2e, 0x7b, 0xb8, 0x8,
    0x19, 0x28, 0x2e, 0xbe, 0xa8, 0x18, 0x6e, 0xac,
    0x29, 0x6e, 0xac, 0x19, 0x2e, 0xac, 0x2f, 0x89,
    0x24, 0x0, 0xa4, 0x9,

    /* U+9429 "鐩" */
    0x0, 0x0, 0x0, 0xc, 0x42, 0x14, 0x2a, 0x52,
    0x70, 0x21, 0x26, 0xe8, 0x7d, 0x2, 0x84, 0x8,
    0xe8, 0xe4, 0x3e, 0x23, 0xb0, 0x19, 0x29, 0xf8,
    0x2a, 0x27, 0x59, 0x18, 0x68, 0x50, 0x2f, 0xe5,
    0x80, 0x11, 0x4b, 0xfd, 0x0, 0x0, 0x0,

    /* U+942E "鐮" */
    0x0, 0x0, 0x0, 0xc, 0x1, 0x80, 0x1b, 0x3f,
    0xfd, 0x20, 0xb3, 0x30, 0x3f, 0x3b, 0xb8, 0xc,
    0x3b, 0xb8, 0x3f, 0x73, 0x68, 0x1c, 0x77, 0x7c,
    0x2e, 0x6b, 0xb8, 0x1d, 0x67, 0x30, 0x2f, 0xea,
    0x28, 0x0, 0xd2, 0x20,

    /* U+9477 "鑷" */
    0x4, 0x0, 0x0, 0xd, 0x7a, 0xbc, 0x27, 0x2a,
    0xb0, 0x30, 0x25, 0x70, 0x7f, 0x2a, 0xb4, 0x1d,
    0x55, 0x54, 0x3f, 0xa9, 0xa9, 0x1d, 0x68, 0x98,
    0x2e, 0x68, 0x98, 0x1d, 0x7c, 0xac, 0x2f, 0xbe,
    0xed, 0x10, 0x8, 0x8,

    /* U+95AB "閫" */
    0xeb, 0x2e, 0xbc, 0x22, 0x43, 0xeb, 0x2a, 0xbe,
    0xa2, 0xab, 0xca, 0xaa, 0x3c, 0xc4, 0x33, 0xcd,
    0xe7, 0x3c, 0xde, 0x33, 0xcc, 0x83, 0x3c, 0xaa,
    0xa3, 0xc0, 0x3, 0xe0, 0x0, 0x0,

    /* U+95AE "閮" */
    0xeb, 0x9e, 0xbc, 0x9, 0x83, 0xea, 0x9e, 0xbe,
    0xa4, 0xab, 0xcb, 0x6a, 0x3c, 0x60, 0x83, 0xcf,
    0xae, 0x3c, 0xa1, 0xd3, 0xcb, 0x15, 0x3d, 0x8a,
    0xa7, 0xc0, 0x2, 0xd0,

    /* U+95B2 "閲" */
    0xeb, 0x3a, 0xed, 0x73, 0x9a, 0xd7, 0x35, 0xae,
    0xb2, 0xae, 0xc2, 0x14, 0x6c, 0xbb, 0x96, 0xcc,
    0x9, 0x6c, 0xbb, 0x96, 0xc3, 0x32, 0x6d, 0xc1,
    0x96, 0xc0, 0x3, 0xd0,

    /* U+95BD "閽" */
    0xeb, 0x7e, 0xbe, 0xb7, 0xab, 0xd6, 0x75, 0x7e,
    0xa2, 0xab, 0xca, 0xb8, 0x3c, 0xeb, 0xa3, 0xce,
    0x8a, 0x7c, 0xaa, 0x93, 0xca, 0xac, 0x3c, 0xaa,
    0xc3, 0xc0, 0x2, 0xe0, 0x0, 0x0,

    /* U+95BE "閾" */
    0xeb, 0x6e, 0xbc, 0x26, 0x43, 0xeb, 0x6a, 0xbd,
    0x52, 0x67, 0xda, 0xbb, 0x7c, 0x52, 0x3, 0xcd,
    0xa7, 0x3c, 0xe9, 0xd3, 0xc6, 0x9d, 0xbc, 0x46,
    0x63, 0xc0, 0x2, 0xe0,

    /* U+95C2 "闂" */
    0xea, 0x6a, 0xbe, 0xa6, 0xab, 0xea, 0x6a, 0xbc,
    0x54, 0x53, 0xcb, 0xee, 0x3c, 0x5d, 0x53, 0xcb,
    0x5e, 0x3d, 0xfa, 0xa7, 0xc2, 0x55, 0x3c, 0x2a,
    0x93, 0xc0, 0x6, 0xe0, 0x0, 0x0,

    /* U+95C8 "闈" */
    0xeb, 0x6a, 0xae, 0xb6, 0xaa, 0xc2, 0x64, 0x6e,
    0xa5, 0xaa, 0xc7, 0x98, 0x6c, 0xaa, 0xa6, 0xca,
    0xa9, 0x6c, 0x6b, 0x96, 0xcd, 0xa5, 0x6c, 0xab,
    0xa6, 0xc0, 0x53, 0xd0,

    /* U+9E43 "鹃" */
    0x0, 0x1, 0x3, 0xfc, 0x28, 0xc, 0x33, 0xff,
    0x3a, 0xcd, 0x48, 0x15, 0x32, 0x63, 0xfc, 0xcb,
    0x4c, 0x23, 0x0, 0x3f, 0xcb, 0xfd, 0xc2, 0x0,
    0x27, 0xad, 0xfe, 0x8c, 0x20, 0x3, 0x33, 0xc1,
    0xf8,

    /* U+FE40 "﹀" */
    0x40, 0x0, 0x0, 0xb8, 0x0, 0x6c, 0x7, 0xdb,
    0x90, 0x0, 0x64, 0x0,

    /* U+FE42 "﹂" */
    0xc0, 0x3, 0x0, 0xd, 0x0, 0x2f, 0xfe,

    /* U+FF04 "＄" */
    0x0, 0x0, 0x8, 0x0, 0x78, 0xa, 0xec, 0x32,
    0x10, 0xe8, 0x0, 0xf8, 0x0, 0xfc, 0x2, 0x24,
    0xc8, 0x91, 0xff, 0x0, 0xd0, 0x2, 0x0,

    /* U+FF45 "ｅ" */
    0x0, 0x2, 0xfc, 0x60, 0xab, 0xff, 0x90, 0x7,
    0x4, 0x2f, 0xc0, 0x0,

    /* U+FF46 "ｆ" */
    0xf, 0xa, 0x2, 0x40, 0xd0, 0xbe, 0xd, 0x3,
    0x40, 0xd0, 0x34, 0xd, 0x0, 0x0
};


/*---------------------
 *  GLYPH DESCRIPTION
 *--------------------*/

static const lv_font_fmt_txt_glyph_dsc_t glyph_dsc[] = {
    {.bitmap_index = 0, .adv_w = 0, .box_w = 0, .box_h = 0, .ofs_x = 0, .ofs_y = 0} /* id = 0 reserved */,
    {.bitmap_index = 0, .adv_w = 52, .box_w = 0, .box_h = 0, .ofs_x = 0, .ofs_y = 0},
    {.bitmap_index = 0, .adv_w = 45, .box_w = 3, .box_h = 10, .ofs_x = 0, .ofs_y = 0},
    {.bitmap_index = 8, .adv_w = 66, .box_w = 4, .box_h = 4, .ofs_x = 0, .ofs_y = 7},
    {.bitmap_index = 12, .adv_w = 124, .box_w = 8, .box_h = 10, .ofs_x = 0, .ofs_y = 0},
    {.bitmap_index = 32, .adv_w = 109, .box_w = 7, .box_h = 14, .ofs_x = 0, .ofs_y = -2},
    {.bitmap_index = 57, .adv_w = 148, .box_w = 10, .box_h = 10, .ofs_x = 0, .ofs_y = 0},
    {.bitmap_index = 82, .adv_w = 136, .box_w = 9, .box_h = 10, .ofs_x = 0, .ofs_y = 0},
    {.bitmap_index = 105, .adv_w = 36, .box_w = 2, .box_h = 4, .ofs_x = 0, .ofs_y = 7},
    {.bitmap_index = 107, .adv_w = 66, .box_w = 4, .box_h = 12, .ofs_x = 0, .ofs_y = -1},
    {.bitmap_index = 119, .adv_w = 66, .box_w = 4, .box_h = 12, .ofs_x = 0, .ofs_y = -1},
    {.bitmap_index = 131, .adv_w = 83, .box_w = 5, .box_h = 5, .ofs_x = 0, .ofs_y = 5},
    {.bitmap_index = 138, .adv_w = 109, .box_w = 7, .box_h = 7, .ofs_x = 0, .ofs_y = 2},
    {.bitmap_index = 151, .adv_w = 46, .box_w = 3, .box_h = 4, .ofs_x = 0, .ofs_y = -2},
    {.bitmap_index = 154, .adv_w = 94, .box_w = 6, .box_h = 1, .ofs_x = 0, .ofs_y = 3},
    {.bitmap_index = 156, .adv_w = 44, .box_w = 3, .box_h = 2, .ofs_x = 0, .ofs_y = 0},
    {.bitmap_index = 158, .adv_w = 75, .box_w = 5, .box_h = 10, .ofs_x = 0, .ofs_y = 0},
    {.bitmap_index = 171, .adv_w = 109, .box_w = 7, .box_h = 10, .ofs_x = 0, .ofs_y = 0},
    {.bitmap_index = 189, .adv_w = 109, .box_w = 4, .box_h = 10, .ofs_x = 1, .ofs_y = 0},
    {.bitmap_index = 199, .adv_w = 109, .box_w = 7, .box_h = 10, .ofs_x = 0, .ofs_y = 0},
    {.bitmap_index = 217, .adv_w = 109, .box_w = 7, .box_h = 10, .ofs_x = 0, .ofs_y = 0},
    {.bitmap_index = 235, .adv_w = 109, .box_w = 7, .box_h = 10, .ofs_x = 0, .ofs_y = 0},
    {.bitmap_index = 253, .adv_w = 109, .box_w = 7, .box_h = 10, .ofs_x = 0, .ofs_y = 0},
    {.bitmap_index = 271, .adv_w = 109, .box_w = 7, .box_h = 10, .ofs_x = 0, .ofs_y = 0},
    {.bitmap_index = 289, .adv_w = 109, .box_w = 7, .box_h = 10, .ofs_x = 0, .ofs_y = 0},
    {.bitmap_index = 307, .adv_w = 109, .box_w = 7, .box_h = 10, .ofs_x = 0, .ofs_y = 0},
    {.bitmap_index = 325, .adv_w = 109, .box_w = 7, .box_h = 10, .ofs_x = 0, .ofs_y = 0},
    {.bitmap_index = 343, .adv_w = 49, .box_w = 3, .box_h = 7, .ofs_x = 0, .ofs_y = 0},
    {.bitmap_index = 349, .adv_w = 51, .box_w = 3, .box_h = 9, .ofs_x = 0, .ofs_y = -2},
    {.bitmap_index = 356, .adv_w = 109, .box_w = 7, .box_h = 7, .ofs_x = 0, .ofs_y = 1},
    {.bitmap_index = 369, .adv_w = 109, .box_w = 7, .box_h = 4, .ofs_x = 0, .ofs_y = 3},
    {.bitmap_index = 376, .adv_w = 109, .box_w = 7, .box_h = 7, .ofs_x = 0, .ofs_y = 1},
    {.bitmap_index = 389, .adv_w = 83, .box_w = 7, .box_h = 10, .ofs_x = -1, .ofs_y = 0},
    {.bitmap_index = 407, .adv_w = 187, .box_w = 12, .box_h = 12, .ofs_x = 0, .ofs_y = -2},
    {.bitmap_index = 443, .adv_w = 127, .box_w = 8, .box_h = 10, .ofs_x = 0, .ofs_y = 0},
    {.bitmap_index = 463, .adv_w = 125, .box_w = 7, .box_h = 10, .ofs_x = 1, .ofs_y = 0},
    {.bitmap_index = 481, .adv_w = 125, .box_w = 8, .box_h = 10, .ofs_x = 0, .ofs_y = 0},
    {.bitmap_index = 501, .adv_w = 137, .box_w = 7, .box_h = 10, .ofs_x = 1, .ofs_y = 0},
    {.bitmap_index = 519, .adv_w = 114, .box_w = 6, .box_h = 10, .ofs_x = 1, .ofs_y = 0},
    {.bitmap_index = 534, .adv_w = 108, .box_w = 6, .box_h = 10, .ofs_x = 1, .ofs_y = 0},
    {.bitmap_index = 549, .adv_w = 134, .box_w = 8, .box_h = 10, .ofs_x = 0, .ofs_y = 0},
    {.bitmap_index = 569, .adv_w = 143, .box_w = 7, .box_h = 10, .ofs_x = 1, .ofs_y = 0},
    {.bitmap_index = 587, .adv_w = 50, .box_w = 2, .box_h = 10, .ofs_x = 1, .ofs_y = 0},
    {.bitmap_index = 592, .adv_w = 88, .box_w = 5, .box_h = 10, .ofs_x = 0, .ofs_y = 0},
    {.bitmap_index = 605, .adv_w = 130, .box_w = 8, .box_h = 10, .ofs_x = 1, .ofs_y = 0},
    {.bitmap_index = 625, .adv_w = 109, .box_w = 6, .box_h = 10, .ofs_x = 1, .ofs_y = 0},
    {.bitmap_index = 640, .adv_w = 166, .box_w = 9, .box_h = 10, .ofs_x = 1, .ofs_y = 0},
    {.bitmap_index = 663, .adv_w = 142, .box_w = 7, .box_h = 10, .ofs_x = 1, .ofs_y = 0},
    {.bitmap_index = 681, .adv_w = 146, .box_w = 9, .box_h = 10, .ofs_x = 0, .ofs_y = 0},
    {.bitmap_index = 704, .adv_w = 114, .box_w = 6, .box_h = 10, .ofs_x = 1, .ofs_y = 0},
    {.bitmap_index = 719, .adv_w = 146, .box_w = 10, .box_h = 12, .ofs_x = 0, .ofs_y = -2},
    {.bitmap_index = 749, .adv_w = 123, .box_w = 7, .box_h = 10, .ofs_x = 1, .ofs_y = 0},
    {.bitmap_index = 767, .adv_w = 110, .box_w = 7, .box_h = 10, .ofs_x = 0, .ofs_y = 0},
    {.bitmap_index = 785, .adv_w = 109, .box_w = 7, .box_h = 10, .ofs_x = 0, .ofs_y = 0},
    {.bitmap_index = 803, .adv_w = 140, .box_w = 8, .box_h = 10, .ofs_x = 0, .ofs_y = 0},
    {.bitmap_index = 823, .adv_w = 126, .box_w = 8, .box_h = 10, .ofs_x = 0, .ofs_y = 0},
    {.bitmap_index = 843, .adv_w = 185, .box_w = 12, .box_h = 10, .ofs_x = 0, .ofs_y = 0},
    {.bitmap_index = 873, .adv_w = 126, .box_w = 8, .box_h = 10, .ofs_x = 0, .ofs_y = 0},
    {.bitmap_index = 893, .adv_w = 118, .box_w = 8, .box_h = 10, .ofs_x = 0, .ofs_y = 0},
    {.bitmap_index = 913, .adv_w = 111, .box_w = 7, .box_h = 10, .ofs_x = 0, .ofs_y = 0},
    {.bitmap_index = 931, .adv_w = 66, .box_w = 3, .box_h = 13, .ofs_x = 1, .ofs_y = -2},
    {.bitmap_index = 941, .adv_w = 75, .box_w = 5, .box_h = 10, .ofs_x = 0, .ofs_y = 0},
    {.bitmap_index = 954, .adv_w = 66, .box_w = 4, .box_h = 13, .ofs_x = 0, .ofs_y = -2},
    {.bitmap_index = 967, .adv_w = 91, .box_w = 6, .box_h = 5, .ofs_x = 0, .ofs_y = 5},
    {.bitmap_index = 975, .adv_w = 79, .box_w = 5, .box_h = 1, .ofs_x = 0, .ofs_y = -2},
    {.bitmap_index = 977, .adv_w = 58, .box_w = 3, .box_h = 2, .ofs_x = 0, .ofs_y = 8},
    {.bitmap_index = 979, .adv_w = 105, .box_w = 6, .box_h = 7, .ofs_x = 0, .ofs_y = 0},
    {.bitmap_index = 990, .adv_w = 117, .box_w = 7, .box_h = 10, .ofs_x = 0, .ofs_y = 0},
    {.bitmap_index = 1008, .adv_w = 95, .box_w = 6, .box_h = 7, .ofs_x = 0, .ofs_y = 0},
    {.bitmap_index = 1019, .adv_w = 117, .box_w = 7, .box_h = 10, .ofs_x = 0, .ofs_y = 0},
    {.bitmap_index = 1037, .adv_w = 105, .box_w = 7, .box_h = 7, .ofs_x = 0, .ofs_y = 0},
    {.bitmap_index = 1050, .adv_w = 66, .box_w = 5, .box_h = 10, .ofs_x = 0, .ofs_y = 0},
    {.bitmap_index = 1063, .adv_w = 117, .box_w = 7, .box_h = 10, .ofs_x = 0, .ofs_y = -3},
    {.bitmap_index = 1081, .adv_w = 111, .box_w = 7, .box_h = 10, .ofs_x = 0, .ofs_y = 0},
    {.bitmap_index = 1099, .adv_w = 46, .box_w = 3, .box_h = 10, .ofs_x = 0, .ofs_y = 0},
    {.bitmap_index = 1107, .adv_w = 46, .box_w = 5, .box_h = 13, .ofs_x = -2, .ofs_y = -3},
    {.bitmap_index = 1124, .adv_w = 100, .box_w = 7, .box_h = 10, .ofs_x = 0, .ofs_y = 0},
    {.bitmap_index = 1142, .adv_w = 46, .box_w = 2, .box_h = 10, .ofs_x = 0, .ofs_y = 0},
    {.bitmap_index = 1147, .adv_w = 164, .box_w = 10, .box_h = 7, .ofs_x = 0, .ofs_y = 0},
    {.bitmap_index = 1165, .adv_w = 111, .box_w = 7, .box_h = 7, .ofs_x = 0, .ofs_y = 0},
    {.bitmap_index = 1178, .adv_w = 113, .box_w = 7, .box_h = 7, .ofs_x = 0, .ofs_y = 0},
    {.bitmap_index = 1191, .adv_w = 117, .box_w = 7, .box_h = 10, .ofs_x = 0, .ofs_y = -3},
    {.bitmap_index = 1209, .adv_w = 117, .box_w = 7, .box_h = 10, .ofs_x = 0, .ofs_y = -3},
    {.bitmap_index = 1227, .adv_w = 72, .box_w = 5, .box_h = 7, .ofs_x = 0, .ofs_y = 0},
    {.bitmap_index = 1236, .adv_w = 87, .box_w = 6, .box_h = 7, .ofs_x = 0, .ofs_y = 0},
    {.bitmap_index = 1247, .adv_w = 71, .box_w = 5, .box_h = 9, .ofs_x = 0, .ofs_y = 0},
    {.bitmap_index = 1259, .adv_w = 112, .box_w = 7, .box_h = 7, .ofs_x = 0, .ofs_y = 0},
    {.bitmap_index = 1272, .adv_w = 99, .box_w = 7, .box_h = 7, .ofs_x = 0, .ofs_y = 0},
    {.bitmap_index = 1285, .adv_w = 150, .box_w = 10, .box_h = 7, .ofs_x = 0, .ofs_y = 0},
    {.bitmap_index = 1303, .adv_w = 95, .box_w = 6, .box_h = 7, .ofs_x = 0, .ofs_y = 0},
    {.bitmap_index = 1314, .adv_w = 100, .box_w = 7, .box_h = 10, .ofs_x = 0, .ofs_y = -3},
    {.bitmap_index = 1332, .adv_w = 91, .box_w = 6, .box_h = 7, .ofs_x = 0, .ofs_y = 0},
    {.bitmap_index = 1343, .adv_w = 71, .box_w = 5, .box_h = 13, .ofs_x = 0, .ofs_y = -2},
    {.bitmap_index = 1360, .adv_w = 35, .box_w = 2, .box_h = 12, .ofs_x = 0, .ofs_y = -1},
    {.bitmap_index = 1366, .adv_w = 71, .box_w = 4, .box_h = 13, .ofs_x = 0, .ofs_y = -2},
    {.bitmap_index = 1379, .adv_w = 109, .box_w = 7, .box_h = 3, .ofs_x = 0, .ofs_y = 3},
    {.bitmap_index = 1385, .adv_w = 125, .box_w = 7, .box_h = 10, .ofs_x = 1, .ofs_y = 0},
    {.bitmap_index = 1403, .adv_w = 100, .box_w = 7, .box_h = 10, .ofs_x = 0, .ofs_y = -3},
    {.bitmap_index = 1421, .adv_w = 95, .box_w = 6, .box_h = 7, .ofs_x = 0, .ofs_y = 0},
    {.bitmap_index = 1432, .adv_w = 59, .box_w = 2, .box_h = 4, .ofs_x = 1, .ofs_y = 7},
    {.bitmap_index = 1434, .adv_w = 69, .box_w = 5, .box_h = 3, .ofs_x = 0, .ofs_y = 7},
    {.bitmap_index = 1438, .adv_w = 109, .box_w = 7, .box_h = 10, .ofs_x = 0, .ofs_y = 0},
    {.bitmap_index = 1456, .adv_w = 173, .box_w = 11, .box_h = 11, .ofs_x = 0, .ofs_y = -1},
    {.bitmap_index = 1487, .adv_w = 192, .box_w = 12, .box_h = 12, .ofs_x = 0, .ofs_y = -1},
    {.bitmap_index = 1523, .adv_w = 192, .box_w = 3, .box_h = 7, .ofs_x = 1, .ofs_y = -1},
    {.bitmap_index = 1529, .adv_w = 192, .box_w = 10, .box_h = 13, .ofs_x = 1, .ofs_y = -2},
    {.bitmap_index = 1562, .adv_w = 192, .box_w = 10, .box_h = 11, .ofs_x = 1, .ofs_y = -1},
    {.bitmap_index = 1590, .adv_w = 192, .box_w = 10, .box_h = 8, .ofs_x = 1, .ofs_y = 0},
    {.bitmap_index = 1610, .adv_w = 192, .box_w = 10, .box_h = 9, .ofs_x = 1, .ofs_y = 0},
    {.bitmap_index = 1633, .adv_w = 192, .box_w = 10, .box_h = 10, .ofs_x = 1, .ofs_y = -1},
    {.bitmap_index = 1658, .adv_w = 192, .box_w = 12, .box_h = 11, .ofs_x = 0, .ofs_y = -1},
    {.bitmap_index = 1691, .adv_w = 192, .box_w = 12, .box_h = 11, .ofs_x = 0, .ofs_y = -1},
    {.bitmap_index = 1724, .adv_w = 192, .box_w = 11, .box_h = 11, .ofs_x = 1, .ofs_y = -1},
    {.bitmap_index = 1755, .adv_w = 192, .box_w = 12, .box_h = 11, .ofs_x = 0, .ofs_y = -1},
    {.bitmap_index = 1788, .adv_w = 192, .box_w = 12, .box_h = 12, .ofs_x = 0, .ofs_y = -2},
    {.bitmap_index = 1824, .adv_w = 192, .box_w = 12, .box_h = 13, .ofs_x = 0, .ofs_y = -2},
    {.bitmap_index = 1863, .adv_w = 192, .box_w = 12, .box_h = 11, .ofs_x = 0, .ofs_y = -1},
    {.bitmap_index = 1896, .adv_w = 192, .box_w = 12, .box_h = 12, .ofs_x = 0, .ofs_y = -2},
    {.bitmap_index = 1932, .adv_w = 192, .box_w = 12, .box_h = 12, .ofs_x = 0, .ofs_y = -1},
    {.bitmap_index = 1968, .adv_w = 192, .box_w = 12, .box_h = 13, .ofs_x = 0, .ofs_y = -2},
    {.bitmap_index = 2007, .adv_w = 192, .box_w = 12, .box_h = 12, .ofs_x = 0, .ofs_y = -1},
    {.bitmap_index = 2043, .adv_w = 192, .box_w = 12, .box_h = 12, .ofs_x = 0, .ofs_y = -2},
    {.bitmap_index = 2079, .adv_w = 192, .box_w = 11, .box_h = 11, .ofs_x = 0, .ofs_y = -1},
    {.bitmap_index = 2110, .adv_w = 192, .box_w = 12, .box_h = 13, .ofs_x = 0, .ofs_y = -2},
    {.bitmap_index = 2149, .adv_w = 192, .box_w = 12, .box_h = 12, .ofs_x = 0, .ofs_y = -2},
    {.bitmap_index = 2185, .adv_w = 192, .box_w = 12, .box_h = 12, .ofs_x = 0, .ofs_y = -1},
    {.bitmap_index = 2221, .adv_w = 192, .box_w = 12, .box_h = 11, .ofs_x = 0, .ofs_y = -1},
    {.bitmap_index = 2254, .adv_w = 192, .box_w = 12, .box_h = 12, .ofs_x = 0, .ofs_y = -1},
    {.bitmap_index = 2290, .adv_w = 192, .box_w = 10, .box_h = 11, .ofs_x = 1, .ofs_y = -1},
    {.bitmap_index = 2318, .adv_w = 192, .box_w = 10, .box_h = 12, .ofs_x = 1, .ofs_y = -2},
    {.bitmap_index = 2348, .adv_w = 192, .box_w = 11, .box_h = 13, .ofs_x = 1, .ofs_y = -2},
    {.bitmap_index = 2384, .adv_w = 192, .box_w = 11, .box_h = 13, .ofs_x = 1, .ofs_y = -2},
    {.bitmap_index = 2420, .adv_w = 192, .box_w = 11, .box_h = 14, .ofs_x = 1, .ofs_y = -2},
    {.bitmap_index = 2459, .adv_w = 192, .box_w = 12, .box_h = 11, .ofs_x = 0, .ofs_y = -1},
    {.bitmap_index = 2492, .adv_w = 192, .box_w = 10, .box_h = 11, .ofs_x = 1, .ofs_y = -1},
    {.bitmap_index = 2520, .adv_w = 192, .box_w = 10, .box_h = 11, .ofs_x = 1, .ofs_y = -1},
    {.bitmap_index = 2548, .adv_w = 192, .box_w = 12, .box_h = 11, .ofs_x = 0, .ofs_y = -1},
    {.bitmap_index = 2581, .adv_w = 192, .box_w = 12, .box_h = 12, .ofs_x = 0, .ofs_y = -2},
    {.bitmap_index = 2617, .adv_w = 192, .box_w = 11, .box_h = 12, .ofs_x = 0, .ofs_y = -2},
    {.bitmap_index = 2650, .adv_w = 192, .box_w = 12, .box_h = 11, .ofs_x = 0, .ofs_y = -1},
    {.bitmap_index = 2683, .adv_w = 192, .box_w = 12, .box_h = 12, .ofs_x = 0, .ofs_y = -1},
    {.bitmap_index = 2719, .adv_w = 192, .box_w = 12, .box_h = 12, .ofs_x = 0, .ofs_y = -1},
    {.bitmap_index = 2755, .adv_w = 192, .box_w = 12, .box_h = 12, .ofs_x = 0, .ofs_y = -1},
    {.bitmap_index = 2791, .adv_w = 192, .box_w = 12, .box_h = 12, .ofs_x = 0, .ofs_y = -1},
    {.bitmap_index = 2827, .adv_w = 192, .box_w = 11, .box_h = 13, .ofs_x = 1, .ofs_y = -2},
    {.bitmap_index = 2863, .adv_w = 192, .box_w = 12, .box_h = 12, .ofs_x = 0, .ofs_y = -1},
    {.bitmap_index = 2899, .adv_w = 192, .box_w = 11, .box_h = 12, .ofs_x = 0, .ofs_y = -2},
    {.bitmap_index = 2932, .adv_w = 192, .box_w = 11, .box_h = 13, .ofs_x = 0, .ofs_y = -2},
    {.bitmap_index = 2968, .adv_w = 192, .box_w = 12, .box_h = 12, .ofs_x = 0, .ofs_y = -2},
    {.bitmap_index = 3004, .adv_w = 192, .box_w = 11, .box_h = 13, .ofs_x = 0, .ofs_y = -2},
    {.bitmap_index = 3040, .adv_w = 192, .box_w = 12, .box_h = 12, .ofs_x = 0, .ofs_y = -1},
    {.bitmap_index = 3076, .adv_w = 192, .box_w = 12, .box_h = 13, .ofs_x = 0, .ofs_y = -2},
    {.bitmap_index = 3115, .adv_w = 192, .box_w = 12, .box_h = 11, .ofs_x = 0, .ofs_y = -1},
    {.bitmap_index = 3148, .adv_w = 192, .box_w = 12, .box_h = 13, .ofs_x = 0, .ofs_y = -2},
    {.bitmap_index = 3187, .adv_w = 192, .box_w = 12, .box_h = 12, .ofs_x = 0, .ofs_y = -1},
    {.bitmap_index = 3223, .adv_w = 192, .box_w = 12, .box_h = 12, .ofs_x = 0, .ofs_y = -1},
    {.bitmap_index = 3259, .adv_w = 192, .box_w = 12, .box_h = 12, .ofs_x = 0, .ofs_y = -1},
    {.bitmap_index = 3295, .adv_w = 192, .box_w = 12, .box_h = 12, .ofs_x = 0, .ofs_y = -1},
    {.bitmap_index = 3331, .adv_w = 192, .box_w = 12, .box_h = 12, .ofs_x = 0, .ofs_y = -1},
    {.bitmap_index = 3367, .adv_w = 192, .box_w = 11, .box_h = 11, .ofs_x = 1, .ofs_y = -1},
    {.bitmap_index = 3398, .adv_w = 192, .box_w = 12, .box_h = 11, .ofs_x = 0, .ofs_y = -1},
    {.bitmap_index = 3431, .adv_w = 192, .box_w = 11, .box_h = 12, .ofs_x = 0, .ofs_y = -2},
    {.bitmap_index = 3464, .adv_w = 192, .box_w = 11, .box_h = 12, .ofs_x = 1, .ofs_y = -1},
    {.bitmap_index = 3497, .adv_w = 192, .box_w = 12, .box_h = 12, .ofs_x = 0, .ofs_y = -2},
    {.bitmap_index = 3533, .adv_w = 192, .box_w = 12, .box_h = 12, .ofs_x = 0, .ofs_y = -1},
    {.bitmap_index = 3569, .adv_w = 192, .box_w = 11, .box_h = 11, .ofs_x = 1, .ofs_y = -1},
    {.bitmap_index = 3600, .adv_w = 192, .box_w = 11, .box_h = 12, .ofs_x = 1, .ofs_y = -1},
    {.bitmap_index = 3633, .adv_w = 192, .box_w = 12, .box_h = 12, .ofs_x = 0, .ofs_y = -2},
    {.bitmap_index = 3669, .adv_w = 192, .box_w = 12, .box_h = 12, .ofs_x = 0, .ofs_y = -2},
    {.bitmap_index = 3705, .adv_w = 192, .box_w = 12, .box_h = 12, .ofs_x = 0, .ofs_y = -1},
    {.bitmap_index = 3741, .adv_w = 192, .box_w = 12, .box_h = 13, .ofs_x = 0, .ofs_y = -2},
    {.bitmap_index = 3780, .adv_w = 192, .box_w = 12, .box_h = 11, .ofs_x = 0, .ofs_y = -1},
    {.bitmap_index = 3813, .adv_w = 192, .box_w = 12, .box_h = 12, .ofs_x = 0, .ofs_y = -1},
    {.bitmap_index = 3849, .adv_w = 192, .box_w = 12, .box_h = 11, .ofs_x = 0, .ofs_y = -1},
    {.bitmap_index = 3882, .adv_w = 192, .box_w = 12, .box_h = 11, .ofs_x = 0, .ofs_y = -1},
    {.bitmap_index = 3915, .adv_w = 192, .box_w = 12, .box_h = 11, .ofs_x = 0, .ofs_y = -1},
    {.bitmap_index = 3948, .adv_w = 192, .box_w = 12, .box_h = 12, .ofs_x = 0, .ofs_y = -2},
    {.bitmap_index = 3984, .adv_w = 192, .box_w = 12, .box_h = 11, .ofs_x = 0, .ofs_y = -1},
    {.bitmap_index = 4017, .adv_w = 192, .box_w = 12, .box_h = 12, .ofs_x = 0, .ofs_y = -2},
    {.bitmap_index = 4053, .adv_w = 192, .box_w = 12, .box_h = 13, .ofs_x = 0, .ofs_y = -2},
    {.bitmap_index = 4092, .adv_w = 192, .box_w = 12, .box_h = 12, .ofs_x = 0, .ofs_y = -1},
    {.bitmap_index = 4128, .adv_w = 192, .box_w = 11, .box_h = 11, .ofs_x = 0, .ofs_y = -1},
    {.bitmap_index = 4159, .adv_w = 192, .box_w = 12, .box_h = 12, .ofs_x = 0, .ofs_y = -2},
    {.bitmap_index = 4195, .adv_w = 192, .box_w = 12, .box_h = 13, .ofs_x = 0, .ofs_y = -2},
    {.bitmap_index = 4234, .adv_w = 192, .box_w = 12, .box_h = 12, .ofs_x = 0, .ofs_y = -2},
    {.bitmap_index = 4270, .adv_w = 192, .box_w = 12, .box_h = 13, .ofs_x = 0, .ofs_y = -2},
    {.bitmap_index = 4309, .adv_w = 192, .box_w = 11, .box_h = 11, .ofs_x = 1, .ofs_y = -1},
    {.bitmap_index = 4340, .adv_w = 192, .box_w = 11, .box_h = 11, .ofs_x = 1, .ofs_y = -1},
    {.bitmap_index = 4371, .adv_w = 192, .box_w = 11, .box_h = 11, .ofs_x = 1, .ofs_y = -1},
    {.bitmap_index = 4402, .adv_w = 192, .box_w = 12, .box_h = 12, .ofs_x = 0, .ofs_y = -2},
    {.bitmap_index = 4438, .adv_w = 192, .box_w = 12, .box_h = 11, .ofs_x = 0, .ofs_y = -1},
    {.bitmap_index = 4471, .adv_w = 192, .box_w = 12, .box_h = 12, .ofs_x = 0, .ofs_y = -2},
    {.bitmap_index = 4507, .adv_w = 192, .box_w = 12, .box_h = 11, .ofs_x = 0, .ofs_y = -1},
    {.bitmap_index = 4540, .adv_w = 192, .box_w = 12, .box_h = 12, .ofs_x = 0, .ofs_y = -1},
    {.bitmap_index = 4576, .adv_w = 192, .box_w = 12, .box_h = 12, .ofs_x = 0, .ofs_y = -2},
    {.bitmap_index = 4612, .adv_w = 192, .box_w = 12, .box_h = 11, .ofs_x = 0, .ofs_y = -1},
    {.bitmap_index = 4645, .adv_w = 192, .box_w = 12, .box_h = 11, .ofs_x = 0, .ofs_y = -1},
    {.bitmap_index = 4678, .adv_w = 192, .box_w = 12, .box_h = 12, .ofs_x = 0, .ofs_y = -2},
    {.bitmap_index = 4714, .adv_w = 192, .box_w = 12, .box_h = 12, .ofs_x = 0, .ofs_y = -1},
    {.bitmap_index = 4750, .adv_w = 192, .box_w = 12, .box_h = 11, .ofs_x = 0, .ofs_y = -1},
    {.bitmap_index = 4783, .adv_w = 192, .box_w = 12, .box_h = 12, .ofs_x = 0, .ofs_y = -2},
    {.bitmap_index = 4819, .adv_w = 192, .box_w = 12, .box_h = 13, .ofs_x = 0, .ofs_y = -2},
    {.bitmap_index = 4858, .adv_w = 192, .box_w = 12, .box_h = 11, .ofs_x = 0, .ofs_y = -1},
    {.bitmap_index = 4891, .adv_w = 192, .box_w = 12, .box_h = 12, .ofs_x = 0, .ofs_y = -2},
    {.bitmap_index = 4927, .adv_w = 192, .box_w = 12, .box_h = 12, .ofs_x = 0, .ofs_y = -2},
    {.bitmap_index = 4963, .adv_w = 192, .box_w = 12, .box_h = 11, .ofs_x = 0, .ofs_y = -1},
    {.bitmap_index = 4996, .adv_w = 192, .box_w = 12, .box_h = 12, .ofs_x = 0, .ofs_y = -1},
    {.bitmap_index = 5032, .adv_w = 192, .box_w = 12, .box_h = 13, .ofs_x = 0, .ofs_y = -2},
    {.bitmap_index = 5071, .adv_w = 192, .box_w = 12, .box_h = 12, .ofs_x = 0, .ofs_y = -1},
    {.bitmap_index = 5107, .adv_w = 192, .box_w = 12, .box_h = 13, .ofs_x = 0, .ofs_y = -2},
    {.bitmap_index = 5146, .adv_w = 192, .box_w = 12, .box_h = 11, .ofs_x = 0, .ofs_y = -1},
    {.bitmap_index = 5179, .adv_w = 192, .box_w = 12, .box_h = 13, .ofs_x = 0, .ofs_y = -2},
    {.bitmap_index = 5218, .adv_w = 192, .box_w = 12, .box_h = 13, .ofs_x = 0, .ofs_y = -2},
    {.bitmap_index = 5257, .adv_w = 192, .box_w = 11, .box_h = 12, .ofs_x = 0, .ofs_y = -1},
    {.bitmap_index = 5290, .adv_w = 192, .box_w = 12, .box_h = 13, .ofs_x = 0, .ofs_y = -2},
    {.bitmap_index = 5329, .adv_w = 192, .box_w = 12, .box_h = 12, .ofs_x = 0, .ofs_y = -2},
    {.bitmap_index = 5365, .adv_w = 192, .box_w = 12, .box_h = 11, .ofs_x = 0, .ofs_y = -1},
    {.bitmap_index = 5398, .adv_w = 192, .box_w = 12, .box_h = 12, .ofs_x = 0, .ofs_y = -2},
    {.bitmap_index = 5434, .adv_w = 192, .box_w = 12, .box_h = 13, .ofs_x = 0, .ofs_y = -2},
    {.bitmap_index = 5473, .adv_w = 192, .box_w = 12, .box_h = 13, .ofs_x = 0, .ofs_y = -2},
    {.bitmap_index = 5512, .adv_w = 192, .box_w = 12, .box_h = 13, .ofs_x = 0, .ofs_y = -2},
    {.bitmap_index = 5551, .adv_w = 192, .box_w = 12, .box_h = 11, .ofs_x = 0, .ofs_y = -1},
    {.bitmap_index = 5584, .adv_w = 192, .box_w = 12, .box_h = 11, .ofs_x = 0, .ofs_y = -1},
    {.bitmap_index = 5617, .adv_w = 192, .box_w = 12, .box_h = 13, .ofs_x = 0, .ofs_y = -2},
    {.bitmap_index = 5656, .adv_w = 192, .box_w = 12, .box_h = 13, .ofs_x = 0, .ofs_y = -2},
    {.bitmap_index = 5695, .adv_w = 192, .box_w = 11, .box_h = 12, .ofs_x = 0, .ofs_y = -1},
    {.bitmap_index = 5728, .adv_w = 192, .box_w = 12, .box_h = 11, .ofs_x = 0, .ofs_y = -1},
    {.bitmap_index = 5761, .adv_w = 192, .box_w = 12, .box_h = 13, .ofs_x = 0, .ofs_y = -2},
    {.bitmap_index = 5800, .adv_w = 192, .box_w = 12, .box_h = 11, .ofs_x = 0, .ofs_y = -1},
    {.bitmap_index = 5833, .adv_w = 192, .box_w = 12, .box_h = 12, .ofs_x = 0, .ofs_y = -2},
    {.bitmap_index = 5869, .adv_w = 192, .box_w = 12, .box_h = 12, .ofs_x = 0, .ofs_y = -2},
    {.bitmap_index = 5905, .adv_w = 192, .box_w = 12, .box_h = 12, .ofs_x = 0, .ofs_y = -2},
    {.bitmap_index = 5941, .adv_w = 192, .box_w = 12, .box_h = 12, .ofs_x = 0, .ofs_y = -2},
    {.bitmap_index = 5977, .adv_w = 192, .box_w = 12, .box_h = 11, .ofs_x = 0, .ofs_y = -1},
    {.bitmap_index = 6010, .adv_w = 192, .box_w = 12, .box_h = 12, .ofs_x = 0, .ofs_y = -2},
    {.bitmap_index = 6046, .adv_w = 192, .box_w = 12, .box_h = 11, .ofs_x = 0, .ofs_y = -1},
    {.bitmap_index = 6079, .adv_w = 192, .box_w = 12, .box_h = 13, .ofs_x = 0, .ofs_y = -2},
    {.bitmap_index = 6118, .adv_w = 192, .box_w = 12, .box_h = 12, .ofs_x = 0, .ofs_y = -2},
    {.bitmap_index = 6154, .adv_w = 192, .box_w = 12, .box_h = 12, .ofs_x = 0, .ofs_y = -1},
    {.bitmap_index = 6190, .adv_w = 192, .box_w = 12, .box_h = 12, .ofs_x = 0, .ofs_y = -2},
    {.bitmap_index = 6226, .adv_w = 192, .box_w = 12, .box_h = 12, .ofs_x = 0, .ofs_y = -1},
    {.bitmap_index = 6262, .adv_w = 192, .box_w = 12, .box_h = 11, .ofs_x = 0, .ofs_y = -1},
    {.bitmap_index = 6295, .adv_w = 192, .box_w = 12, .box_h = 12, .ofs_x = 0, .ofs_y = -2},
    {.bitmap_index = 6331, .adv_w = 192, .box_w = 11, .box_h = 12, .ofs_x = 1, .ofs_y = -2},
    {.bitmap_index = 6364, .adv_w = 192, .box_w = 12, .box_h = 12, .ofs_x = 0, .ofs_y = -1},
    {.bitmap_index = 6400, .adv_w = 192, .box_w = 10, .box_h = 11, .ofs_x = 1, .ofs_y = -1},
    {.bitmap_index = 6428, .adv_w = 192, .box_w = 12, .box_h = 13, .ofs_x = 0, .ofs_y = -2},
    {.bitmap_index = 6467, .adv_w = 192, .box_w = 12, .box_h = 13, .ofs_x = 0, .ofs_y = -2},
    {.bitmap_index = 6506, .adv_w = 192, .box_w = 12, .box_h = 11, .ofs_x = 0, .ofs_y = -1},
    {.bitmap_index = 6539, .adv_w = 192, .box_w = 12, .box_h = 12, .ofs_x = 0, .ofs_y = -1},
    {.bitmap_index = 6575, .adv_w = 192, .box_w = 12, .box_h = 12, .ofs_x = 0, .ofs_y = -1},
    {.bitmap_index = 6611, .adv_w = 192, .box_w = 12, .box_h = 13, .ofs_x = 0, .ofs_y = -2},
    {.bitmap_index = 6650, .adv_w = 192, .box_w = 12, .box_h = 12, .ofs_x = 0, .ofs_y = -1},
    {.bitmap_index = 6686, .adv_w = 192, .box_w = 12, .box_h = 13, .ofs_x = 0, .ofs_y = -2},
    {.bitmap_index = 6725, .adv_w = 192, .box_w = 12, .box_h = 12, .ofs_x = 0, .ofs_y = -1},
    {.bitmap_index = 6761, .adv_w = 192, .box_w = 12, .box_h = 12, .ofs_x = 0, .ofs_y = -2},
    {.bitmap_index = 6797, .adv_w = 192, .box_w = 12, .box_h = 12, .ofs_x = 0, .ofs_y = -2},
    {.bitmap_index = 6833, .adv_w = 192, .box_w = 12, .box_h = 12, .ofs_x = 0, .ofs_y = -1},
    {.bitmap_index = 6869, .adv_w = 192, .box_w = 12, .box_h = 12, .ofs_x = 0, .ofs_y = -1},
    {.bitmap_index = 6905, .adv_w = 192, .box_w = 12, .box_h = 12, .ofs_x = 0, .ofs_y = -1},
    {.bitmap_index = 6941, .adv_w = 192, .box_w = 12, .box_h = 13, .ofs_x = 0, .ofs_y = -2},
    {.bitmap_index = 6980, .adv_w = 192, .box_w = 12, .box_h = 12, .ofs_x = 0, .ofs_y = -1},
    {.bitmap_index = 7016, .adv_w = 192, .box_w = 12, .box_h = 13, .ofs_x = 0, .ofs_y = -2},
    {.bitmap_index = 7055, .adv_w = 192, .box_w = 12, .box_h = 13, .ofs_x = 0, .ofs_y = -2},
    {.bitmap_index = 7094, .adv_w = 192, .box_w = 12, .box_h = 12, .ofs_x = 0, .ofs_y = -2},
    {.bitmap_index = 7130, .adv_w = 192, .box_w = 12, .box_h = 12, .ofs_x = 0, .ofs_y = -1},
    {.bitmap_index = 7166, .adv_w = 192, .box_w = 12, .box_h = 11, .ofs_x = 0, .ofs_y = -1},
    {.bitmap_index = 7199, .adv_w = 192, .box_w = 12, .box_h = 12, .ofs_x = 0, .ofs_y = -1},
    {.bitmap_index = 7235, .adv_w = 192, .box_w = 12, .box_h = 13, .ofs_x = 0, .ofs_y = -2},
    {.bitmap_index = 7274, .adv_w = 192, .box_w = 12, .box_h = 12, .ofs_x = 0, .ofs_y = -1},
    {.bitmap_index = 7310, .adv_w = 192, .box_w = 11, .box_h = 12, .ofs_x = 0, .ofs_y = -1},
    {.bitmap_index = 7343, .adv_w = 192, .box_w = 12, .box_h = 12, .ofs_x = 0, .ofs_y = -1},
    {.bitmap_index = 7379, .adv_w = 192, .box_w = 12, .box_h = 13, .ofs_x = 0, .ofs_y = -2},
    {.bitmap_index = 7418, .adv_w = 192, .box_w = 12, .box_h = 11, .ofs_x = 0, .ofs_y = -1},
    {.bitmap_index = 7451, .adv_w = 192, .box_w = 12, .box_h = 12, .ofs_x = 0, .ofs_y = -2},
    {.bitmap_index = 7487, .adv_w = 192, .box_w = 12, .box_h = 13, .ofs_x = 0, .ofs_y = -2},
    {.bitmap_index = 7526, .adv_w = 192, .box_w = 12, .box_h = 11, .ofs_x = 0, .ofs_y = -1},
    {.bitmap_index = 7559, .adv_w = 192, .box_w = 12, .box_h = 12, .ofs_x = 0, .ofs_y = -1},
    {.bitmap_index = 7595, .adv_w = 192, .box_w = 12, .box_h = 12, .ofs_x = 0, .ofs_y = -1},
    {.bitmap_index = 7631, .adv_w = 192, .box_w = 12, .box_h = 13, .ofs_x = 0, .ofs_y = -2},
    {.bitmap_index = 7670, .adv_w = 192, .box_w = 12, .box_h = 12, .ofs_x = 0, .ofs_y = -2},
    {.bitmap_index = 7706, .adv_w = 192, .box_w = 12, .box_h = 13, .ofs_x = 0, .ofs_y = -2},
    {.bitmap_index = 7745, .adv_w = 192, .box_w = 12, .box_h = 11, .ofs_x = 0, .ofs_y = -1},
    {.bitmap_index = 7778, .adv_w = 192, .box_w = 12, .box_h = 12, .ofs_x = 0, .ofs_y = -1},
    {.bitmap_index = 7814, .adv_w = 192, .box_w = 12, .box_h = 12, .ofs_x = 0, .ofs_y = -1},
    {.bitmap_index = 7850, .adv_w = 192, .box_w = 12, .box_h = 12, .ofs_x = 0, .ofs_y = -1},
    {.bitmap_index = 7886, .adv_w = 192, .box_w = 12, .box_h = 12, .ofs_x = 0, .ofs_y = -1},
    {.bitmap_index = 7922, .adv_w = 192, .box_w = 12, .box_h = 12, .ofs_x = 0, .ofs_y = -1},
    {.bitmap_index = 7958, .adv_w = 192, .box_w = 12, .box_h = 12, .ofs_x = 0, .ofs_y = -1},
    {.bitmap_index = 7994, .adv_w = 192, .box_w = 12, .box_h = 12, .ofs_x = 0, .ofs_y = -1},
    {.bitmap_index = 8030, .adv_w = 192, .box_w = 12, .box_h = 12, .ofs_x = 0, .ofs_y = -1},
    {.bitmap_index = 8066, .adv_w = 192, .box_w = 12, .box_h = 12, .ofs_x = 0, .ofs_y = -1},
    {.bitmap_index = 8102, .adv_w = 192, .box_w = 12, .box_h = 13, .ofs_x = 0, .ofs_y = -2},
    {.bitmap_index = 8141, .adv_w = 192, .box_w = 12, .box_h = 12, .ofs_x = 0, .ofs_y = -1},
    {.bitmap_index = 8177, .adv_w = 192, .box_w = 12, .box_h = 13, .ofs_x = 0, .ofs_y = -2},
    {.bitmap_index = 8216, .adv_w = 192, .box_w = 12, .box_h = 12, .ofs_x = 0, .ofs_y = -1},
    {.bitmap_index = 8252, .adv_w = 192, .box_w = 12, .box_h = 13, .ofs_x = 0, .ofs_y = -2},
    {.bitmap_index = 8291, .adv_w = 192, .box_w = 12, .box_h = 13, .ofs_x = 0, .ofs_y = -2},
    {.bitmap_index = 8330, .adv_w = 192, .box_w = 12, .box_h = 13, .ofs_x = 0, .ofs_y = -2},
    {.bitmap_index = 8369, .adv_w = 192, .box_w = 12, .box_h = 12, .ofs_x = 0, .ofs_y = -1},
    {.bitmap_index = 8405, .adv_w = 192, .box_w = 12, .box_h = 12, .ofs_x = 0, .ofs_y = -1},
    {.bitmap_index = 8441, .adv_w = 192, .box_w = 12, .box_h = 12, .ofs_x = 0, .ofs_y = -1},
    {.bitmap_index = 8477, .adv_w = 192, .box_w = 12, .box_h = 12, .ofs_x = 0, .ofs_y = -1},
    {.bitmap_index = 8513, .adv_w = 192, .box_w = 13, .box_h = 13, .ofs_x = 0, .ofs_y = -2},
    {.bitmap_index = 8556, .adv_w = 192, .box_w = 12, .box_h = 12, .ofs_x = 0, .ofs_y = -1},
    {.bitmap_index = 8592, .adv_w = 192, .box_w = 12, .box_h = 13, .ofs_x = 0, .ofs_y = -2},
    {.bitmap_index = 8631, .adv_w = 192, .box_w = 12, .box_h = 12, .ofs_x = 0, .ofs_y = -1},
    {.bitmap_index = 8667, .adv_w = 192, .box_w = 12, .box_h = 11, .ofs_x = 0, .ofs_y = -1},
    {.bitmap_index = 8700, .adv_w = 192, .box_w = 12, .box_h = 12, .ofs_x = 0, .ofs_y = -1},
    {.bitmap_index = 8736, .adv_w = 192, .box_w = 12, .box_h = 13, .ofs_x = 0, .ofs_y = -2},
    {.bitmap_index = 8775, .adv_w = 192, .box_w = 12, .box_h = 12, .ofs_x = 0, .ofs_y = -1},
    {.bitmap_index = 8811, .adv_w = 192, .box_w = 12, .box_h = 12, .ofs_x = 0, .ofs_y = -1},
    {.bitmap_index = 8847, .adv_w = 192, .box_w = 10, .box_h = 12, .ofs_x = 1, .ofs_y = -2},
    {.bitmap_index = 8877, .adv_w = 192, .box_w = 10, .box_h = 11, .ofs_x = 1, .ofs_y = -1},
    {.bitmap_index = 8905, .adv_w = 192, .box_w = 10, .box_h = 11, .ofs_x = 1, .ofs_y = -1},
    {.bitmap_index = 8933, .adv_w = 192, .box_w = 10, .box_h = 12, .ofs_x = 1, .ofs_y = -2},
    {.bitmap_index = 8963, .adv_w = 192, .box_w = 10, .box_h = 11, .ofs_x = 1, .ofs_y = -1},
    {.bitmap_index = 8991, .adv_w = 192, .box_w = 10, .box_h = 12, .ofs_x = 1, .ofs_y = -2},
    {.bitmap_index = 9021, .adv_w = 192, .box_w = 10, .box_h = 11, .ofs_x = 1, .ofs_y = -1},
    {.bitmap_index = 9049, .adv_w = 192, .box_w = 11, .box_h = 12, .ofs_x = 1, .ofs_y = -1},
    {.bitmap_index = 9082, .adv_w = 192, .box_w = 12, .box_h = 4, .ofs_x = 0, .ofs_y = 6},
    {.bitmap_index = 9094, .adv_w = 192, .box_w = 7, .box_h = 4, .ofs_x = 0, .ofs_y = 6},
    {.bitmap_index = 9101, .adv_w = 192, .box_w = 7, .box_h = 13, .ofs_x = 2, .ofs_y = -2},
    {.bitmap_index = 9124, .adv_w = 192, .box_w = 6, .box_h = 8, .ofs_x = 3, .ofs_y = -1},
    {.bitmap_index = 9136, .adv_w = 192, .box_w = 5, .box_h = 11, .ofs_x = 4, .ofs_y = -1}
};

/*---------------------
 *  CHARACTER MAPPING
 *--------------------*/

static const uint16_t unicode_list_1[] = {
    0x0, 0x31, 0x33, 0x1c06, 0x1c21, 0x1c9a, 0x1cf1, 0x2130,
    0x2bfb, 0x2c3f, 0x2c76, 0x2cd4, 0x2d13, 0x2d17, 0x2e0f, 0x2e12,
    0x4aac, 0x4ace, 0x4af3, 0x4b65, 0x4b68, 0x4b6b, 0x4c89, 0x4d46,
    0x4d6a, 0x4d9b, 0x4da0, 0x4edb, 0x4f89, 0x4fb4, 0x505e, 0x5141,
    0x51c5, 0x5220, 0x525e, 0x5268, 0x527c, 0x529b, 0x52d6, 0x52d7,
    0x537d, 0x53a7, 0x53c9, 0x540d, 0x5410, 0x5485, 0x548a, 0x54f9,
    0x54fe, 0x5526, 0x559d, 0x55c9, 0x55cb, 0x55d7, 0x5611, 0x5622,
    0x562f, 0x56db, 0x5718, 0x5719, 0x57a6, 0x57c3, 0x57dc, 0x586b,
    0x590d, 0x591f, 0x5920, 0x5972, 0x5973, 0x5977, 0x5a22, 0x5b31,
    0x5b35, 0x5b55, 0x5b6d, 0x5bc1, 0x5c78, 0x5c83, 0x5caf, 0x5d1b,
    0x5e14, 0x5f21, 0x5f3e, 0x5fc0, 0x6022, 0x603f, 0x60a0, 0x60a7,
    0x6152, 0x61b5, 0x6259, 0x628d, 0x629f, 0x6336, 0x6357, 0x636d,
    0x63b5, 0x6436, 0x64d2, 0x64de, 0x64f0, 0x6512, 0x652e, 0x6567,
    0x65f7, 0x66bc, 0x66c0, 0x66ff, 0x6710, 0x6824, 0x68db, 0x6935,
    0x693e, 0x694a, 0x694e, 0x6951, 0x696a, 0x6981, 0x6986, 0x698a,
    0x69b5, 0x6a24, 0x6a5e, 0x6ba4, 0x6ba7, 0x6bdc, 0x6c27, 0x6c3d,
    0x6c4c, 0x6ca0, 0x6cc6, 0x6d3c, 0x6d4f, 0x6d64, 0x6da8, 0x6daa,
    0x6e36, 0x6e5f, 0x6e9f, 0x6ea0, 0x6fc9, 0x7043, 0x706f, 0x7075,
    0x7079, 0x70c0, 0x70d6, 0x7123, 0x7126, 0x716c, 0x719d, 0x721d,
    0x729d, 0x75e5, 0x76e2, 0x76f3, 0x76fa, 0x77a5, 0x781a, 0x787c,
    0x789d, 0x78a8, 0x7973, 0x797b, 0x7982, 0x79e3, 0x7a31, 0x7a44,
    0x7a49, 0x7aae, 0x7aba, 0x7ace, 0x7aec, 0x7aef, 0x7af1, 0x7b01,
    0x7d3f, 0x8267, 0x85b2, 0x85d4, 0x87a1, 0x890d, 0x8a5b, 0x8b97,
    0x8ce2, 0x8e74, 0x8f3a, 0x8f3d, 0x8f3f, 0x8f40, 0x8f41, 0x8f42,
    0x8f45, 0x8f47, 0x8f48, 0x8f53, 0x8f54, 0x8f9b, 0x8fa2, 0x8fa5,
    0x8fa6, 0x8fa7, 0x8fa9, 0x8faf, 0x8fb0, 0x8fb2, 0x8fb4, 0x8fb6,
    0x8fbb, 0x9005, 0x900a, 0x9010, 0x9016, 0x9017, 0x901c, 0x9065,
    0x9199, 0x919c, 0x91a0, 0x91ab, 0x91ac, 0x91b0, 0x91b6, 0x9a31,
    0xfa2e, 0xfa30, 0xfaf2, 0xfb33, 0xfb34
};

/*Collect the unicode lists and glyph_id offsets*/
static const lv_font_fmt_txt_cmap_t cmaps[] =
{
    {
        .range_start = 32, .range_length = 95, .glyph_id_start = 1,
        .unicode_list = NULL, .glyph_id_ofs_list = NULL, .list_length = 0, .type = LV_FONT_FMT_TXT_CMAP_FORMAT0_TINY
    },
    {
        .range_start = 1042, .range_length = 64309, .glyph_id_start = 96,
        .unicode_list = unicode_list_1, .glyph_id_ofs_list = NULL, .list_length = 229, .type = LV_FONT_FMT_TXT_CMAP_SPARSE_TINY
    }
};

/*-----------------
 *    KERNING
 *----------------*/


/*Map glyph_ids to kern left classes*/
static const uint8_t kern_left_class_mapping[] =
{
    0, 0, 0, 1, 0, 0, 0, 0,
    1, 2, 3, 0, 4, 0, 4, 0,
    5, 0, 0, 0, 0, 0, 0, 0,
    0, 0, 0, 0, 0, 0, 0, 4,
    6, 7, 8, 9, 10, 7, 11, 12,
    13, 14, 14, 15, 16, 17, 14, 14,
    7, 18, 0, 19, 20, 21, 15, 5,
    22, 23, 24, 25, 2, 8, 3, 0,
    0, 0, 26, 27, 28, 29, 30, 31,
    32, 26, 0, 33, 34, 29, 26, 26,
    27, 27, 0, 35, 36, 37, 32, 38,
    38, 39, 38, 40, 2, 0, 3, 4,
    9, 38, 39, 0, 0, 0, 10, 0,
    0, 0, 0, 0, 0, 0, 0, 0,
    0, 0, 0, 0, 0, 0, 0, 0,
    0, 0, 0, 0, 0, 0, 0, 0,
    0, 0, 0, 0, 0, 0, 0, 0,
    0, 0, 0, 0, 0, 0, 0, 0,
    0, 0, 0, 0, 0, 0, 0, 0,
    0, 0, 0, 0, 0, 0, 0, 0,
    0, 0, 0, 0, 0, 0, 0, 0,
    0, 0, 0, 0, 0, 0, 0, 0,
    0, 0, 0, 0, 0, 0, 0, 0,
    0, 0, 0, 0, 0, 0, 0, 0,
    0, 0, 0, 0, 0, 0, 0, 0,
    0, 0, 0, 0, 0, 0, 0, 0,
    0, 0, 0, 0, 0, 0, 0, 0,
    0, 0, 0, 0, 0, 0, 0, 0,
    0, 0, 0, 0, 0, 0, 0, 0,
    0, 0, 0, 0, 0, 0, 0, 0,
    0, 0, 0, 0, 0, 0, 0, 0,
    0, 0, 0, 0, 0, 0, 0, 0,
    0, 0, 0, 0, 0, 0, 0, 0,
    0, 0, 0, 0, 0, 0, 0, 0,
    0, 0, 0, 0, 0, 0, 0, 0,
    0, 0, 0, 0, 0, 0, 0, 0,
    0, 0, 0, 0, 0, 0, 0, 0,
    0, 0, 0, 0, 0, 0, 0, 0,
    0, 0, 0, 0, 0, 0, 0, 0,
    0, 0, 0, 0, 0, 0, 0, 0,
    0, 0, 0, 0, 0
};

/*Map glyph_ids to kern right classes*/
static const uint8_t kern_right_class_mapping[] =
{
    0, 1, 0, 2, 0, 0, 0, 0,
    2, 0, 3, 0, 4, 5, 4, 5,
    6, 0, 0, 0, 0, 0, 0, 0,
    0, 0, 0, 0, 0, 4, 0, 0,
    7, 8, 6, 9, 8, 9, 9, 9,
    8, 9, 9, 10, 9, 9, 9, 9,
    8, 9, 8, 9, 11, 12, 13, 14,
    15, 16, 17, 18, 0, 14, 3, 0,
    5, 0, 19, 20, 21, 21, 21, 22,
    21, 20, 0, 23, 20, 20, 24, 24,
    21, 0, 21, 24, 25, 26, 27, 28,
    28, 29, 28, 30, 0, 0, 3, 4,
    9, 28, 29, 31, 0, 0, 0, 0,
    0, 0, 0, 0, 0, 0, 0, 0,
    0, 0, 0, 0, 0, 0, 0, 0,
    0, 0, 0, 0, 0, 0, 0, 0,
    0, 0, 0, 0, 0, 0, 0, 0,
    0, 0, 0, 0, 0, 0, 0, 0,
    0, 0, 0, 0, 0, 0, 0, 0,
    0, 0, 0, 0, 0, 0, 0, 0,
    0, 0, 0, 0, 0, 0, 0, 0,
    0, 0, 0, 0, 0, 0, 0, 0,
    0, 0, 0, 0, 0, 0, 0, 0,
    0, 0, 0, 0, 0, 0, 0, 0,
    0, 0, 0, 0, 0, 0, 0, 0,
    0, 0, 0, 0, 0, 0, 0, 0,
    0, 0, 0, 0, 0, 0, 0, 0,
    0, 0, 0, 0, 0, 0, 0, 0,
    0, 0, 0, 0, 0, 0, 0, 0,
    0, 0, 0, 0, 0, 0, 0, 0,
    0, 0, 0, 0, 0, 0, 0, 0,
    0, 0, 0, 0, 0, 0, 0, 0,
    0, 0, 0, 0, 0, 0, 0, 0,
    0, 0, 0, 0, 0, 0, 0, 0,
    0, 0, 0, 0, 0, 0, 0, 0,
    0, 0, 0, 0, 0, 0, 0, 0,
    0, 0, 0, 0, 0, 0, 0, 0,
    0, 0, 0, 0, 0, 0, 0, 0,
    0, 0, 0, 0, 0, 0, 0, 0,
    0, 0, 0, 0, 0, 0, 0, 0,
    0, 0, 0, 0, 0
};

/*Kern values between classes*/
static const int8_t kern_class_values[] =
{
    0, 0, 0, 0, 0, 0, 3, 0,
    0, 0, 0, 0, 0, 0, 0, 0,
    0, 0, 0, 0, 0, 0, 0, 0,
    0, 0, 0, 0, 0, 0, 0, 0,
    0, 0, 0, 0, 0, 0, 0, 0,
    0, 0, 0, 0, 4, 0, 4, 4,
    2, 0, 3, 0, 0, 13, 0, 0,
    4, 0, 0, 0, 0, 0, 0, 0,
    0, 0, 0, 0, 0, 0, 0, 0,
    0, 0, 0, 0, 0, 0, 0, 0,
    0, 0, 0, 0, 6, 0, 0, 0,
    0, 0, 0, 0, 0, 0, 0, 0,
    0, 0, 0, -10, 0, 0, 0, 0,
    0, 0, 0, 0, 0, 0, 0, 0,
    0, 0, 0, 0, 0, 0, 0, 0,
    0, 0, 0, 0, -8, 4, 4, -8,
    -26, -16, 4, -6, 0, -22, -1, 4,
    0, 0, 0, 0, 0, 0, -13, 0,
    -13, -4, 0, -8, -10, 0, -8, -8,
    -10, -10, 4, 0, 0, 0, -6, -18,
    0, 0, 0, 0, 0, 0, 0, 0,
    0, 0, 0, 0, 0, 0, 0, 0,
    0, 0, 0, 0, 0, 0, 0, 0,
    0, 0, 0, -5, 0, 0, -8, -6,
    0, 0, 0, -7, 0, -6, 0, -6,
    -3, -6, -10, -5, 0, 0, 0, 0,
    0, 0, 0, 0, 0, 0, 0, 0,
    -5, -8, -23, 0, -12, 6, 0, -13,
    -6, 0, 0, 0, -15, -2, -16, -12,
    0, -20, 4, 0, 0, -2, 0, 0,
    0, 0, 0, 0, -7, 0, 0, -23,
    0, -2, 0, 0, 0, -2, 0, 0,
    0, 3, 0, -7, 0, -8, -2, 0,
    -10, 0, 0, 0, 0, 0, 0, 0,
    0, 0, 0, 0, 0, 0, 0, 0,
    2, 0, -6, 5, 0, 6, -3, 0,
    0, 0, 1, 0, 0, 0, 0, 1,
    0, 0, 0, 0, 0, 0, 0, 0,
    0, 0, -4, 0, 0, 0, 0, 0,
    0, 0, 2, 0, 2, -2, 0, 2,
    0, 0, 0, -2, 0, 0, -2, 0,
    -2, 0, -2, -3, 0, 0, -2, -2,
    -2, -4, -2, 0, 0, -2, 5, 0,
    1, -25, -11, 7, -1, 0, -27, 0,
    4, 0, 0, 0, 0, 0, 0, -8,
    0, -6, -2, 0, -4, 0, -3, 0,
    -4, -7, -5, 6, 0, 0, 0, 0,
    4, 0, 2, 0, 0, 0, 0, 0,
    0, 0, 0, 0, 0, 0, 0, 0,
    0, 0, 0, 0, 0, 0, 0, 0,
    0, 0, 0, 0, 0, 0, 0, 0,
    0, 1, 0, 0, 0, 0, 0, 0,
    0, 0, 0, 0, 0, 0, 0, 0,
    0, 0, 0, 0, 0, 0, 0, 0,
    0, 0, 0, 0, 0, 0, -6, -2,
    0, 0, 0, -6, 0, 0, 0, 0,
    0, 0, 0, 0, 0, 0, 0, 0,
    0, 0, 0, 0, 0, 0, 0, 0,
    0, -8, 0, 0, -21, 4, 0, 0,
    -11, -2, 0, -2, 0, -4, 0, 0,
    0, 0, 0, -5, 0, -6, -7, 0,
    -2, -2, -6, -7, -12, -6, 0, 0,
    -10, -19, 0, -17, 6, 0, -13, -10,
    0, 3, -2, -25, -8, -28, -21, 0,
    -34, 0, -1, 0, -4, -4, 0, 0,
    0, -5, -6, -18, 0, 0, 0, -2,
    2, 0, 2, -27, -15, 2, 0, 0,
    -31, 0, 0, 0, 0, 0, -4, 0,
    -6, -6, 0, -6, 0, 0, 0, 0,
    0, 0, 2, 0, 0, 4, 0, -2,
    0, -2, 8, 0, -1, -2, 0, 0,
    1, -2, -2, -5, -2, 0, -8, 0,
    0, 0, -2, 0, 0, 0, 0, 0,
    0, 0, 0, 0, 0, 0, 0, 0,
    0, 0, 0, 2, 0, 0, 0, 4,
    0, 0, -2, 0, 0, -3, 1, 0,
    0, 0, 0, 0, 0, 0, 0, 0,
    0, 0, 0, 1, -6, 6, 0, -15,
    -21, -15, 6, -6, 0, -27, 0, 4,
    0, 4, 4, 0, 0, 0, -22, 0,
    -21, -9, 0, -17, -22, -7, -16, -20,
    -20, -17, 2, -2, 4, 0, -4, -14,
    -12, 0, -3, 0, -13, 0, 4, 0,
    0, 0, 0, 0, 0, -14, 0, -12,
    -3, 0, -7, -8, 0, -5, -4, -6,
    -6, 2, 0, 0, 4, -17, 2, 0,
    3, -6, 0, 0, 0, 0, 0, 0,
    0, 0, 0, 0, -4, 0, -6, 0,
    0, -3, -3, -5, -5, -11, 0, 0,
    0, -6, 3, 4, -13, -26, -20, 2,
    -10, 0, -26, -3, 0, 0, 0, 0,
    0, 0, 0, -21, 0, -19, -9, 0,
    -15, -17, -6, -14, -13, -12, -14, 0,
    0, 0, 2, -10, 4, 0, 2, -6,
    0, 0, -2, 0, 0, 0, 0, 0,
    0, 0, -1, 0, -3, 0, 0, 0,
    0, 0, 0, -6, 0, 0, 2, 0,
    -8, 0, 0, 0, 0, -5, 0, 0,
    0, 0, -16, 0, -13, -12, -1, -18,
    0, 0, 0, 0, 0, 0, 0, 0,
    0, 0, -2, 0, 0, -10, 0, -10,
    0, -2, -6, 0, -7, 0, 0, 0,
    0, -21, 0, -13, -12, -6, -19, 0,
    -2, 0, 0, -2, 0, 0, 0, -1,
    0, -3, -4, -5, -12, 0, 1, 0,
    4, 5, 0, -2, 0, 0, 0, 0,
    -15, 0, -9, -6, 4, -13, 0, 0,
    0, -1, 2, 0, 0, 0, 4, 0,
    0, 2, 2, 2, 0, 0, 3, 0,
    0, 0, 2, 0, 0, 0, 0, 0,
    0, 0, 0, 0, 0, 0, 0, 0,
    0, 0, 0, 0, 0, 0, 0, 0,
    0, 0, 0, 0, 0, 0, 3, 0,
    0, -4, 0, 0, 0, 0, -13, 0,
    -10, -8, -2, -15, 0, 0, 0, 0,
    0, 0, 0, 2, 0, 0, 1, -1,
    0, -7, 0, 8, 0, -2, -15, 0,
    8, 0, 0, 0, 0, 0, 0, 0,
    0, 0, 0, 0, -5, 0, -5, 0,
    0, 0, 0, 2, 0, 0, 0, 0,
    9, 0, 0, 0, 0, 0, 0, -5,
    0, 0, 0, 0, -17, 0, -8, -7,
    0, -15, 0, 0, 0, 0, 0, 0,
    0, 0, 0, 0, 0, 0, 0, 0,
    0, 0, 2, 0, 0, 0, 0, 0,
    0, 0, 0, 0, 0, 0, 0, 0,
    0, 0, 0, 0, 0, 0, 6, 0,
    0, 0, 0, 0, 0, 0, 0, -4,
    0, 0, -5, 5, 0, -9, 0, 0,
    0, 0, -18, 0, -11, -10, 0, -15,
    0, -6, 0, -4, 0, 0, 0, -2,
    0, -1, 0, 0, 0, 0, 0, 4,
    0, 2, -20, -7, -6, 0, 0, -21,
    0, 0, 0, -7, 0, -8, -13, 0,
    -8, 0, -6, 0, 0, 0, -1, 5,
    0, 0, 0, 0, 2, 0, -6, 0,
    0, 0, 0, -6, 0, 0, 0, 0,
    -20, 0, -13, -9, 0, -19, 0, 0,
    0, 0, 0, 0, 0, 2, 0, 0,
    -1, 0, 2, -4, 0, -2, 2, 0,
    5, 0, -4, 0, 0, 0, 0, -14,
    0, -8, 0, 0, -12, 0, 0, 0,
    -1, 0, 0, 0, 0, 0, 0, 0,
    0, 0, 0, 0, 0, 0, 0, -17,
    -7, -5, 0, 0, -14, 0, -20, 0,
    -8, -4, -11, -13, 0, -3, 0, -3,
    0, 0, 0, -1, 0, 0, 0, 0,
    0, 0, 0, 0, 0, -4, 2, 0,
    -8, 0, 0, 0, 0, -20, 0, -10,
    -6, 0, -12, 0, -3, 0, -4, 0,
    0, 0, 0, 2, 0, 0, 0, 0,
    0, 0, 0, 0, 0, 2, 0, -6,
    0, 0, 0, 0, -19, 0, -10, -5,
    0, -13, 0, -3, 0, -4, 0, 0,
    0, 0, 0, 0, 0, 0, 0, 0
};


/*Collect the kern class' data in one place*/
static const lv_font_fmt_txt_kern_classes_t kern_classes =
{
    .class_pair_values   = kern_class_values,
    .left_class_mapping  = kern_left_class_mapping,
    .right_class_mapping = kern_right_class_mapping,
    .left_class_cnt      = 40,
    .right_class_cnt     = 31,
};

/*--------------------
 *  ALL CUSTOM DATA
 *--------------------*/

#if LVGL_VERSION_MAJOR == 8
/*Store all the custom data of the font*/
static  lv_font_fmt_txt_glyph_cache_t cache;
#endif

#if LVGL_VERSION_MAJOR >= 8
static const lv_font_fmt_txt_dsc_t font_dsc = {
#else
static lv_font_fmt_txt_dsc_t font_dsc = {
#endif
    .glyph_bitmap = glyph_bitmap,
    .glyph_dsc = glyph_dsc,
    .cmaps = cmaps,
    .kern_dsc = &kern_classes,
    .kern_scale = 16,
    .cmap_num = 2,
    .bpp = 2,
    .kern_classes = 1,
    .bitmap_format = 0,
#if LVGL_VERSION_MAJOR == 8
    .cache = &cache
#endif
};

extern const lv_font_t lv_font_montserrat_12;


/*-----------------
 *  PUBLIC FONT
 *----------------*/

/*Initialize a public general font descriptor*/
#if LVGL_VERSION_MAJOR >= 8
const lv_font_t lv_font_harmonyos_12 = {
#else
lv_font_t lv_font_harmonyos_12 = {
#endif
    .get_glyph_dsc = lv_font_get_glyph_dsc_fmt_txt,    /*Function pointer to get glyph's data*/
    .get_glyph_bitmap = lv_font_get_bitmap_fmt_txt,    /*Function pointer to get glyph's bitmap*/
    .line_height = 15,          /*The maximum line height required by the font*/
    .base_line = 3,             /*Baseline measured from the bottom of the line*/
#if !(LVGL_VERSION_MAJOR == 6 && LVGL_VERSION_MINOR == 0)
    .subpx = LV_FONT_SUBPX_NONE,
#endif
#if LV_VERSION_CHECK(7, 4, 0) || LVGL_VERSION_MAJOR >= 8
    .underline_position = -1,
    .underline_thickness = 1,
#endif
    .dsc = &font_dsc,          /*The custom font data. Will be accessed by `get_glyph_bitmap/dsc` */
#if LV_VERSION_CHECK(8, 2, 0) || LVGL_VERSION_MAJOR >= 9
    .fallback = &lv_font_montserrat_12,
#endif
    .user_data = NULL,
};



#endif /*#if LV_FONT_HARMONYOS_12*/
