/*******************************************************************************
 * Size: 16 px
 * Bpp: 2
 * Opts: --font docs\resources\fonts\HarmonyOS_Sans_SC_Medium.ttf --size 16 --bpp 2 --no-compress --range 32-127 --symbols 銆佷竴涓婁笅涓嶄笌涓腑涓蹭负涓讳簬浜粎浠嶄欢浼犱綅浣撲綔浣夸緵淇″€煎仠鍌ㄥ厛鍏嬪叆鍏冲啓鍑忓嚭鍒嗗垏鍒涘垹鍒板埛鍓嶅姛鍔犲姩鍗忓崟鍗犲崱鍗冲彇鍙ｅ彧鍙彿鍚屽悕鍚楀惁鍚櫒鍥炲浐鍦ㄥ澹板澶嶅澶уけ濮嬪瓨瀹屽畾灏忓皯灞忓嘲宸插箷搴﹀缓寮€寮忓綍鎭㈡伅鎴愭墜鎷╂寕鎸夋崲鎹帴鎻愭彃鏁堟暟鏂囨柇鏂版棤鏂规椂鏄樉鏆傛渶鏈湰鏈烘牱鏍兼妯℃姝ｆ姝ユ案娴嬫秷娣辩増鐗欑嫭鐜囩悊鐢熺敤鐢电晫鐨勭泭鐩煡鐮佺‘绀虹绌虹珛绠＄郴绾х嚎缁堢粺缃€呰兘鑷摑瑕佽В璁よ璁捐瘯璇疯璋冭触瓒呰浇杈撹繃杩旇繖杩涜繛閫夐€氶亾閮ㄩ噰閲嶉噺閽熼挳閾鹃暱闂櫎闈㈤煶椤甸」棰戦楹﹂粯 --format lvgl --lv-font-name lv_font_harmonyos_16 --lv-fallback lv_font_montserrat_16 -o Receiver\src\res\font\lv_font_harmonyos_16.c
 ******************************************************************************/

#ifdef __has_include
#if __has_include("lvgl.h")
#ifndef LV_LVGL_H_INCLUDE_SIMPLE
#define LV_LVGL_H_INCLUDE_SIMPLE
#endif
#endif
#endif

#ifdef LV_LVGL_H_INCLUDE_SIMPLE
#include "lvgl.h"
#else
#include "lvgl/lvgl.h"
#endif

#ifndef LV_FONT_HARMONYOS_16
#define LV_FONT_HARMONYOS_16 1
#endif

#if LV_FONT_HARMONYOS_16

/*-----------------
 *    BITMAPS
 *----------------*/

/*Store the image of the glyphs*/
static LV_ATTRIBUTE_LARGE_CONST const uint8_t glyph_bitmap[] = {
    /* U+0020 " " */

    /* U+0021 "!" */
    0x3c, 0x3c, 0x38, 0x38, 0x38, 0x38, 0x28, 0x28,
    0x28, 0x0, 0x0, 0x3c, 0x38,

    /* U+0022 "\"" */
    0x10, 0x43, 0x5c, 0x35, 0xc3, 0x5c, 0x34, 0xc0,

    /* U+0023 "#" */
    0x0, 0xd1, 0xc0, 0x7, 0xb, 0x1, 0xbe, 0xbe,
    0xb, 0xff, 0xfd, 0x3, 0x43, 0x40, 0x1c, 0x1c,
    0x0, 0xb0, 0xb0, 0x1b, 0xeb, 0xe0, 0xff, 0xff,
    0xd0, 0x74, 0x70, 0x1, 0xc2, 0xc0, 0xb, 0xe,
    0x0,

    /* U+0024 "$" */
    0x0, 0xe0, 0x0, 0x38, 0x0, 0x6f, 0x80, 0x7f,
    0xfc, 0x3c, 0xe7, 0x4d, 0x38, 0x43, 0xce, 0x0,
    0xbf, 0x80, 0x7, 0xfc, 0x0, 0x3f, 0xc0, 0xe,
    0x39, 0xc3, 0x8e, 0x3c, 0xe7, 0x87, 0xff, 0xc0,
    0x2f, 0x40, 0x3, 0x80, 0x0, 0xe0, 0x0,

    /* U+0025 "%" */
    0x2f, 0x80, 0x74, 0x1e, 0xb4, 0x3c, 0xb, 0xe,
    0x1d, 0x2, 0xd7, 0x4e, 0x0, 0x3f, 0xcb, 0x0,
    0x0, 0x3, 0x80, 0x0, 0x3, 0xc0, 0x0, 0x1,
    0xd3, 0xf8, 0x0, 0xf2, 0xdb, 0x40, 0xb0, 0xe0,
    0xd0, 0x38, 0x2d, 0xb0, 0x2c, 0x2, 0xf4,

    /* U+0026 "&" */
    0x1, 0xfd, 0x0, 0x7, 0xef, 0x0, 0xf, 0x7,
    0x40, 0xf, 0x7, 0x40, 0x7, 0x9f, 0x0, 0x3,
    0xf8, 0x10, 0xf, 0xf0, 0x34, 0x3d, 0x3c, 0x70,
    0x38, 0x1f, 0xf0, 0x74, 0x7, 0xd0, 0x38, 0x3,
    0xe0, 0x2e, 0x6f, 0xb4, 0xb, 0xf8, 0x3d,

    /* U+0027 "'" */
    0x10, 0xd3, 0x4d, 0x34,

    /* U+0028 "(" */
    0x6, 0x3, 0x82, 0xc0, 0xe0, 0x74, 0x2c, 0xf,
    0x3, 0xc0, 0xf0, 0x3c, 0xb, 0x1, 0xc0, 0x34,
    0xf, 0x1, 0xd0, 0x2c,

    /* U+0029 ")" */
    0x60, 0xe, 0x1, 0xd0, 0x3c, 0xb, 0x1, 0xd0,
    0x38, 0xe, 0x3, 0x80, 0xe0, 0x74, 0x2c, 0xf,
    0x3, 0x42, 0xc1, 0xc0,

    /* U+002A "*" */
    0x3, 0x0, 0x8c, 0x82, 0xff, 0x3, 0xf0, 0x7b,
    0xb4, 0xc, 0x0, 0x20, 0x0,

    /* U+002B "+" */
    0x0, 0x0, 0x0, 0x34, 0x0, 0xd, 0x0, 0x3,
    0x40, 0x3f, 0xff, 0x8a, 0xba, 0x90, 0xd, 0x0,
    0x3, 0x40, 0x0, 0xd0, 0x0,

    /* U+002C "," */
    0x0, 0x3c, 0x2c, 0xc, 0x28, 0x10,

    /* U+002D "-" */
    0x0, 0x0, 0xff, 0xf1, 0x55, 0x40,

    /* U+002E "." */
    0x0, 0xf3, 0x80,

    /* U+002F "/" */
    0x0, 0xb0, 0x3, 0x80, 0x1d, 0x0, 0xb0, 0x3,
    0x80, 0x1c, 0x0, 0xf0, 0x3, 0x40, 0x2c, 0x0,
    0xf0, 0x3, 0x40, 0x2c, 0x0,

    /* U+0030 "0" */
    0x7, 0xf4, 0x3, 0xef, 0x42, 0xc0, 0xf0, 0xf0,
    0x2d, 0x38, 0x7, 0x4e, 0x1, 0xe3, 0x80, 0x78,
    0xe0, 0x1d, 0x3c, 0xb, 0x4b, 0x3, 0xc0, 0xfb,
    0xd0, 0x1f, 0xd0,

    /* U+0031 "1" */
    0x2, 0xd2, 0xfd, 0x7a, 0xd4, 0x1d, 0x1, 0xd0,
    0x1d, 0x1, 0xd0, 0x1d, 0x1, 0xd0, 0x1d, 0x1,
    0xd0, 0x1d,

    /* U+0032 "2" */
    0x7, 0xf4, 0x7, 0xef, 0x83, 0xc0, 0xf0, 0x40,
    0x3c, 0x0, 0xf, 0x0, 0x7, 0x80, 0x7, 0xc0,
    0x3, 0xc0, 0x3, 0xc0, 0x3, 0xc0, 0x3, 0xfa,
    0xa4, 0xff, 0xfd,

    /* U+0033 "3" */
    0x7, 0xf8, 0xb, 0xef, 0x83, 0x80, 0xf0, 0x0,
    0x3c, 0x1, 0xbd, 0x0, 0xbf, 0x0, 0x1, 0xf0,
    0x0, 0x2d, 0x10, 0x7, 0x4e, 0x3, 0xc2, 0xfb,
    0xe0, 0x1f, 0xe0,

    /* U+0034 "4" */
    0x0, 0x74, 0x0, 0xf, 0x0, 0x1, 0xd0, 0x0,
    0x3c, 0x0, 0x7, 0x48, 0x0, 0xf1, 0xd0, 0x1d,
    0x1d, 0x3, 0xc1, 0xd0, 0x7f, 0xff, 0xc2, 0xaa,
    0xe8, 0x0, 0x1d, 0x0, 0x1, 0xd0,

    /* U+0035 "5" */
    0x3f, 0xfc, 0x3e, 0xa4, 0x34, 0x0, 0x74, 0x0,
    0x7f, 0xe0, 0xbe, 0xf8, 0x60, 0x3c, 0x0, 0x2d,
    0x0, 0x1d, 0xb0, 0x3c, 0x7e, 0xf8, 0x1f, 0xd0,

    /* U+0036 "6" */
    0x0, 0x78, 0x0, 0x3c, 0x0, 0x2c, 0x0, 0xd,
    0x0, 0xf, 0xf8, 0x7, 0xef, 0xc3, 0xc0, 0xb4,
    0xe0, 0x1e, 0x38, 0x7, 0x8f, 0x2, 0xd1, 0xfb,
    0xf0, 0x1f, 0xe0,

    /* U+0037 "7" */
    0x3f, 0xff, 0x4a, 0xab, 0xc0, 0x0, 0xf0, 0x0,
    0x74, 0x0, 0x3c, 0x0, 0xe, 0x0, 0xb, 0x40,
    0x3, 0xc0, 0x1, 0xd0, 0x0, 0xf0, 0x0, 0x38,
    0x0, 0x2d, 0x0,

    /* U+0038 "8" */
    0x7, 0xf8, 0x7, 0xef, 0x83, 0xc0, 0xb0, 0xb0,
    0x3c, 0xf, 0xbd, 0x3, 0xff, 0x3, 0xd0, 0xf0,
    0xe0, 0x1d, 0x38, 0x7, 0x8f, 0x2, 0xd2, 0xfb,
    0xf0, 0x1f, 0xe0,

    /* U+0039 "9" */
    0x7, 0xf4, 0xb, 0xef, 0x83, 0xc0, 0xf1, 0xe0,
    0x1d, 0x78, 0x7, 0x4f, 0x47, 0xc1, 0xff, 0xe0,
    0xa, 0xf0, 0x0, 0x74, 0x0, 0x3c, 0x0, 0x2d,
    0x0, 0xe, 0x0,

    /* U+003A ":" */
    0xb3, 0xc0, 0x0, 0x0, 0x0, 0x3c, 0xb0,

    /* U+003B ";" */
    0xb2, 0xc0, 0x0, 0x0, 0x0, 0x2c, 0xb4, 0xca,
    0x10,

    /* U+003C "<" */
    0x0, 0x0, 0x0, 0x1, 0xe0, 0xb, 0xf4, 0x2f,
    0xd0, 0x3e, 0x0, 0xf, 0xd0, 0x0, 0x7f, 0x80,
    0x0, 0xbd, 0x0, 0x2, 0x40,

    /* U+003D "=" */
    0x3f, 0xff, 0x8a, 0xaa, 0x90, 0x0, 0x0, 0xaa,
    0xa9, 0x3f, 0xff, 0x80,

    /* U+003E ">" */
    0x0, 0x0, 0xe, 0x0, 0x2, 0xf8, 0x0, 0xb,
    0xf4, 0x0, 0x2f, 0x40, 0x1f, 0xd0, 0x7f, 0x40,
    0xfd, 0x0, 0x20, 0x0, 0x0,

    /* U+003F "?" */
    0x7, 0xf8, 0x7, 0xef, 0x83, 0xc0, 0xf0, 0x0,
    0x3c, 0x0, 0x1e, 0x0, 0x1e, 0x0, 0xe, 0x0,
    0x7, 0x0, 0x1, 0xc0, 0x0, 0x0, 0x0, 0x0,
    0x0, 0x7, 0x40, 0x1, 0xd0, 0x0,

    /* U+0040 "@" */
    0x0, 0x0, 0x0, 0x0, 0x0, 0x2f, 0xf9, 0x0,
    0x1, 0xf9, 0x5f, 0x80, 0x7, 0x80, 0x1, 0xe0,
    0xe, 0x6, 0x48, 0xb0, 0x2c, 0x2f, 0xed, 0x38,
    0x34, 0x38, 0x3d, 0x2c, 0x34, 0xb0, 0x1d, 0x1c,
    0x30, 0xb0, 0xd, 0x1c, 0x30, 0xb0, 0xd, 0x1c,
    0x34, 0x70, 0x1d, 0x1c, 0x2c, 0x3c, 0x7e, 0x38,
    0x1d, 0x1f, 0xe7, 0xf0, 0xb, 0x41, 0x0, 0x40,
    0x2, 0xe4, 0x19, 0x0, 0x0, 0x7f, 0xfd, 0x0,
    0x0, 0x0, 0x40, 0x0,

    /* U+0041 "A" */
    0x0, 0xb4, 0x0, 0x3, 0xe0, 0x0, 0x1f, 0xc0,
    0x0, 0xb3, 0x40, 0x3, 0x4f, 0x0, 0x1c, 0x1d,
    0x0, 0xe0, 0x38, 0x3, 0xff, 0xf0, 0x2e, 0xaa,
    0xd0, 0xe0, 0x3, 0xc7, 0x40, 0xb, 0x2c, 0x0,
    0xe,

    /* U+0042 "B" */
    0xbf, 0xf4, 0x2e, 0xaf, 0xcb, 0x0, 0xf2, 0xc0,
    0x2d, 0xb0, 0x1f, 0x2f, 0xff, 0x4b, 0xaa, 0xf6,
    0xc0, 0xf, 0xb0, 0x3, 0xec, 0x0, 0xfb, 0xaa,
    0xf6, 0xff, 0xe4,

    /* U+0043 "C" */
    0x1, 0xbf, 0x40, 0x1f, 0xef, 0x81, 0xf0, 0xf,
    0xf, 0x0, 0x0, 0x3c, 0x0, 0x0, 0xe0, 0x0,
    0x3, 0x80, 0x0, 0xf, 0x0, 0x0, 0x3c, 0x0,
    0x0, 0x7c, 0x3, 0xc0, 0x7e, 0xbe, 0x0, 0x6f,
    0xd0,

    /* U+0044 "D" */
    0xbf, 0xf4, 0xb, 0xab, 0xf0, 0xb0, 0xb, 0xcb,
    0x0, 0x2d, 0xb0, 0x0, 0xeb, 0x0, 0xe, 0xb0,
    0x0, 0xeb, 0x0, 0xe, 0xb0, 0x2, 0xdb, 0x0,
    0xbc, 0xba, 0xbf, 0xb, 0xff, 0x40,

    /* U+0045 "E" */
    0xbf, 0xfe, 0xba, 0xa9, 0xb0, 0x0, 0xb0, 0x0,
    0xb0, 0x0, 0xbf, 0xfc, 0xba, 0xa8, 0xb0, 0x0,
    0xb0, 0x0, 0xb0, 0x0, 0xba, 0xaa, 0xbf, 0xff,

    /* U+0046 "F" */
    0xbf, 0xfe, 0xba, 0xa9, 0xb0, 0x0, 0xb0, 0x0,
    0xb0, 0x0, 0xbf, 0xfc, 0xba, 0xa8, 0xb0, 0x0,
    0xb0, 0x0, 0xb0, 0x0, 0xb0, 0x0, 0xb0, 0x0,

    /* U+0047 "G" */
    0x0, 0xbf, 0x80, 0x1f, 0xef, 0xc1, 0xf0, 0x7,
    0xf, 0x0, 0x0, 0x3c, 0x0, 0x0, 0xe0, 0x2f,
    0xe3, 0x80, 0x6b, 0x8f, 0x0, 0xe, 0x2c, 0x0,
    0x38, 0x3c, 0x1, 0xe0, 0x7f, 0xbf, 0x40, 0x2f,
    0xe0,

    /* U+0048 "H" */
    0xb0, 0x0, 0xeb, 0x0, 0xe, 0xb0, 0x0, 0xeb,
    0x0, 0xe, 0xb0, 0x0, 0xeb, 0xff, 0xfe, 0xba,
    0xaa, 0xeb, 0x0, 0xe, 0xb0, 0x0, 0xeb, 0x0,
    0xe, 0xb0, 0x0, 0xeb, 0x0, 0xe,

    /* U+0049 "I" */
    0xb2, 0xcb, 0x2c, 0xb2, 0xcb, 0x2c, 0xb2, 0xcb,
    0x2c,

    /* U+004A "J" */
    0x0, 0x74, 0x1, 0xd0, 0x7, 0x40, 0x1d, 0x0,
    0x74, 0x1, 0xd0, 0x7, 0x40, 0x1d, 0x0, 0x76,
    0x82, 0xdb, 0xff, 0xb, 0xe0,

    /* U+004B "K" */
    0xb0, 0x3, 0xd2, 0xc0, 0x3d, 0xb, 0x2, 0xd0,
    0x2c, 0x2d, 0x0, 0xb2, 0xe0, 0x2, 0xdf, 0x40,
    0xb, 0xef, 0x0, 0x2e, 0x1f, 0x0, 0xb0, 0x2e,
    0x2, 0xc0, 0x3d, 0xb, 0x0, 0x3c, 0x2c, 0x0,
    0x78,

    /* U+004C "L" */
    0xb0, 0x0, 0xb0, 0x0, 0xb0, 0x0, 0xb0, 0x0,
    0xb0, 0x0, 0xb0, 0x0, 0xb0, 0x0, 0xb0, 0x0,
    0xb0, 0x0, 0xb0, 0x0, 0xba, 0xa9, 0xbf, 0xfe,

    /* U+004D "M" */
    0xb0, 0x0, 0xe, 0xb8, 0x0, 0x2e, 0xbd, 0x0,
    0x7e, 0xbf, 0x0, 0xfe, 0xb7, 0x82, 0xde, 0xb2,
    0xc3, 0x8e, 0xb0, 0xff, 0xe, 0xb0, 0x7d, 0xe,
    0xb0, 0x28, 0xe, 0xb0, 0x0, 0xe, 0xb0, 0x0,
    0xe, 0xb0, 0x0, 0xe,

    /* U+004E "N" */
    0xb0, 0x0, 0xeb, 0xc0, 0xe, 0xbe, 0x0, 0xeb,
    0xf0, 0xe, 0xb3, 0xc0, 0xeb, 0x1e, 0xe, 0xb0,
    0xb4, 0xeb, 0x3, 0xce, 0xb0, 0x1e, 0xeb, 0x0,
    0xbe, 0xb0, 0x3, 0xeb, 0x0, 0xe,

    /* U+004F "O" */
    0x1, 0xbf, 0x40, 0xb, 0xfb, 0xf0, 0x1f, 0x0,
    0xb8, 0x3c, 0x0, 0x3c, 0x3c, 0x0, 0x1d, 0x38,
    0x0, 0x1d, 0x38, 0x0, 0x1d, 0x3c, 0x0, 0x1d,
    0x3c, 0x0, 0x3c, 0x1f, 0x0, 0xb8, 0xb, 0xeb,
    0xe0, 0x1, 0xbf, 0x40,

    /* U+0050 "P" */
    0xbf, 0xf4, 0x2e, 0xaf, 0x8b, 0x0, 0xf2, 0xc0,
    0x2d, 0xb0, 0xb, 0x6c, 0x7, 0xcb, 0xff, 0xc2,
    0xea, 0x40, 0xb0, 0x0, 0x2c, 0x0, 0xb, 0x0,
    0x2, 0xc0, 0x0,

    /* U+0051 "Q" */
    0x1, 0xbf, 0x40, 0x2, 0xfe, 0xfc, 0x1, 0xf0,
    0xb, 0x80, 0xf0, 0x0, 0xf0, 0x3c, 0x0, 0x1d,
    0xe, 0x0, 0x7, 0x43, 0x80, 0x1, 0xd0, 0xf0,
    0x0, 0x74, 0x3c, 0x0, 0x3c, 0x7, 0xc0, 0x2e,
    0x0, 0xbe, 0xbe, 0x0, 0x6, 0xff, 0x0, 0x0,
    0x1, 0xf4, 0x0, 0x0, 0xf, 0x40, 0x0, 0x0,
    0x50,

    /* U+0052 "R" */
    0xbf, 0xf4, 0xb, 0xab, 0xe0, 0xb0, 0xf, 0xb,
    0x0, 0xb4, 0xb0, 0xf, 0xb, 0xab, 0xe0, 0xbf,
    0xf4, 0xb, 0x7, 0x80, 0xb0, 0x3c, 0xb, 0x0,
    0xf0, 0xb0, 0xb, 0x8b, 0x0, 0x3c,

    /* U+0053 "S" */
    0x7, 0xf8, 0xb, 0xef, 0xc3, 0xc0, 0x74, 0xe0,
    0x0, 0x3d, 0x0, 0x3, 0xf9, 0x0, 0xb, 0xf0,
    0x0, 0x2e, 0x20, 0x3, 0xee, 0x0, 0xe3, 0xfa,
    0xf4, 0x1f, 0xe0,

    /* U+0054 "T" */
    0xff, 0xff, 0xca, 0xaf, 0xa8, 0x0, 0xe0, 0x0,
    0xe, 0x0, 0x0, 0xe0, 0x0, 0xe, 0x0, 0x0,
    0xe0, 0x0, 0xe, 0x0, 0x0, 0xe0, 0x0, 0xe,
    0x0, 0x0, 0xe0, 0x0, 0xe, 0x0,

    /* U+0055 "U" */
    0xf0, 0x0, 0xef, 0x0, 0xe, 0xf0, 0x0, 0xef,
    0x0, 0xe, 0xf0, 0x0, 0xef, 0x0, 0xe, 0xf0,
    0x0, 0xeb, 0x0, 0xe, 0xb4, 0x1, 0xd7, 0xc0,
    0x3c, 0x2f, 0xbf, 0x40, 0x7f, 0xd0,

    /* U+0056 "V" */
    0xb0, 0x0, 0x39, 0xe0, 0x2, 0xc3, 0xc0, 0xf,
    0xb, 0x40, 0x74, 0xe, 0x2, 0xc0, 0x3c, 0xe,
    0x0, 0x74, 0x74, 0x0, 0xf2, 0xc0, 0x2, 0xce,
    0x0, 0x3, 0xf0, 0x0, 0xf, 0xc0, 0x0, 0x1d,
    0x0,

    /* U+0057 "W" */
    0xb0, 0x3, 0xc0, 0x1d, 0x74, 0x3, 0xc0, 0x2c,
    0x38, 0xb, 0xd0, 0x3c, 0x3c, 0xf, 0xe0, 0x34,
    0x1d, 0xd, 0xb0, 0x70, 0xe, 0x1c, 0x74, 0xb0,
    0xf, 0x2c, 0x38, 0xe0, 0xb, 0x38, 0x3c, 0xd0,
    0x3, 0xb4, 0x1e, 0xc0, 0x3, 0xf0, 0xf, 0x80,
    0x2, 0xe0, 0xf, 0x40, 0x1, 0xd0, 0xb, 0x0,

    /* U+0058 "X" */
    0x78, 0x0, 0xf0, 0xb4, 0x7, 0x40, 0xf0, 0x3c,
    0x1, 0xf3, 0xc0, 0x2, 0xfd, 0x0, 0x3, 0xe0,
    0x0, 0xf, 0xc0, 0x0, 0xbb, 0x80, 0x7, 0x8f,
    0x0, 0x3c, 0xf, 0x3, 0xc0, 0x1e, 0x1d, 0x0,
    0x3d,

    /* U+0059 "Y" */
    0xb4, 0x0, 0xf0, 0xf0, 0xb, 0x1, 0xe0, 0x38,
    0x3, 0xc2, 0xc0, 0x3, 0x8d, 0x0, 0xb, 0xf0,
    0x0, 0xf, 0x40, 0x0, 0x2c, 0x0, 0x0, 0xb0,
    0x0, 0x2, 0xc0, 0x0, 0xb, 0x0, 0x0, 0x2c,
    0x0,

    /* U+005A "Z" */
    0x3f, 0xff, 0x8a, 0xab, 0xd0, 0x0, 0xe0, 0x0,
    0xf0, 0x0, 0x74, 0x0, 0x3c, 0x0, 0x2c, 0x0,
    0x1e, 0x0, 0xf, 0x0, 0xb, 0x40, 0x7, 0xea,
    0xaa, 0xff, 0xff,

    /* U+005B "[" */
    0x6a, 0x2f, 0xdb, 0x2, 0xc0, 0xb0, 0x2c, 0xb,
    0x2, 0xc0, 0xb0, 0x2c, 0xb, 0x2, 0xc0, 0xb0,
    0x2c, 0xb, 0xa2, 0xfd,

    /* U+005C "\\" */
    0xb0, 0x0, 0xd0, 0x3, 0xc0, 0xb, 0x0, 0xd,
    0x0, 0x3c, 0x0, 0x70, 0x0, 0xe0, 0x2, 0xc0,
    0x7, 0x40, 0xe, 0x0, 0x2c,

    /* U+005D "]" */
    0x6a, 0x2f, 0xd0, 0x74, 0x1d, 0x7, 0x41, 0xd0,
    0x74, 0x1d, 0x7, 0x41, 0xd0, 0x74, 0x1d, 0x7,
    0x41, 0xd6, 0xb6, 0xfd,

    /* U+005E "^" */
    0x1, 0x40, 0x3, 0xc0, 0xb, 0xe0, 0xe, 0xb0,
    0x1c, 0x34, 0x38, 0x3c, 0x74, 0x1c,

    /* U+005F "_" */
    0x0, 0x3, 0xff, 0xf5, 0x55, 0x40,

    /* U+0060 "`" */
    0x14, 0x7, 0x40, 0xb0,

    /* U+0061 "a" */
    0x7, 0xf4, 0x1e, 0xbc, 0x18, 0xe, 0x0, 0xf,
    0xb, 0xff, 0x3d, 0x5f, 0x38, 0xf, 0x3d, 0x6f,
    0xf, 0xeb,

    /* U+0062 "b" */
    0xf0, 0x0, 0x3c, 0x0, 0xf, 0x0, 0x3, 0xc0,
    0x0, 0xf7, 0xf4, 0x3f, 0xef, 0xf, 0x40, 0xf3,
    0xc0, 0x2c, 0xf0, 0xb, 0x3c, 0x2, 0xcf, 0x40,
    0xf3, 0xfa, 0xf0, 0xe7, 0xf4, 0x0,

    /* U+0063 "c" */
    0x7, 0xf8, 0x1f, 0xbe, 0x3c, 0x4, 0x38, 0x0,
    0x74, 0x0, 0x38, 0x0, 0x3c, 0x4, 0x1f, 0xbe,
    0x7, 0xf8,

    /* U+0064 "d" */
    0x0, 0x3, 0x80, 0x0, 0xe0, 0x0, 0x38, 0x0,
    0xe, 0x7, 0xf3, 0x87, 0xef, 0xe3, 0xc0, 0xb8,
    0xe0, 0xe, 0x74, 0x3, 0x8e, 0x0, 0xe3, 0xc0,
    0x78, 0x7d, 0xbe, 0x7, 0xf3, 0x80,

    /* U+0065 "e" */
    0x7, 0xf4, 0x7, 0xef, 0x43, 0xc0, 0xf0, 0xe0,
    0x2c, 0x7f, 0xff, 0x4e, 0x55, 0x43, 0xc0, 0x0,
    0x7e, 0xbc, 0x7, 0xf8, 0x0,

    /* U+0066 "f" */
    0x3, 0xf0, 0x3e, 0x80, 0xd0, 0x7, 0x40, 0xff,
    0xe1, 0xb9, 0x1, 0xd0, 0x7, 0x40, 0x1d, 0x0,
    0x74, 0x1, 0xd0, 0x7, 0x40, 0x1d, 0x0,

    /* U+0067 "g" */
    0x7, 0xf3, 0x87, 0xef, 0xe3, 0xc0, 0xb8, 0xe0,
    0xe, 0x74, 0x3, 0x8e, 0x0, 0xe3, 0xc0, 0xb8,
    0x7e, 0xfe, 0x7, 0xf3, 0x80, 0x0, 0xe2, 0x80,
    0xb4, 0xbe, 0xf8, 0x7, 0xf8, 0x0,

    /* U+0068 "h" */
    0xf0, 0x0, 0xf0, 0x0, 0xf0, 0x0, 0xf0, 0x0,
    0xf7, 0xe0, 0xfe, 0xbc, 0xf4, 0x2c, 0xf0, 0x1d,
    0xf0, 0x1d, 0xf0, 0x1d, 0xf0, 0x1d, 0xf0, 0x1d,
    0xf0, 0x1d,

    /* U+0069 "i" */
    0x3c, 0x3c, 0x0, 0x3c, 0x3c, 0x3c, 0x3c, 0x3c,
    0x3c, 0x3c, 0x3c, 0x3c,

    /* U+006A "j" */
    0x0, 0xf0, 0x3, 0xc0, 0x0, 0x0, 0x3c, 0x0,
    0xf0, 0x3, 0xc0, 0xf, 0x0, 0x3c, 0x0, 0xf0,
    0x3, 0xc0, 0xf, 0x0, 0x3c, 0x0, 0xf0, 0x3,
    0x82, 0xbd, 0xb, 0xd0,

    /* U+006B "k" */
    0xf0, 0x0, 0xf0, 0x0, 0xf0, 0x0, 0xf0, 0x0,
    0xf0, 0x3c, 0xf0, 0xf0, 0xf2, 0xd0, 0xf7, 0x80,
    0xff, 0xc0, 0xfe, 0xd0, 0xf0, 0xf0, 0xf0, 0x78,
    0xf0, 0x2d,

    /* U+006C "l" */
    0xff, 0xff, 0xff, 0xff, 0xff, 0xff, 0xf0,

    /* U+006D "m" */
    0xe7, 0xe1, 0xf4, 0xfd, 0xff, 0x7d, 0xf0, 0x3c,
    0xe, 0xf0, 0x3c, 0xe, 0xf0, 0x3c, 0xe, 0xf0,
    0x3c, 0xe, 0xf0, 0x3c, 0xe, 0xf0, 0x3c, 0xe,
    0xf0, 0x3c, 0xe,

    /* U+006E "n" */
    0xe7, 0xf0, 0xfe, 0xbc, 0xf0, 0x2c, 0xf0, 0x1d,
    0xf0, 0x1d, 0xf0, 0x1d, 0xf0, 0x1d, 0xf0, 0x1d,
    0xf0, 0x1d,

    /* U+006F "o" */
    0x2, 0xf8, 0x7, 0xef, 0xc3, 0xc0, 0xb4, 0xe0,
    0xe, 0x74, 0x3, 0xce, 0x0, 0xe3, 0xc0, 0xb4,
    0x7e, 0xfc, 0x3, 0xf8, 0x0,

    /* U+0070 "p" */
    0xe7, 0xf4, 0x3f, 0x9f, 0xf, 0x40, 0xf3, 0xc0,
    0x2c, 0xf0, 0xb, 0x3c, 0x2, 0xcf, 0x40, 0xf3,
    0xfa, 0xf0, 0xf7, 0xf4, 0x3c, 0x0, 0xf, 0x0,
    0x3, 0xc0, 0x0, 0xf0, 0x0, 0x0,

    /* U+0071 "q" */
    0x7, 0xf3, 0x87, 0xef, 0xe3, 0xc0, 0xb8, 0xe0,
    0xe, 0x74, 0x3, 0x8e, 0x0, 0xe3, 0xc0, 0xb8,
    0x7e, 0xfe, 0x7, 0xf3, 0x80, 0x0, 0xe0, 0x0,
    0x38, 0x0, 0xe, 0x0, 0x3, 0x80,

    /* U+0072 "r" */
    0xe7, 0xcf, 0xd4, 0xf4, 0xf, 0x0, 0xf0, 0xf,
    0x0, 0xf0, 0xf, 0x0, 0xf0, 0x0,

    /* U+0073 "s" */
    0xf, 0xe0, 0xfa, 0xe7, 0x41, 0xf, 0x40, 0xb,
    0xe0, 0x1, 0xf2, 0x3, 0xdf, 0xae, 0x1f, 0xe0,

    /* U+0074 "t" */
    0x8, 0x0, 0x70, 0x1, 0xc0, 0x3f, 0xf8, 0x6e,
    0x90, 0x70, 0x1, 0xc0, 0x7, 0x0, 0x1c, 0x0,
    0x74, 0x0, 0xfa, 0x1, 0xf8,

    /* U+0075 "u" */
    0xe0, 0x1c, 0xe0, 0x1c, 0xe0, 0x1c, 0xe0, 0x1c,
    0xe0, 0x1c, 0xe0, 0x1c, 0xf0, 0x3c, 0x79, 0xfc,
    0x2f, 0x9c,

    /* U+0076 "v" */
    0xb0, 0xb, 0x1e, 0x3, 0xc3, 0xc0, 0xd0, 0xb4,
    0xb0, 0xe, 0x38, 0x2, 0xcd, 0x0, 0x7f, 0x0,
    0xf, 0x80, 0x2, 0xc0, 0x0,

    /* U+0077 "w" */
    0xb0, 0x1c, 0x3, 0x5d, 0xb, 0x81, 0xc3, 0x83,
    0xf0, 0xe0, 0xb1, 0xec, 0x34, 0x1d, 0xb3, 0x9c,
    0x3, 0xb4, 0xba, 0x0, 0xbc, 0x1f, 0x40, 0x1f,
    0x3, 0xc0, 0x3, 0x80, 0xb0, 0x0,

    /* U+0078 "x" */
    0xb4, 0xe, 0xf, 0xf, 0x0, 0xfb, 0x40, 0x2f,
    0x80, 0x3, 0xc0, 0x1, 0xf8, 0x0, 0xeb, 0x40,
    0xf0, 0xf0, 0xb4, 0x1e, 0x0,

    /* U+0079 "y" */
    0xb0, 0x7, 0x5d, 0x3, 0xc3, 0xc0, 0xe0, 0xb0,
    0x70, 0xe, 0x3c, 0x3, 0xcd, 0x0, 0x7f, 0x0,
    0xf, 0x80, 0x2, 0xd0, 0x0, 0xb0, 0x0, 0x38,
    0x2, 0xbc, 0x0, 0xbd, 0x0, 0x0,

    /* U+007A "z" */
    0x3f, 0xfc, 0x15, 0xb8, 0x0, 0xf0, 0x2, 0xd0,
    0x3, 0x80, 0xf, 0x0, 0x2d, 0x0, 0x3d, 0x54,
    0x7f, 0xfc,

    /* U+007B "{" */
    0x0, 0x50, 0x7f, 0xb, 0x40, 0xb0, 0xb, 0x0,
    0xb0, 0xf, 0x7, 0xd0, 0x7d, 0x0, 0xf0, 0xb,
    0x0, 0xb0, 0xb, 0x0, 0xb0, 0x7, 0xd0, 0x2f,

    /* U+007C "|" */
    0x20, 0xd3, 0x4d, 0x34, 0xd3, 0x4d, 0x34, 0xd3,
    0x4d, 0x34, 0xd3, 0x4d,

    /* U+007D "}" */
    0x60, 0xb, 0xd0, 0xe, 0x0, 0xf0, 0xf, 0x0,
    0xf0, 0xf, 0x0, 0x7d, 0x3, 0xe0, 0xb4, 0xf,
    0x0, 0xf0, 0xf, 0x0, 0xf0, 0x7e, 0xb, 0x80,

    /* U+007E "~" */
    0x6, 0x2, 0x7, 0xf0, 0xd3, 0x8f, 0xf0, 0xd0,
    0xf4,

    /* U+0412 "В" */
    0xbf, 0xf4, 0x2e, 0xaf, 0xcb, 0x0, 0xf2, 0xc0,
    0x2d, 0xb0, 0x1f, 0x2f, 0xff, 0x4b, 0xaa, 0xf6,
    0xc0, 0xf, 0xb0, 0x3, 0xec, 0x0, 0xfb, 0xaa,
    0xf6, 0xff, 0xe4,

    /* U+0443 "у" */
    0xb0, 0x7, 0x5d, 0x3, 0xc3, 0xc0, 0xe0, 0xb0,
    0x70, 0xe, 0x3c, 0x3, 0xcd, 0x0, 0x7f, 0x0,
    0xf, 0x80, 0x2, 0xd0, 0x0, 0xb0, 0x0, 0x38,
    0x2, 0xbc, 0x0, 0xbd, 0x0, 0x0,

    /* U+0445 "х" */
    0xb4, 0xe, 0xf, 0xf, 0x0, 0xfb, 0x40, 0x2f,
    0x80, 0x3, 0xc0, 0x1, 0xf8, 0x0, 0xeb, 0x40,
    0xf0, 0xf0, 0xb4, 0x1e, 0x0,

    /* U+2018 "‘" */
    0x8, 0xc6, 0x1e, 0x34,

    /* U+2033 "″" */
    0x8, 0x20, 0xb2, 0xc3, 0x8e, 0xd, 0x30, 0x71,
    0xc0,

    /* U+20AC "€" */
    0x0, 0xbe, 0x0, 0x3e, 0xfc, 0xf, 0x1, 0xc0,
    0xe0, 0x0, 0xff, 0xf0, 0x6, 0xe5, 0x0, 0xff,
    0xf0, 0x1, 0xe5, 0x0, 0xf, 0x0, 0x40, 0xb4,
    0x2c, 0x3, 0xef, 0x80, 0xb, 0xe0,

    /* U+2103 "℃" */
    0x2f, 0x0, 0x0, 0x2, 0x8b, 0x0, 0x54, 0xd,
    0x1c, 0x2f, 0xfe, 0x1f, 0xd2, 0xd0, 0x2c, 0x4,
    0x1d, 0x0, 0x0, 0x0, 0xb0, 0x0, 0x0, 0x3,
    0xc0, 0x0, 0x0, 0xf, 0x0, 0x0, 0x0, 0x3c,
    0x0, 0x0, 0x0, 0xb4, 0x0, 0x0, 0x0, 0xf0,
    0x7, 0x0, 0x1, 0xf9, 0xbc, 0x0, 0x1, 0xff,
    0x80, 0x0, 0x0, 0x0, 0x0,

    /* U+2542 "╂" */
    0x0, 0x3, 0xc0, 0x0, 0x0, 0x3, 0xc0, 0x0,
    0x0, 0x3, 0xc0, 0x0, 0x0, 0x3, 0xc0, 0x0,
    0x0, 0x3, 0xc0, 0x0, 0x0, 0x3, 0xc0, 0x0,
    0x0, 0x3, 0xc0, 0x0, 0x0, 0x3, 0xc0, 0x0,
    0xff, 0xff, 0xff, 0xff, 0x0, 0x3, 0xc0, 0x0,
    0x0, 0x3, 0xc0, 0x0, 0x0, 0x3, 0xc0, 0x0,
    0x0, 0x3, 0xc0, 0x0, 0x0, 0x3, 0xc0, 0x0,
    0x0, 0x3, 0xc0, 0x0, 0x0, 0x3, 0xc0, 0x0,

    /* U+300D "」" */
    0x3, 0x80, 0xe0, 0x38, 0xe, 0x3, 0x80, 0xe0,
    0x39, 0xae, 0xbf, 0x80,

    /* U+3051 "け" */
    0x0, 0x0, 0x0, 0x0, 0x0, 0x2, 0xc0, 0x3c,
    0x0, 0x2c, 0x3, 0x80, 0x2, 0xc0, 0x38, 0x0,
    0x2c, 0x3, 0x4b, 0xff, 0xfd, 0x34, 0x55, 0x7d,
    0x43, 0x40, 0x2, 0xc0, 0x34, 0x0, 0x3c, 0x3,
    0x40, 0x3, 0xc0, 0x38, 0x0, 0x38, 0x3, 0x80,
    0x7, 0x40, 0x3c, 0x0, 0xf0, 0x2, 0xc0, 0x2e,
    0x0, 0x0, 0x7, 0x80, 0x0, 0x0, 0x0, 0x0,

    /* U+3088 "よ" */
    0x0, 0x2c, 0x0, 0x0, 0x2c, 0x0, 0x0, 0x2c,
    0x0, 0x0, 0x2c, 0x0, 0x0, 0x2f, 0xff, 0x0,
    0x2e, 0xa9, 0x0, 0x2c, 0x0, 0x0, 0x2c, 0x0,
    0x0, 0x3c, 0x0, 0x2f, 0xfe, 0x0, 0xb4, 0x3f,
    0xe0, 0xf0, 0x3c, 0xbd, 0xb9, 0xb4, 0xe, 0x2f,
    0xd0, 0x0,

    /* U+30E6 "ユ" */
    0x6, 0xaa, 0xa9, 0x0, 0xbf, 0xff, 0xd0, 0x0,
    0x0, 0x1d, 0x0, 0x0, 0x2, 0xc0, 0x0, 0x0,
    0x2c, 0x0, 0x0, 0x2, 0xc0, 0x0, 0x0, 0x3c,
    0x0, 0x0, 0x3, 0xc0, 0x0, 0x0, 0x3c, 0x2,
    0xaa, 0xab, 0xea, 0x7f, 0xff, 0xff, 0xf0,

    /* U+3125 "ㄥ" */
    0x0, 0x0, 0x0, 0x0, 0x0, 0x34, 0x0, 0x0,
    0xb, 0x40, 0x0, 0x0, 0xf0, 0x0, 0x0, 0x2d,
    0x0, 0x0, 0x3, 0xc0, 0x0, 0x0, 0xb4, 0x0,
    0x0, 0x1e, 0x0, 0x0, 0x3, 0xc0, 0x0, 0x0,
    0xb4, 0x0, 0x0, 0x1e, 0x0, 0x0, 0x3, 0xff,
    0xff, 0xfc, 0x2a, 0xaa, 0xaa, 0x80,

    /* U+3129 "ㄩ" */
    0xb0, 0x0, 0xe, 0xb0, 0x0, 0xe, 0xb0, 0x0,
    0xe, 0xb0, 0x0, 0xe, 0xb0, 0x0, 0xe, 0xb0,
    0x0, 0xe, 0xb0, 0x0, 0xe, 0xb0, 0x0, 0xe,
    0xb0, 0x0, 0xe, 0xb0, 0x0, 0xe, 0xba, 0xaa,
    0xae, 0xbf, 0xff, 0xfe, 0x0, 0x0, 0x0,

    /* U+3221 "㈡" */
    0xd, 0x0, 0x0, 0x70, 0x2c, 0x0, 0x0, 0x38,
    0x34, 0x0, 0x0, 0x1c, 0x71, 0xff, 0xff, 0x4d,
    0xa0, 0x0, 0x0, 0xa, 0xe0, 0x0, 0x0, 0xb,
    0xd0, 0x0, 0x0, 0x7, 0xd0, 0x0, 0x0, 0x7,
    0xe0, 0x0, 0x0, 0xb, 0xa0, 0x0, 0x0, 0xa,
    0x77, 0xff, 0xff, 0xcd, 0x34, 0x0, 0x0, 0x1c,
    0x2c, 0x0, 0x0, 0x38, 0xd, 0x0, 0x0, 0x70,

    /* U+3224 "㈤" */
    0xd, 0x0, 0x0, 0xb0, 0x28, 0x0, 0x0, 0x38,
    0x33, 0xff, 0xff, 0x9c, 0xb0, 0xd, 0x0, 0xd,
    0xa0, 0xc, 0x0, 0xa, 0xe0, 0x1c, 0x0, 0xb,
    0xd2, 0xff, 0xfd, 0x7, 0xd0, 0x28, 0xd, 0x7,
    0xe0, 0x24, 0xd, 0xb, 0xa0, 0x34, 0xc, 0xa,
    0xb0, 0x34, 0xd, 0xd, 0x3b, 0xff, 0xff, 0xdc,
    0x28, 0x0, 0x0, 0x38, 0xc, 0x0, 0x0, 0xb0,

    /* U+4EBE "亾" */
    0x70, 0x3, 0x40, 0x7, 0x0, 0x34, 0x0, 0x70,
    0x3, 0x40, 0x7, 0x0, 0x38, 0x0, 0x70, 0x3,
    0x80, 0x7, 0x0, 0x7c, 0x0, 0x70, 0xe, 0xa0,
    0x7, 0x1, 0xc3, 0x40, 0x70, 0x78, 0x1d, 0x7,
    0x1e, 0x0, 0xb4, 0x77, 0xc0, 0x2, 0xd7, 0x20,
    0x0, 0x9, 0x75, 0x55, 0x55, 0x57, 0xff, 0xff,
    0xff,

    /* U+4EE0 "仠" */
    0x0, 0x40, 0x0, 0x0, 0x0, 0xd5, 0x55, 0x50,
    0x2, 0xcf, 0xff, 0xf8, 0x3, 0x80, 0x2c, 0x0,
    0x7, 0x40, 0x2c, 0x0, 0xf, 0x0, 0x2c, 0x0,
    0x2f, 0x0, 0x2c, 0x0, 0x7b, 0x3f, 0xff, 0xfc,
    0x23, 0x1a, 0xbe, 0xa8, 0x3, 0x0, 0x2c, 0x0,
    0x3, 0x0, 0x2c, 0x0, 0x3, 0x0, 0x2c, 0x0,
    0x3, 0x0, 0x2c, 0x0, 0x3, 0x0, 0x2c, 0x0,
    0x3, 0x0, 0x1c, 0x0,

    /* U+4F05 "伅" */
    0x1, 0xc0, 0x34, 0x0, 0x2, 0xd5, 0x79, 0x54,
    0x3, 0x7f, 0xff, 0xfc, 0xb, 0x0, 0x34, 0x0,
    0xf, 0x28, 0x34, 0x70, 0x2f, 0x2c, 0x34, 0x70,
    0x7b, 0x2c, 0x34, 0x70, 0x27, 0x2c, 0x34, 0x70,
    0x7, 0x2f, 0xff, 0xf0, 0x7, 0x5, 0x79, 0x50,
    0x7, 0x0, 0x34, 0xc, 0x7, 0x0, 0x34, 0x1c,
    0x7, 0x0, 0x3d, 0x6c, 0x7, 0x0, 0x1f, 0xf4,
    0x0, 0x0, 0x0, 0x0,

    /* U+4F77 "佷" */
    0x0, 0x80, 0x0, 0x0, 0x2, 0xcf, 0xff, 0xf0,
    0x3, 0x8e, 0x55, 0xb0, 0x7, 0x4d, 0x0, 0x70,
    0xb, 0xf, 0xff, 0xf0, 0xf, 0xe, 0x55, 0xb0,
    0x2f, 0xd, 0x0, 0x70, 0x7b, 0xf, 0xff, 0xf0,
    0x27, 0xe, 0x79, 0x60, 0x7, 0xd, 0x2c, 0x74,
    0x7, 0xd, 0xf, 0xd0, 0x7, 0xd, 0x7, 0x40,
    0x7, 0xe, 0x66, 0xe0, 0x7, 0xf, 0xf0, 0x7c,
    0x7, 0xe, 0x0, 0x4, 0x0, 0x0, 0x0, 0x0,

    /* U+4F7A "佺" */
    0x0, 0x80, 0x3c, 0x0, 0x2, 0xc0, 0xbe, 0x0,
    0x3, 0x82, 0xc7, 0x80, 0x7, 0xf, 0x41, 0xe0,
    0xf, 0x3c, 0x0, 0x7c, 0x1f, 0x1b, 0xff, 0xe8,
    0x3f, 0x1, 0x7d, 0x40, 0x37, 0x0, 0x28, 0x0,
    0x7, 0x5, 0x7d, 0x50, 0x7, 0xf, 0xff, 0xf0,
    0x7, 0x0, 0x28, 0x0, 0x7, 0x0, 0x28, 0x0,
    0x7, 0x15, 0x7d, 0x54, 0x7, 0x3f, 0xff, 0xfc,

    /* U+4F7D "佽" */
    0x0, 0x0, 0x4, 0x0, 0x2, 0xd0, 0x2c, 0x0,
    0x3, 0xb4, 0x38, 0x0, 0x7, 0x2c, 0x3f, 0xfd,
    0xb, 0x1d, 0x75, 0x6c, 0xf, 0xd, 0xe3, 0x2c,
    0x3f, 0x0, 0xd3, 0x34, 0x7b, 0x0, 0x7, 0x0,
    0x17, 0xe, 0xb, 0x40, 0x7, 0xd, 0xf, 0x80,
    0x7, 0x1c, 0x1e, 0xc0, 0x7, 0x38, 0x38, 0xe0,
    0x7, 0x34, 0xb0, 0x74, 0x7, 0x71, 0xd0, 0x3c,
    0x7, 0x3, 0x80, 0xc, 0x0, 0x0, 0x0, 0x0,

    /* U+509B "傛" */
    0x0, 0x0, 0x24, 0x0, 0x1, 0xc0, 0x3c, 0x0,
    0x2, 0xff, 0xff, 0xfc, 0x3, 0x79, 0x55, 0x5c,
    0xb, 0x34, 0x83, 0x5c, 0xf, 0x7, 0x81, 0xe0,
    0x2f, 0x3d, 0x3c, 0x3c, 0x3f, 0x10, 0xfb, 0x4,
    0x37, 0x3, 0xc2, 0xd0, 0x7, 0x2e, 0x0, 0xb8,
    0x7, 0xbf, 0xff, 0xfe, 0x7, 0xe, 0x0, 0xb0,
    0x7, 0xe, 0x0, 0x70, 0x7, 0xf, 0xff, 0xf0,
    0x7, 0xe, 0x55, 0xb0,

    /* U+5158 "兘" */
    0x0, 0x0, 0x18, 0x0, 0x2f, 0xf4, 0x38, 0x0,
    0x5, 0x50, 0x72, 0x80, 0x0, 0x0, 0xe1, 0xc0,
    0x0, 0x2, 0xd5, 0xe0, 0x2a, 0xab, 0xff, 0xf4,
    0x2e, 0xf8, 0x0, 0x10, 0xd, 0xb1, 0xff, 0xd0,
    0xd, 0xb1, 0xd5, 0xd0, 0xd, 0xb1, 0xc0, 0xd0,
    0xc, 0xb1, 0xc0, 0xd0, 0x1c, 0xb1, 0xff, 0xfc,
    0x2c, 0xb0, 0x0, 0x1c, 0x34, 0xb5, 0x55, 0x7c,
    0x30, 0x3f, 0xff, 0xf4, 0x0, 0x0, 0x0, 0x0,

    /* U+517C "兼" */
    0x0, 0x50, 0x5, 0x0, 0x0, 0xb0, 0x1d, 0x0,
    0x3f, 0xff, 0xff, 0xf8, 0x15, 0x7d, 0x75, 0x50,
    0x5, 0x7d, 0x75, 0x40, 0xf, 0xff, 0xff, 0xd0,
    0x0, 0x28, 0x70, 0xe0, 0x3f, 0xff, 0xff, 0xfc,
    0x0, 0x28, 0x70, 0xd0, 0xf, 0xff, 0xff, 0xd0,
    0x5, 0xbd, 0x7d, 0x40, 0x1, 0xf8, 0x3f, 0x0,
    0xb, 0x68, 0x32, 0xe0, 0x7d, 0x28, 0x30, 0x7c,
    0x20, 0x28, 0x30, 0x4,

    /* U+51AD "冭" */
    0x0, 0x0, 0x40, 0x0, 0x0, 0x2, 0xc0, 0x0,
    0x0, 0x3, 0xc0, 0x0, 0x2f, 0xff, 0xff, 0xfc,
    0x0, 0x1f, 0xf4, 0x0, 0x0, 0x3c, 0x38, 0x0,
    0x0, 0xf4, 0x1f, 0x0, 0x7, 0xd0, 0x3, 0xe0,
    0x3e, 0x28, 0x0, 0xbc, 0x24, 0x2f, 0xe0, 0x4,
    0x0, 0x1, 0xbe, 0x0, 0x2, 0x40, 0x5, 0x0,
    0x3, 0xf9, 0x0, 0x0, 0x0, 0x1f, 0xf4, 0x0,
    0x0, 0x0, 0x7f, 0x40, 0x0, 0x0, 0x1, 0x0,

    /* U+51B2 "冲" */
    0x10, 0x0, 0x34, 0x0, 0xf0, 0x0, 0xd0, 0x1,
    0xd1, 0xab, 0xaa, 0x3, 0xcf, 0xff, 0xfd, 0x3,
    0x38, 0x34, 0x34, 0x0, 0xe0, 0xd0, 0xd0, 0x3,
    0x83, 0x43, 0x41, 0xce, 0xd, 0xd, 0xb, 0x3f,
    0xff, 0xf4, 0x34, 0xaa, 0xfa, 0x81, 0xc0, 0x3,
    0x40, 0xe, 0x0, 0xd, 0x0, 0x34, 0x0, 0x34,
    0x0, 0x0, 0x0, 0xd0, 0x0,

    /* U+52ED "勭" */
    0x0, 0x0, 0x0, 0x0, 0x3, 0x40, 0x1c, 0x2,
    0xff, 0xf4, 0x70, 0x1, 0xc3, 0x2, 0xd4, 0x2f,
    0xbe, 0xbf, 0xf8, 0x55, 0x54, 0x1c, 0xd2, 0xff,
    0xf4, 0x73, 0x4a, 0x28, 0xd2, 0x8d, 0x2f, 0xff,
    0x4a, 0x34, 0xa2, 0x8d, 0x28, 0xd2, 0xff, 0xf4,
    0xd3, 0x45, 0x79, 0x43, 0xd, 0x15, 0xe6, 0x6c,
    0x34, 0xff, 0xfe, 0xd5, 0xc1, 0x50, 0xb, 0x2e,
    0x0, 0x0, 0x0, 0x0,

    /* U+539B "厛" */
    0xf, 0xff, 0xff, 0xfc, 0xe, 0x55, 0x55, 0x54,
    0xd, 0x0, 0x5, 0xb4, 0xd, 0xff, 0x3f, 0xa0,
    0xd, 0xeb, 0x30, 0x0, 0xd, 0xd7, 0x30, 0x0,
    0xd, 0xd7, 0x3f, 0xfc, 0xd, 0xd7, 0x35, 0xe4,
    0xd, 0xd7, 0x30, 0xd0, 0xc, 0xd7, 0x30, 0xd0,
    0x1c, 0xeb, 0x70, 0xd0, 0x2c, 0xff, 0xa0, 0xd0,
    0x38, 0x0, 0xd0, 0xd0, 0x30, 0x1, 0x80, 0xd0,
    0x0, 0x0, 0x0, 0x0,

    /* U+53C6 "叆" */
    0x0, 0x0, 0x1, 0x68, 0x2f, 0xe7, 0xff, 0xf8,
    0x15, 0x42, 0x8c, 0x28, 0x0, 0x1, 0xca, 0x30,
    0x0, 0x6, 0xea, 0xb8, 0x15, 0x4b, 0xff, 0xfd,
    0x3f, 0xfa, 0x20, 0xc, 0xa, 0x6, 0xfa, 0xa8,
    0xe, 0x85, 0xe5, 0x54, 0xc, 0xc0, 0xff, 0xf4,
    0x1c, 0xa2, 0xf5, 0xb0, 0x3f, 0xf3, 0x79, 0xd0,
    0x3e, 0x7e, 0x1f, 0x80, 0x0, 0x2d, 0xbe, 0xf8,
    0x0, 0x3, 0x90, 0x2c, 0x0, 0x0, 0x0, 0x0,

    /* U+5470 "呰" */
    0x0, 0x34, 0x34, 0x0, 0xd, 0x34, 0x34, 0x78,
    0xd, 0x3f, 0xbb, 0xe0, 0xd, 0x39, 0x3e, 0x4,
    0xd, 0x34, 0x34, 0xc, 0xe, 0x7f, 0xb8, 0x1c,
    0x3f, 0xfa, 0x3f, 0xf8, 0x14, 0x0, 0x1, 0x40,
    0x7, 0xff, 0xff, 0xd0, 0x7, 0x55, 0x55, 0xd0,
    0x7, 0x0, 0x0, 0xd0, 0x7, 0x0, 0x0, 0xd0,
    0x7, 0xff, 0xff, 0xd0, 0x7, 0x55, 0x55, 0xd0,

    /* U+5553 "啓" */
    0x0, 0x80, 0x14, 0x0, 0x0, 0xd0, 0x38, 0x0,
    0xf, 0xfd, 0x7f, 0xfc, 0xe, 0x5e, 0xf5, 0xf4,
    0xd, 0xf, 0xf0, 0xe0, 0xe, 0x5d, 0x6e, 0xc0,
    0xf, 0xfd, 0xf, 0x80, 0x1c, 0x0, 0x7f, 0xe0,
    0x2c, 0x2, 0xe0, 0xbc, 0x39, 0x55, 0x55, 0x44,
    0x23, 0xff, 0xff, 0xc0, 0x3, 0x40, 0x1, 0xc0,
    0x3, 0x40, 0x1, 0xc0, 0x3, 0xff, 0xff, 0xc0,
    0x3, 0x95, 0x56, 0xc0,

    /* U+55D7 "嗗" */
    0x0, 0xf, 0xff, 0xc1, 0xfd, 0x34, 0x7, 0x7,
    0x74, 0xff, 0x4c, 0x1c, 0xd3, 0x4d, 0x30, 0x73,
    0x5e, 0x7a, 0xe1, 0xcd, 0xfa, 0xaa, 0xc7, 0x37,
    0x40, 0x3, 0x1c, 0xdf, 0xff, 0xfc, 0x73, 0x4a,
    0x1, 0xc1, 0xcd, 0x2f, 0xff, 0x7, 0x74, 0xa0,
    0x1c, 0x1f, 0xd2, 0xff, 0xf0, 0x0, 0x9, 0x2,
    0xc0, 0x0, 0x24, 0x3e, 0x0,

    /* U+5632 "嘲" */
    0x0, 0xc, 0xf, 0xff, 0xdf, 0xfd, 0xdb, 0xed,
    0x5d, 0x4c, 0x7d, 0xca, 0xe8, 0xc7, 0xdc, 0xea,
    0xcf, 0xfd, 0xcd, 0x5c, 0xdb, 0xdc, 0xff, 0xcc,
    0x7d, 0xcc, 0xc, 0xc7, 0xdc, 0xff, 0xcf, 0xfd,
    0xc1, 0xd1, 0xdb, 0xdd, 0xae, 0x9c, 0x7f, 0xdf,
    0xff, 0x87, 0x54, 0xc, 0x76, 0xf0, 0x0, 0xc6,
    0x2d, 0x0, 0x0, 0x0, 0x0,

    /* U+5670 "噰" */
    0x0, 0x0, 0x40, 0x0, 0x0, 0xe, 0x0, 0xff,
    0xbf, 0xff, 0xfd, 0x71, 0x86, 0x20, 0xd7, 0x25,
    0x73, 0x4d, 0x73, 0x6b, 0xfe, 0xd7, 0xfd, 0xd3,
    0x4d, 0x7a, 0xed, 0x34, 0xd7, 0x35, 0xff, 0xed,
    0x77, 0xad, 0x30, 0xd7, 0xbe, 0xff, 0xee, 0xb0,
    0xdd, 0x34, 0xff, 0x2c, 0xd3, 0x40, 0x7, 0xf,
    0xff, 0x0, 0xd0, 0xd0, 0x0, 0x0, 0x0, 0x0,

    /* U+567A "噺" */
    0x0, 0x4, 0x0, 0x0, 0x0, 0x30, 0x17, 0x8f,
    0xcf, 0xfe, 0xf9, 0x37, 0x1d, 0xda, 0x0, 0xdc,
    0x33, 0x28, 0x3, 0x70, 0xcc, 0xb5, 0x4d, 0xdf,
    0xfe, 0xff, 0x37, 0x3, 0xa, 0x30, 0xdc, 0x5d,
    0x28, 0xc3, 0x73, 0xfe, 0xa3, 0xd, 0xc1, 0xd2,
    0x8c, 0x3b, 0x37, 0xad, 0x30, 0xfe, 0xcc, 0xf0,
    0xc0, 0xd, 0x31, 0xc3, 0x0, 0x3, 0xcd, 0xc,
    0x0, 0x0, 0x0, 0x0,

    /* U+568E "嚎" */
    0x0, 0x0, 0x0, 0x0, 0x0, 0x2, 0x80, 0x0,
    0x7, 0xff, 0xff, 0x3f, 0xc0, 0x0, 0x0, 0xeb,
    0x1f, 0xff, 0xc3, 0x5c, 0x70, 0xb, 0xd, 0x71,
    0xff, 0xfc, 0x35, 0xca, 0xaa, 0xa8, 0xd7, 0x75,
    0x55, 0xb3, 0x5d, 0xaf, 0xfd, 0xcd, 0x70, 0x7d,
    0x8, 0x35, 0xde, 0x7e, 0xe0, 0xeb, 0x1b, 0xbf,
    0x3, 0xfd, 0x9b, 0xdb, 0x0, 0x6, 0xd3, 0x4b,
    0x0, 0x24, 0x7c, 0x4, 0x0, 0x0, 0x0, 0x0,

    /* U+56AD "嚭" */
    0x1, 0xc0, 0xff, 0xfd, 0x3f, 0xfe, 0x57, 0x94,
    0x1, 0xc0, 0xb, 0x0, 0x2f, 0xfc, 0x1f, 0x40,
    0x15, 0x54, 0x7f, 0xb4, 0x29, 0x5e, 0xe3, 0x1d,
    0x2f, 0xfc, 0x3, 0x0, 0xd, 0x34, 0x1, 0x0,
    0x1e, 0x74, 0x7f, 0xf8, 0x3f, 0xfe, 0xba, 0xbc,
    0x1a, 0xa8, 0xa0, 0x1c, 0x29, 0x5c, 0xa0, 0x1c,
    0x2f, 0xfc, 0xbf, 0xfc, 0x28, 0x1c, 0xa0, 0x1c,

    /* U+56E8 "囨" */
    0xbf, 0xff, 0xff, 0xdb, 0x55, 0x55, 0x5d, 0xb0,
    0x0, 0x0, 0xdb, 0x7f, 0xff, 0xdd, 0xb1, 0x5b,
    0x54, 0xdb, 0x0, 0xf0, 0xd, 0xb0, 0x3f, 0xa0,
    0xdb, 0xf, 0xb7, 0xcd, 0xb7, 0xc7, 0xe, 0xdb,
    0x60, 0x70, 0xd, 0xb0, 0x7, 0x0, 0xdb, 0x0,
    0x10, 0xd, 0xbf, 0xff, 0xff, 0xdb, 0x55, 0x55,
    0x5d,

    /* U+56E9 "囩" */
    0xbf, 0xff, 0xff, 0xeb, 0x55, 0x55, 0x5e, 0xb0,
    0x0, 0x0, 0xeb, 0x1f, 0xff, 0xce, 0xb0, 0x0,
    0x0, 0xeb, 0x0, 0x0, 0xe, 0xb3, 0xff, 0xfd,
    0xeb, 0x1, 0xc5, 0xe, 0xb0, 0x34, 0x70, 0xeb,
    0x1f, 0x6b, 0xce, 0xb1, 0xfa, 0xad, 0xeb, 0x0,
    0x0, 0xe, 0xbf, 0xff, 0xff, 0xeb, 0x55, 0x55,
    0x5e,

    /* U+578F "垏" */
    0x7, 0x0, 0x28, 0x0, 0x7, 0xb, 0xff, 0xf4,
    0x7, 0x0, 0x28, 0x34, 0x2f, 0x8f, 0xff, 0xfe,
    0x3f, 0xd5, 0x7d, 0x78, 0x7, 0x0, 0x3c, 0x34,
    0x7, 0xb, 0xff, 0xf4, 0x7, 0x0, 0x28, 0x0,
    0x7, 0xf, 0xff, 0xfc, 0x7, 0x41, 0x7d, 0x50,
    0x1f, 0xe0, 0x3c, 0x0, 0x39, 0xf, 0xff, 0xfd,
    0x0, 0x0, 0x28, 0x0, 0x0, 0x0, 0x28, 0x0,

    /* U+57B9 "垹" */
    0xd, 0x7, 0xf, 0xfc, 0x34, 0x2d, 0x39, 0xb0,
    0xd3, 0xfe, 0xe3, 0x9b, 0xe1, 0xc3, 0x8d, 0x2f,
    0x47, 0xe, 0x70, 0x34, 0xff, 0xba, 0x80, 0xd1,
    0xb4, 0xe3, 0x3, 0x41, 0xc3, 0x8a, 0xd, 0x1b,
    0x5e, 0x1c, 0x39, 0xff, 0xb8, 0x71, 0xf8, 0xa0,
    0xe6, 0xde, 0x43, 0x43, 0xbd, 0x0, 0x2c, 0xe,
    0x0, 0x0, 0xd0, 0x38, 0x0, 0x0, 0x0, 0x0,
    0x0,

    /* U+57DB "埛" */
    0xd, 0x3f, 0xff, 0xf4, 0x34, 0xe5, 0x55, 0xd0,
    0xd3, 0x45, 0x53, 0x4b, 0x9d, 0x35, 0xcd, 0x7f,
    0xbb, 0xc2, 0xf4, 0x34, 0xd8, 0x1, 0xd0, 0xd3,
    0x4f, 0xf3, 0x43, 0x4d, 0x35, 0xcd, 0xd, 0x34,
    0xc7, 0x34, 0x34, 0xd3, 0x1c, 0xd2, 0xff, 0x4f,
    0xf3, 0x6e, 0x4d, 0x15, 0x4d, 0x0, 0x34, 0x1,
    0x74, 0x0, 0xd0, 0xf, 0xc0,

    /* U+581F "堟" */
    0x0, 0x0, 0x0, 0x0, 0x7, 0x1, 0xff, 0xf0,
    0x7, 0x2, 0x80, 0xb0, 0x7, 0x3, 0xea, 0xf0,
    0x2f, 0x92, 0xaa, 0xe0, 0x3f, 0xd5, 0x55, 0xe4,
    0x7, 0xf, 0xff, 0xfe, 0x7, 0x1, 0xb8, 0x14,
    0x7, 0x1f, 0xac, 0xb4, 0x7, 0x4, 0xbf, 0xd0,
    0x7, 0xb, 0x9f, 0xe0, 0xb, 0xd8, 0x7f, 0x70,
    0x3e, 0x47, 0xd7, 0x2c, 0x0, 0x3d, 0x4b, 0x9,
    0x0, 0x10, 0xbd, 0x0,

    /* U+5822 "堢" */
    0x0, 0x0, 0x0, 0x0, 0x7, 0x2, 0xbf, 0xf4,
    0x7, 0x3, 0x79, 0x74, 0x7, 0x3, 0x34, 0x34,
    0x2b, 0x8b, 0x34, 0x34, 0x3f, 0xdf, 0x3f, 0xf4,
    0x7, 0x1f, 0x17, 0x90, 0x7, 0x3f, 0x3, 0x40,
    0x7, 0x27, 0xbf, 0xfc, 0x7, 0x7, 0x1f, 0xd4,
    0x7, 0x7, 0xf, 0xe0, 0xb, 0xe7, 0x2b, 0x70,
    0x3e, 0x47, 0xb3, 0x6c, 0x0, 0x7, 0x83, 0x48,
    0x0, 0x7, 0x3, 0x40,

    /* U+5897 "増" */
    0x0, 0x0, 0x0, 0x0, 0x1c, 0xb, 0x3, 0x40,
    0x70, 0x6e, 0x7d, 0x41, 0xc3, 0xaf, 0xaf, 0x1b,
    0x5d, 0x6d, 0x6c, 0xff, 0xba, 0xfa, 0xf0, 0x70,
    0xd6, 0xd6, 0xc1, 0xc3, 0xff, 0xfe, 0x7, 0x0,
    0x0, 0x0, 0x1c, 0x2f, 0xff, 0xc0, 0x70, 0xb0,
    0x3, 0x7, 0xfa, 0xff, 0xfc, 0x3e, 0xb, 0x0,
    0x70, 0x0, 0x2f, 0xff, 0xc0, 0x0, 0xb5, 0x57,
    0x0,

    /* U+589C "墜" */
    0x0, 0x0, 0x80, 0x80, 0x1f, 0xf0, 0xd1, 0xc0,
    0x1c, 0xef, 0xff, 0xfc, 0x1c, 0xc1, 0xb8, 0x20,
    0x1d, 0xcb, 0xb8, 0xf0, 0x1c, 0xd4, 0xbf, 0xc0,
    0x1c, 0x6b, 0x9f, 0xc0, 0x1c, 0xb4, 0xbe, 0xf0,
    0x1e, 0xdb, 0x8a, 0x3c, 0x1c, 0x8, 0x7d, 0x8,
    0x4, 0x1, 0x94, 0x0, 0xb, 0xff, 0xff, 0xe0,
    0x0, 0x3, 0xc0, 0x0, 0x0, 0x3, 0xc0, 0x0,
    0x3f, 0xff, 0xff, 0xfc,

    /* U+590B "夋" */
    0x0, 0x0, 0x0, 0x0, 0x0, 0x1e, 0x4, 0x0,
    0x0, 0xb8, 0x1e, 0x0, 0x7, 0xf5, 0xaf, 0xc0,
    0xf, 0xfe, 0xa9, 0xf4, 0x0, 0x20, 0x9, 0x20,
    0x2, 0xf0, 0xf, 0xd0, 0x2f, 0xa8, 0x1, 0xfc,
    0x38, 0xbd, 0x55, 0x54, 0x2, 0xff, 0xff, 0xc0,
    0xf, 0xd0, 0xf, 0x40, 0x3d, 0x78, 0xbc, 0x0,
    0x10, 0x1f, 0xf0, 0x0, 0x16, 0xfe, 0xfe, 0x90,
    0x3f, 0x90, 0x6, 0xfc, 0x0, 0x0, 0x0, 0x0,

    /* U+5910 "夐" */
    0x0, 0x0, 0x0, 0x0, 0x0, 0xa0, 0x0, 0x0,
    0x3, 0xff, 0xff, 0x0, 0x2e, 0x0, 0x1d, 0x0,
    0x2f, 0xff, 0xff, 0xf0, 0xd, 0x1b, 0xe4, 0x30,
    0x5, 0x3d, 0x2d, 0x20, 0xb, 0xaa, 0xaa, 0xf0,
    0xb, 0xaa, 0xaa, 0xf0, 0xb, 0xff, 0xff, 0xf0,
    0xb, 0x55, 0x55, 0xb0, 0x1, 0xf5, 0x55, 0x50,
    0x2, 0xff, 0xff, 0xe0, 0x1e, 0x79, 0xb, 0x80,
    0x4, 0x1f, 0xfe, 0x40, 0x1b, 0xf9, 0x16, 0xfc,
    0x4, 0x0, 0x0, 0x0,

    /* U+5938 "夸" */
    0x0, 0x1, 0x0, 0x0, 0x0, 0x7, 0x0, 0x0,
    0x3f, 0xff, 0xff, 0xf8, 0x15, 0x7d, 0xbd, 0x54,
    0x0, 0xf4, 0x2d, 0x0, 0x7, 0xe5, 0x5f, 0xc0,
    0x7e, 0xbf, 0xfe, 0xfc, 0x24, 0x0, 0x0, 0x18,
    0x2f, 0xff, 0xff, 0xf4, 0x2, 0xd0, 0x0, 0x0,
    0x2, 0xd5, 0x55, 0x40, 0x2, 0xff, 0xff, 0x80,
    0x0, 0x0, 0x3, 0x80, 0x0, 0x1, 0x5b, 0x40,
    0x0, 0x7, 0xfe, 0x0,

    /* U+59AF "妯" */
    0xa, 0x0, 0xd, 0x0, 0x28, 0x0, 0x34, 0x1,
    0xf5, 0x3f, 0xff, 0xdf, 0xfc, 0xeb, 0xab, 0xc,
    0x73, 0xd, 0x1c, 0x72, 0xcc, 0x34, 0x71, 0xca,
    0x34, 0xd1, 0xca, 0x34, 0xff, 0xff, 0x3d, 0xd3,
    0x5e, 0x6c, 0x7f, 0xc, 0x34, 0x70, 0x7c, 0x30,
    0xd1, 0xc3, 0xfd, 0xd7, 0x9b, 0x3c, 0x23, 0xff,
    0xfc, 0xc0, 0xd, 0x0, 0x70, 0x0, 0x0, 0x0,
    0x0,

    /* U+59DB "姛" */
    0x0, 0x0, 0x0, 0x0, 0x38, 0x1f, 0xff, 0xf0,
    0xd0, 0x75, 0x56, 0xcb, 0xa5, 0xc0, 0x7, 0x3f,
    0xf7, 0x15, 0x5c, 0x72, 0x9e, 0xff, 0x71, 0xca,
    0x70, 0x1, 0xc6, 0x35, 0xcf, 0xe7, 0x24, 0xd7,
    0x36, 0x9c, 0xa7, 0x1c, 0xca, 0x70, 0xf8, 0x73,
    0x29, 0xc1, 0xf1, 0xcf, 0xe7, 0xe, 0xfb, 0x15,
    0x1c, 0xb0, 0x9c, 0x5, 0xa3, 0x0, 0x70, 0x2f,
    0x40, 0x0, 0x0, 0x0,

    /* U+59DD "姝" */
    0xa, 0x0, 0xd, 0x0, 0xa, 0x2, 0x8d, 0x0,
    0x1e, 0x53, 0xef, 0xa4, 0x3f, 0xf7, 0xbf, 0xa4,
    0xd, 0x7b, 0xd, 0x0, 0xc, 0xb0, 0xd, 0x0,
    0x1c, 0xaf, 0xff, 0xfc, 0x2c, 0xd6, 0xbf, 0xa8,
    0x3c, 0xd0, 0xbf, 0xc0, 0xf, 0xc1, 0xdd, 0xe0,
    0x7, 0xc3, 0x8d, 0x74, 0xf, 0xef, 0xd, 0x2d,
    0x3c, 0x1c, 0xd, 0x8, 0x30, 0x0, 0xd, 0x0,
    0x0, 0x0, 0x0, 0x0,

    /* U+59E9 "姩" */
    0x4, 0x0, 0x0, 0x0, 0xe, 0x0, 0xe0, 0x0,
    0xe, 0x0, 0xff, 0xfc, 0x1e, 0x52, 0xeb, 0xa8,
    0x3f, 0xf3, 0x47, 0x0, 0xc, 0x7f, 0x7, 0x0,
    0x1c, 0xb2, 0xff, 0xfc, 0x2c, 0xa1, 0xd7, 0x50,
    0x28, 0xd1, 0xc7, 0x0, 0x3d, 0xc1, 0xc7, 0x0,
    0xf, 0xcf, 0xff, 0xfd, 0x7, 0xd5, 0x5b, 0x54,
    0xf, 0xb0, 0x7, 0x0, 0x3c, 0x20, 0x7, 0x0,
    0x30, 0x0, 0x7, 0x0, 0x0, 0x0, 0x0, 0x0,

    /* U+5A23 "娣" */
    0x0, 0x0, 0x0, 0x0, 0x28, 0x3, 0x43, 0x40,
    0xa0, 0x1f, 0x7d, 0x7, 0x95, 0xff, 0xfd, 0x3f,
    0xf0, 0xc, 0x34, 0x31, 0xc5, 0x75, 0xd1, 0xc7,
    0x7f, 0xff, 0x47, 0x29, 0xc3, 0x0, 0x28, 0xdb,
    0x5d, 0x54, 0xb7, 0x6f, 0xff, 0xf0, 0xbc, 0x7,
    0xc1, 0xc0, 0xf4, 0x7b, 0x7, 0xb, 0xb7, 0x8d,
    0x78, 0xb0, 0xb4, 0x37, 0xd2, 0x0, 0x40, 0xc0,
    0x0,

    /* U+5A34 "娴" */
    0x0, 0x0, 0x0, 0x0, 0x28, 0xd, 0x7f, 0xf0,
    0xe0, 0x1c, 0x56, 0xcb, 0xe5, 0x42, 0x7, 0x3f,
    0xea, 0xc, 0x1c, 0x32, 0xaa, 0xba, 0x70, 0xcd,
    0xab, 0xe9, 0xc7, 0x36, 0x8b, 0x47, 0x28, 0xca,
    0x3f, 0x5c, 0xb7, 0x2a, 0xbb, 0xb0, 0xf8, 0xbc,
    0xca, 0xc1, 0xf2, 0xa3, 0x7, 0xe, 0xfa, 0xc,
    0x1c, 0xf0, 0x28, 0x35, 0xb3, 0x0, 0xa0, 0xf,
    0x80, 0x0, 0x0, 0x0,

    /* U+5A41 "婁" */
    0xb, 0xff, 0xff, 0xe0, 0xb, 0x2, 0x80, 0xe0,
    0x3f, 0xff, 0xff, 0xfc, 0xb, 0x3, 0x80, 0xe0,
    0xb, 0xff, 0xff, 0xe0, 0x0, 0x3, 0x80, 0x0,
    0xb, 0xff, 0xff, 0xe0, 0xb, 0x57, 0xd5, 0xe0,
    0x5, 0x6e, 0x55, 0x50, 0x3f, 0xff, 0xff, 0xfc,
    0x15, 0xf5, 0x5f, 0x54, 0x1, 0xbe, 0xbc, 0x0,
    0x5, 0xaf, 0xff, 0x90, 0x3f, 0xa4, 0x1, 0xb4,
    0x0, 0x0, 0x0, 0x0,

    /* U+5AED "嫭" */
    0x0, 0x0, 0x0, 0x0, 0xd, 0x0, 0x1f, 0xf8,
    0xc, 0x5, 0x6d, 0x54, 0x3f, 0xdf, 0xff, 0xfe,
    0x2d, 0xdd, 0x18, 0x4d, 0x1c, 0xce, 0xff, 0x94,
    0x28, 0xcd, 0x1e, 0xac, 0x28, 0xcc, 0x5, 0x54,
    0x35, 0xcd, 0xff, 0xfc, 0x3e, 0x8c, 0xd3, 0x14,
    0xf, 0x5c, 0x73, 0x30, 0xb, 0xee, 0xff, 0xfd,
    0x1d, 0xf8, 0x57, 0x54, 0x34, 0x34, 0x7, 0x0,
    0x10, 0x70, 0x7e, 0x0, 0x0, 0x0, 0x0, 0x0,

    /* U+5B2A "嬪" */
    0x0, 0x0, 0x0, 0x0, 0xa, 0x0, 0xd, 0x0,
    0xd, 0xb, 0xff, 0xfc, 0x1e, 0x4e, 0x55, 0x5c,
    0x3f, 0xe5, 0xff, 0xd4, 0xc, 0xa2, 0xcd, 0x74,
    0xc, 0x9a, 0x1f, 0x90, 0x1c, 0xdb, 0xff, 0xa0,
    0x18, 0xdb, 0x55, 0x74, 0x29, 0xc3, 0xff, 0xf4,
    0xf, 0x83, 0xaa, 0xb4, 0x7, 0x83, 0x95, 0x74,
    0xb, 0xe3, 0xff, 0xf4, 0x1d, 0x60, 0xa1, 0x90,
    0x38, 0x1f, 0x90, 0xbd, 0x0, 0x4, 0x0, 0x4,

    /* U+5B2B "嬫" */
    0x0, 0x0, 0x0, 0x0, 0xd, 0x2, 0x80, 0xd0,
    0xd, 0x1a, 0xaa, 0xdc, 0x1e, 0x4e, 0xb3, 0xf8,
    0x3f, 0xd3, 0xc1, 0xe0, 0xc, 0xde, 0x77, 0xb8,
    0x1c, 0xdd, 0x26, 0x18, 0x28, 0xdf, 0xff, 0xfc,
    0x28, 0xcc, 0xc, 0x1c, 0x39, 0xc4, 0x1c, 0x14,
    0x1f, 0x8f, 0xff, 0xfc, 0x7, 0xc0, 0x7f, 0x40,
    0xe, 0xf2, 0xed, 0xe0, 0x3c, 0x3e, 0x1c, 0x3c,
    0x20, 0x10, 0x1c, 0x4,

    /* U+5BB8 "宸" */
    0x0, 0x1, 0x40, 0x0, 0x0, 0x2, 0xc0, 0x0,
    0x1f, 0xff, 0xff, 0xfc, 0x2d, 0x55, 0x55, 0x6c,
    0x9, 0x55, 0x55, 0x64, 0x7, 0xff, 0xff, 0xe0,
    0x7, 0x0, 0x0, 0x0, 0x7, 0x3f, 0xff, 0xf0,
    0x7, 0x0, 0x0, 0x0, 0xb, 0xff, 0xff, 0xfc,
    0xb, 0x38, 0xf0, 0x60, 0xf, 0x28, 0x3a, 0xf0,
    0xd, 0x28, 0x1f, 0x80, 0x3c, 0x3f, 0xd2, 0xf8,
    0x34, 0x3e, 0x0, 0x2c, 0x0, 0x0, 0x0, 0x0,

    /* U+5BD5 "寕" */
    0x0, 0x2, 0x0, 0x0, 0x0, 0x7, 0x80, 0x0,
    0x3f, 0xff, 0xff, 0xf8, 0x34, 0x0, 0x0, 0x38,
    0x17, 0xff, 0xff, 0x90, 0x0, 0xb, 0x0, 0x0,
    0xf, 0xff, 0xff, 0xd0, 0xe, 0x1c, 0x70, 0xd0,
    0xe, 0x2c, 0x70, 0xd0, 0xb, 0xff, 0xff, 0xd0,
    0x0, 0x0, 0x0, 0x0, 0x7f, 0xff, 0xff, 0xfc,
    0x0, 0x2, 0xc0, 0x0, 0x0, 0x17, 0xc0, 0x0,
    0x0, 0x7f, 0x40, 0x0,

    /* U+5BEE "寮" */
    0x0, 0x2, 0x80, 0x0, 0x0, 0x2, 0xd0, 0x0,
    0x2f, 0xff, 0xff, 0xfc, 0x2c, 0x2, 0x80, 0x2c,
    0x1a, 0xff, 0xff, 0xe8, 0x5, 0x2e, 0x78, 0x20,
    0xb, 0xb8, 0x1e, 0xf0, 0x7, 0xff, 0xff, 0xe0,
    0x3f, 0xc0, 0x2, 0xfd, 0x12, 0xff, 0xff, 0xc4,
    0x2, 0xc0, 0x1, 0xc0, 0x1, 0xff, 0xff, 0xc0,
    0x0, 0xa1, 0xc7, 0x80, 0x1f, 0x96, 0xc1, 0xf8,
    0x28, 0x1f, 0x80, 0x18,

    /* U+5C7D "屽" */
    0xd, 0x1, 0x55, 0x40, 0x34, 0xf, 0xff, 0xc8,
    0xd3, 0x2, 0xc0, 0x37, 0x5c, 0x7, 0x0, 0xdd,
    0x70, 0x1c, 0x3, 0x75, 0xc0, 0x70, 0xd, 0xd7,
    0xbf, 0xff, 0x77, 0x5d, 0x5b, 0x54, 0xdd, 0x70,
    0x1c, 0x3, 0x75, 0xc0, 0x70, 0xd, 0xeb, 0x1,
    0xc0, 0x3f, 0xfc, 0x7, 0x0, 0x50, 0x0, 0x1c,
    0x0, 0x0, 0x0, 0x70, 0x0,

    /* U+5D1F "崟" */
    0xa, 0x2, 0xc0, 0x70, 0xa, 0x2, 0xc0, 0x70,
    0xb, 0xff, 0xff, 0xf0, 0x0, 0x2, 0x90, 0x0,
    0x0, 0xb, 0xf0, 0x0, 0x0, 0x7d, 0x3e, 0x0,
    0x1b, 0xf5, 0x5b, 0xf8, 0x3d, 0xff, 0xff, 0x6c,
    0x0, 0x2, 0xc0, 0x0, 0xb, 0xff, 0xff, 0xf0,
    0x2, 0xd6, 0xd6, 0xd0, 0x1, 0xd2, 0xc3, 0x80,
    0x0, 0xe2, 0xcb, 0x40, 0x2f, 0xff, 0xff, 0xfc,

    /* U+5D31 "崱" */
    0xd, 0x3, 0x80, 0x70, 0x38, 0xf, 0x2, 0xc0,
    0xff, 0xff, 0xff, 0x0, 0x0, 0x0, 0x0, 0xf,
    0xff, 0x40, 0x70, 0x70, 0xd, 0x35, 0xc1, 0xff,
    0xf4, 0xd7, 0x7, 0x0, 0xd3, 0x5c, 0x1f, 0xff,
    0x4d, 0x70, 0x70, 0xd, 0x35, 0xc1, 0xff, 0xf4,
    0xd7, 0x0, 0x95, 0x0, 0x1c, 0xf, 0x6e, 0x5,
    0xb0, 0xe0, 0x9, 0x2f, 0x80, 0x0, 0x0, 0x0,
    0x0,

    /* U+5D32 "崲" */
    0x0, 0x0, 0x10, 0x0, 0x30, 0x1, 0xc0, 0x0,
    0xc0, 0xff, 0xfc, 0x23, 0x33, 0x40, 0x30, 0xcc,
    0xcf, 0xff, 0xc3, 0x33, 0x34, 0x7, 0xc, 0xcc,
    0xd0, 0x1c, 0x33, 0x33, 0xff, 0xf0, 0xcc, 0xc0,
    0x0, 0x3, 0x33, 0x7f, 0xff, 0x8c, 0xcc, 0x3,
    0x0, 0x33, 0x73, 0xff, 0xf4, 0xff, 0xc0, 0x74,
    0x2, 0xa4, 0x1, 0xd0, 0x0, 0x3, 0xff, 0xff,
    0x0,

    /* U+5D84 "嶄" */
    0xe, 0x3, 0x80, 0xb0, 0xe, 0x57, 0xd5, 0xb0,
    0xf, 0xff, 0xff, 0xf0, 0x0, 0x90, 0x0, 0x10,
    0x3f, 0xff, 0x6f, 0xf4, 0x0, 0xd0, 0x39, 0x0,
    0x1f, 0xff, 0x30, 0x0, 0x1c, 0xd7, 0x3f, 0xfc,
    0x1f, 0xff, 0x39, 0xe4, 0x1d, 0xeb, 0x30, 0xd0,
    0x5, 0xe5, 0x30, 0xd0, 0x3f, 0xff, 0xb0, 0xd0,
    0x0, 0xd0, 0xe0, 0xd0, 0x0, 0xd0, 0xd0, 0xd0,
    0x0, 0x0, 0x0, 0x0,

    /* U+5D85 "嶅" */
    0x0, 0x0, 0x0, 0x0, 0x0, 0xe0, 0xe, 0x0,
    0x1a, 0xfa, 0x5e, 0xa8, 0x1f, 0xff, 0x3d, 0xb8,
    0x0, 0xe0, 0xbc, 0x70, 0x3f, 0xff, 0x8d, 0xe0,
    0x7, 0x55, 0xb, 0xc0, 0xb, 0xff, 0xb, 0xc0,
    0x1d, 0xa, 0xbd, 0xb8, 0x34, 0xbc, 0x50, 0x18,
    0xa, 0x2, 0x80, 0x70, 0xa, 0x2, 0x80, 0x70,
    0xa, 0x2, 0x80, 0x70, 0xb, 0xff, 0xff, 0xf0,
    0x5, 0x55, 0x55, 0xb0,

    /* U+5D89 "嶉" */
    0x28, 0xb, 0x1, 0xc0, 0xa5, 0x6d, 0x57, 0x2,
    0xff, 0xff, 0xfc, 0x0, 0x0, 0xc2, 0x0, 0x7f,
    0x4b, 0x5d, 0x1, 0xdd, 0x3f, 0xff, 0xc7, 0x37,
    0xd0, 0xc0, 0x1c, 0xff, 0xff, 0xfc, 0x73, 0x5d,
    0xd, 0x1, 0xcd, 0x38, 0x74, 0x7, 0x34, 0xff,
    0xff, 0x1d, 0xd3, 0x43, 0x0, 0x2a, 0x4f, 0xff,
    0xf0, 0x0, 0x34, 0x0, 0x0,

    /* U+5E34 "帴" */
    0x0, 0x0, 0x0, 0x0, 0x30, 0xc, 0x74, 0x0,
    0xc0, 0x39, 0xba, 0x3f, 0xfb, 0xfe, 0xa0, 0xed,
    0xd0, 0xe7, 0x83, 0x33, 0x2, 0xf4, 0xcc, 0xce,
    0xfe, 0xee, 0x33, 0x36, 0x89, 0xa0, 0xcc, 0xc3,
    0x1c, 0x3, 0x33, 0x5f, 0xbf, 0xcc, 0xce, 0xfe,
    0x58, 0x33, 0xf0, 0x35, 0xe0, 0xc, 0x0, 0xbd,
    0x30, 0x30, 0xbf, 0xb5, 0xc0, 0xc2, 0x40, 0x7d,
    0x0,

    /* U+5F43 "彃" */
    0x3f, 0xcf, 0xff, 0xf0, 0x15, 0xcd, 0x1c, 0x30,
    0x0, 0xcf, 0xff, 0xf0, 0x0, 0xce, 0x5d, 0x70,
    0x2f, 0xcf, 0xbe, 0xb0, 0x39, 0x47, 0x6d, 0xe0,
    0x34, 0x7, 0x6d, 0xe4, 0x39, 0x5f, 0xff, 0xfc,
    0x3f, 0xc3, 0x1c, 0xd0, 0x1, 0xdf, 0xff, 0xf8,
    0x1, 0xc0, 0x1c, 0x0, 0x2, 0xdf, 0xff, 0xfc,
    0x27, 0x80, 0x1c, 0x0, 0x2f, 0x0, 0x1c, 0x0,
    0x0, 0x0, 0x0, 0x0,

    /* U+5F47 "彇" */
    0xff, 0x2a, 0xfa, 0x81, 0x6c, 0x55, 0xd7, 0x0,
    0x7b, 0xff, 0xff, 0x1, 0xc0, 0x1c, 0x74, 0x7f,
    0x3f, 0xff, 0xc1, 0xc0, 0x45, 0xd1, 0xa, 0x3,
    0x33, 0x5d, 0x2d, 0x4f, 0xcd, 0xf4, 0xbf, 0x30,
    0x70, 0xd0, 0x1c, 0xff, 0xff, 0x40, 0xb7, 0x3,
    0xd, 0x2, 0xaf, 0xcd, 0xf4, 0x5e, 0xd3, 0x35,
    0xd2, 0xfb, 0x8, 0xd7, 0x40, 0x0, 0x0, 0x0,
    0x0,

    /* U+5F67 "彧" */
    0x0, 0x0, 0x0, 0x0, 0x0, 0x3, 0x5d, 0x0,
    0x0, 0xd, 0x2c, 0x3f, 0xff, 0xff, 0xfc, 0x55,
    0x55, 0xe6, 0x50, 0x55, 0x43, 0xbc, 0x3, 0xff,
    0xf, 0xc0, 0xd, 0x1d, 0xfc, 0xb0, 0x34, 0x77,
    0xfb, 0x40, 0xe6, 0xc2, 0xf1, 0xc3, 0xff, 0x7f,
    0x5e, 0x0, 0x0, 0x8f, 0xe8, 0x6b, 0xf4, 0xbc,
    0x72, 0xa5, 0x7e, 0x7f, 0x80, 0x0, 0x80, 0x7c,
    0x0,

    /* U+5F7F "彿" */
    0x0, 0x0, 0x0, 0x0, 0x2, 0x3, 0x1c, 0x0,
    0x3c, 0x5e, 0xb5, 0x2, 0xc7, 0xff, 0xfd, 0x2c,
    0x0, 0xc7, 0x34, 0x87, 0x17, 0x6d, 0xd0, 0x39,
    0xff, 0xff, 0x42, 0xc7, 0x31, 0xc0, 0x2f, 0x1d,
    0xd7, 0x51, 0xfc, 0x7f, 0xff, 0xf1, 0x70, 0xc,
    0x71, 0xc1, 0xc0, 0x71, 0xca, 0x7, 0x3, 0x87,
    0xb4, 0x1c, 0x7c, 0x1c, 0x40, 0x72, 0xc0, 0x70,
    0x0, 0x0, 0x0, 0x0,

    /* U+5FD3 "忓" */
    0x3, 0x41, 0x55, 0x54, 0x3, 0x47, 0xff, 0xfc,
    0x27, 0x80, 0xe, 0x0, 0x37, 0xf4, 0xd, 0x0,
    0x37, 0x6c, 0xd, 0x0, 0x33, 0x40, 0xd, 0x0,
    0x73, 0x4f, 0xff, 0xfd, 0x73, 0x4a, 0xae, 0xa8,
    0x3, 0x40, 0xd, 0x0, 0x3, 0x40, 0xd, 0x0,
    0x3, 0x40, 0xd, 0x0, 0x3, 0x40, 0xd, 0x0,
    0x3, 0x40, 0xd, 0x0, 0x3, 0x40, 0xd, 0x0,

    /* U+608A "悊" */
    0x0, 0x0, 0x0, 0x0, 0x2, 0xc1, 0xff, 0xf0,
    0x3f, 0xfd, 0xd4, 0x0, 0x2, 0xc1, 0xc0, 0x0,
    0x2, 0xe9, 0xff, 0xfc, 0x3f, 0xe9, 0xd6, 0xd4,
    0x11, 0xc3, 0xc1, 0xc0, 0x2, 0xc7, 0x41, 0xc0,
    0x1f, 0x86, 0x1, 0xc0, 0x5, 0x1, 0x80, 0x0,
    0xd, 0xb2, 0xc0, 0xe0, 0x1c, 0xb0, 0xea, 0x70,
    0x38, 0xb0, 0xa, 0x3c, 0x70, 0xb9, 0x5e, 0x1c,
    0x0, 0x3f, 0xfc, 0x0,

    /* U+6095 "悕" */
    0x0, 0x0, 0x0, 0x0, 0x7, 0x2, 0x40, 0x24,
    0x7, 0x2, 0xfa, 0xe0, 0x17, 0x0, 0xbf, 0xc0,
    0x3b, 0xd7, 0xe0, 0xb8, 0x37, 0xb1, 0x74, 0x4,
    0x37, 0xf, 0xff, 0xfe, 0x77, 0x2, 0xda, 0x0,
    0xa7, 0x3, 0x8e, 0x0, 0x7, 0xf, 0xff, 0xfc,
    0x7, 0x3f, 0x9e, 0x6c, 0x7, 0x23, 0xe, 0x1c,
    0x7, 0x3, 0xe, 0x2c, 0x7, 0x3, 0xe, 0xf8,
    0x7, 0x0, 0xe, 0x0,

    /* U+60C1 "惁" */
    0x1, 0xc0, 0x5, 0xa0, 0x2, 0xc0, 0xff, 0xa0,
    0x3f, 0xfc, 0xd0, 0x0, 0x3, 0xc0, 0xe5, 0x54,
    0xb, 0xf0, 0xff, 0xfc, 0x1e, 0xfc, 0xc1, 0xc0,
    0x75, 0xca, 0xc1, 0xc0, 0x21, 0xc3, 0x81, 0xc0,
    0x1, 0xc2, 0x0, 0x80, 0x0, 0x12, 0xc0, 0x40,
    0xe, 0x70, 0xe0, 0xf0, 0x1c, 0x70, 0x4b, 0x38,
    0x38, 0x79, 0x5e, 0x1c, 0x0, 0x2f, 0xfd, 0x0,

    /* U+612D "愭" */
    0x0, 0x0, 0x0, 0x0, 0x7, 0x0, 0x70, 0x10,
    0x7, 0xf, 0xff, 0x74, 0x27, 0x0, 0x72, 0xd0,
    0x37, 0xef, 0xff, 0xfc, 0x37, 0x81, 0xf4, 0x40,
    0x37, 0x1f, 0xff, 0xa4, 0x77, 0x27, 0x80, 0x38,
    0xa7, 0x3, 0xff, 0xf0, 0x7, 0x5, 0x55, 0x50,
    0x7, 0xf, 0xaa, 0xf0, 0x7, 0xe, 0x55, 0xb0,
    0x7, 0xe, 0x55, 0xb0, 0x7, 0xf, 0xff, 0xf0,
    0x7, 0xe, 0x0, 0x70,

    /* U+6226 "戦" */
    0x0, 0x0, 0x0, 0x1, 0x4d, 0x24, 0xd4, 0x7,
    0x28, 0xc3, 0x7c, 0x9, 0xe, 0xd, 0x24, 0x7f,
    0xfd, 0x39, 0xa1, 0xca, 0x3b, 0xfe, 0x87, 0xff,
    0xd3, 0x84, 0x1d, 0xa7, 0x4a, 0x34, 0x72, 0x8d,
    0x2e, 0xc1, 0xff, 0xf4, 0x7d, 0x0, 0x28, 0x1,
    0xe0, 0x3f, 0xff, 0xcb, 0x4c, 0x57, 0x95, 0xbe,
    0x30, 0xa, 0xf, 0x1f, 0xc0, 0x28, 0x10, 0x2d,
    0x0, 0x0, 0x0, 0x0,

    /* U+6333 "挳" */
    0x3, 0x2f, 0xff, 0xfc, 0x3, 0x5, 0x55, 0x54,
    0x17, 0x43, 0x4d, 0x38, 0x3f, 0xdb, 0x1c, 0x70,
    0x3, 0xd, 0x38, 0xe0, 0x3, 0x1c, 0x74, 0xd0,
    0x3, 0x9b, 0x2c, 0xb0, 0x2f, 0xd3, 0x4d, 0x38,
    0x2b, 0x6, 0x55, 0x50, 0x3, 0x1f, 0xff, 0xf8,
    0x3, 0x0, 0x2c, 0x0, 0x3, 0x0, 0x2c, 0x0,
    0x1b, 0x3f, 0xff, 0xfd, 0x2e, 0x15, 0x55, 0x54,

    /* U+6350 "捐" */
    0x7, 0x7, 0xff, 0xf0, 0x1c, 0x1d, 0x56, 0xc1,
    0xb9, 0x70, 0x7, 0xf, 0xfd, 0xff, 0xfc, 0x7,
    0x0, 0x0, 0x0, 0x1c, 0x3f, 0xff, 0xe0, 0x7e,
    0xe5, 0x57, 0x8b, 0xf7, 0x80, 0xe, 0x3b, 0xf,
    0xff, 0xf8, 0x1c, 0x38, 0x0, 0xe0, 0x70, 0xff,
    0xff, 0x81, 0xc3, 0x80, 0xe, 0x1b, 0xe, 0x0,
    0x78, 0xf8, 0x38, 0x1f, 0xc0, 0x0, 0x0, 0x0,
    0x0,

    /* U+63D2 "插" */
    0x0, 0x0, 0x0, 0x0, 0xb, 0xf, 0xff, 0xf4,
    0xb, 0x5, 0x2c, 0x0, 0x3f, 0xc0, 0x2c, 0x0,
    0x1b, 0x5f, 0xff, 0xfc, 0xb, 0x5, 0x6d, 0x54,
    0xb, 0x41, 0x6c, 0x0, 0xb, 0xdf, 0xae, 0xf4,
    0x7f, 0xd, 0x2c, 0x74, 0x1b, 0xc, 0x2c, 0x34,
    0xb, 0xf, 0xee, 0xf4, 0xb, 0xd, 0x2c, 0x34,
    0xb, 0xc, 0x2c, 0x34, 0x1f, 0xf, 0xff, 0xf4,
    0x3d, 0xd, 0x55, 0x74, 0x0, 0x0, 0x0, 0x0,

    /* U+6434 "搴" */
    0x0, 0x0, 0x0, 0x0, 0x0, 0x3, 0xc0, 0x0,
    0x2f, 0xff, 0xff, 0xf8, 0x2c, 0x38, 0x2c, 0x38,
    0x1b, 0xff, 0xff, 0xd4, 0x7, 0xff, 0xff, 0xd0,
    0x0, 0x38, 0x2c, 0x0, 0x3f, 0xff, 0xff, 0xfc,
    0x0, 0xf0, 0x1f, 0x0, 0x7, 0xff, 0xfb, 0xd0,
    0x3e, 0xab, 0xea, 0xbc, 0x10, 0x56, 0xd5, 0x4,
    0x1f, 0xff, 0xff, 0xf4, 0x0, 0x2, 0xc0, 0x0,
    0x0, 0x3f, 0x40, 0x0,

    /* U+6451 "摑" */
    0xa, 0x3f, 0xff, 0xfc, 0x28, 0xe5, 0x55, 0xb1,
    0xf7, 0x40, 0xd9, 0xcf, 0xfe, 0xff, 0xfb, 0xa,
    0x35, 0x5d, 0x5c, 0x28, 0xdf, 0xb3, 0x70, 0xbf,
    0x73, 0x99, 0xcb, 0xed, 0xde, 0xd7, 0x3e, 0x36,
    0xe7, 0x1c, 0x28, 0xe5, 0xad, 0xf0, 0xa3, 0xaa,
    0xfe, 0xc2, 0x8d, 0x4, 0x67, 0x1e, 0x3f, 0xff,
    0xfc, 0xf4, 0xe5, 0x55, 0xb0, 0x0, 0x0, 0x0,
    0x0,

    /* U+64B2 "撲" */
    0x7, 0x4, 0xd3, 0x4, 0x7, 0xd, 0xd3, 0x78,
    0x1b, 0x45, 0xd3, 0x60, 0x3f, 0xef, 0xff, 0xfc,
    0x7, 0x2, 0x82, 0xc0, 0x7, 0x1, 0xc3, 0x80,
    0x7, 0xdf, 0xff, 0xf8, 0x2f, 0x80, 0x3c, 0x0,
    0x7f, 0xf, 0xff, 0xf4, 0x7, 0x0, 0x3c, 0x0,
    0x7, 0x2f, 0xff, 0xfc, 0x7, 0x0, 0xbe, 0x0,
    0x1b, 0x1b, 0xd3, 0xe4, 0x3e, 0x3e, 0x0, 0x7c,
    0x0, 0x0, 0x0, 0x0,

    /* U+64B9 "撹" */
    0x0, 0x0, 0x0, 0x10, 0x1c, 0x1c, 0xa2, 0x80,
    0x70, 0x34, 0x8c, 0x6, 0xd7, 0xff, 0xff, 0x3f,
    0xdd, 0x55, 0x5c, 0x1c, 0x1f, 0xff, 0x90, 0x70,
    0x75, 0x5a, 0x1, 0xe9, 0xff, 0xf8, 0x2f, 0x97,
    0x0, 0xa0, 0xec, 0x1f, 0xff, 0x80, 0x70, 0x70,
    0xa, 0x1, 0xc1, 0xff, 0xf8, 0x7, 0x0, 0xd7,
    0xc, 0x6c, 0x1f, 0x1d, 0xb2, 0xe2, 0xe0, 0x3f,
    0x80, 0x0, 0x0, 0x0,

    /* U+6564 "敤" */
    0x2f, 0xff, 0x3, 0x0, 0x2d, 0xd7, 0x3, 0x54,
    0x2c, 0xd7, 0x3, 0xfc, 0x2f, 0xff, 0x3, 0x0,
    0x28, 0xd7, 0x3, 0x0, 0x2f, 0xff, 0x7f, 0xf8,
    0x5, 0xd4, 0x39, 0x78, 0x15, 0xe5, 0x28, 0x34,
    0x3f, 0xff, 0x1c, 0xb0, 0x3, 0xe0, 0xe, 0xd0,
    0xe, 0xfd, 0x7, 0xc0, 0x3c, 0xdb, 0xf, 0xc0,
    0x70, 0xd0, 0x7c, 0xb8, 0x0, 0xd0, 0xe0, 0x1c,
    0x0, 0x0, 0x0, 0x0,

    /* U+65C7 "旇" */
    0x1, 0x0, 0x10, 0x0, 0x3, 0x40, 0xf0, 0x0,
    0x17, 0xd0, 0xff, 0xfc, 0x3f, 0xfb, 0xea, 0xa8,
    0xd, 0xb, 0x3, 0x0, 0xd, 0x2, 0xff, 0xfc,
    0xf, 0xf2, 0xd7, 0x6c, 0xe, 0x72, 0xc3, 0x14,
    0xd, 0x32, 0xff, 0xf4, 0xd, 0x32, 0xf8, 0x74,
    0xc, 0x32, 0xac, 0x70, 0x1c, 0x72, 0x8e, 0xd0,
    0x2c, 0x73, 0x47, 0xc0, 0x39, 0xb7, 0x1f, 0xf0,
    0x77, 0xde, 0xb4, 0x3c, 0x0, 0x0, 0x0, 0x0,

    /* U+666B "晫" */
    0x0, 0x0, 0x30, 0x1, 0xff, 0x0, 0xff, 0xc7,
    0x1c, 0x3, 0x55, 0x1c, 0x71, 0x5d, 0x50, 0x71,
    0xcf, 0xff, 0xd1, 0xc7, 0x34, 0x3, 0x47, 0xfc,
    0xff, 0xfd, 0x1c, 0x73, 0x40, 0x34, 0x71, 0xcf,
    0xff, 0xd1, 0xc7, 0x1, 0xd0, 0x7, 0x1d, 0x57,
    0x95, 0x1f, 0xfb, 0xff, 0xfd, 0x15, 0x40, 0x34,
    0x0, 0x0, 0x0, 0xd0, 0x0,

    /* U+669F "暟" */
    0x0, 0x34, 0x70, 0xdf, 0xf3, 0x47, 0xd, 0xeb,
    0x3f, 0xff, 0xdd, 0x31, 0x55, 0x54, 0xd3, 0x15,
    0x55, 0x4d, 0x37, 0xff, 0xfe, 0xeb, 0x5, 0x55,
    0xf, 0xf2, 0xff, 0xfc, 0xd3, 0x28, 0x1, 0xcd,
    0x32, 0xff, 0xfc, 0xd3, 0xb, 0x5b, 0x4f, 0xf0,
    0x30, 0xe0, 0x55, 0xff, 0xff, 0xf0, 0x1, 0x55,
    0x55,

    /* U+66B1 "暱" */
    0x0, 0x3f, 0xff, 0xf3, 0xfc, 0xd5, 0x55, 0x4e,
    0xb3, 0xd, 0x30, 0x35, 0xcd, 0xff, 0xf8, 0xd7,
    0x30, 0xd3, 0x3, 0x5c, 0xc0, 0xd0, 0xe, 0xb3,
    0x7f, 0xfe, 0x3a, 0xcc, 0x74, 0x0, 0xd7, 0x37,
    0xff, 0xc3, 0x5c, 0xeb, 0x3, 0xd, 0x73, 0xe,
    0xbc, 0x3f, 0xcc, 0x15, 0x50, 0x55, 0x3f, 0xff,
    0xf0, 0x0, 0x55, 0x55, 0x40,

    /* U+6748 "杈" */
    0x3, 0xf, 0xff, 0xfc, 0x3, 0xb, 0x95, 0x7c,
    0x1b, 0x93, 0x4, 0x38, 0x3f, 0xe3, 0x5c, 0x34,
    0xb, 0x2, 0xcd, 0x70, 0xf, 0x81, 0xc6, 0xb0,
    0x1f, 0xe0, 0xe0, 0xd0, 0x3f, 0x78, 0xb2, 0xc0,
    0xb7, 0x10, 0x3f, 0x40, 0x63, 0x0, 0x2f, 0x0,
    0x3, 0x0, 0x7f, 0x80, 0x3, 0x3, 0xe2, 0xf0,
    0x3, 0x2f, 0x40, 0x7d, 0x3, 0x1c, 0x0, 0xc,
    0x0, 0x0, 0x0, 0x0,

    /* U+6769 "杩" */
    0x3, 0x47, 0xff, 0xe0, 0x3, 0x41, 0x56, 0xe0,
    0x17, 0x91, 0x41, 0xd0, 0x3f, 0xf2, 0xc1, 0xd0,
    0x3, 0x43, 0x82, 0xc0, 0xb, 0xc3, 0x82, 0xc0,
    0xf, 0xe3, 0xff, 0xfc, 0x1f, 0x71, 0x55, 0x7c,
    0x37, 0x40, 0x0, 0x2c, 0x73, 0x45, 0x55, 0x38,
    0x13, 0x4f, 0xff, 0x38, 0x3, 0x40, 0x0, 0x38,
    0x3, 0x40, 0x15, 0xb4, 0x3, 0x40, 0x2f, 0xe0,

    /* U+677F "板" */
    0x3, 0x0, 0x15, 0xa4, 0x3, 0x7, 0xff, 0xa4,
    0x2b, 0x97, 0x40, 0x0, 0x3f, 0xf7, 0x0, 0x0,
    0xb, 0x7, 0xff, 0xf4, 0xf, 0x87, 0xf5, 0xb4,
    0x1f, 0xe7, 0xb0, 0x70, 0x3f, 0x6b, 0x34, 0xb0,
    0x77, 0xb, 0x3d, 0xd0, 0x63, 0xe, 0xf, 0x80,
    0x3, 0xd, 0xf, 0x40, 0x3, 0x1c, 0x3f, 0xd0,
    0x3, 0x7a, 0xf0, 0xb8, 0x3, 0x72, 0x80, 0x1c,
    0x0, 0x0, 0x0, 0x0,

    /* U+67C7 "柇" */
    0x3, 0x40, 0x5, 0xa0, 0x3, 0x43, 0xff, 0x90,
    0x17, 0x91, 0x5c, 0x0, 0x3f, 0xf0, 0xc, 0x0,
    0x3, 0x45, 0x6e, 0x54, 0xb, 0xcb, 0xff, 0xfc,
    0xf, 0xf0, 0x3f, 0x0, 0x2f, 0xb8, 0xbf, 0x80,
    0x37, 0x41, 0xdd, 0xd0, 0x73, 0x47, 0x4c, 0x74,
    0x3, 0x5e, 0xc, 0x2c, 0x3, 0x48, 0xc, 0x4,
    0x3, 0x40, 0xc, 0x0, 0x3, 0x40, 0xc, 0x0,

    /* U+6848 "案" */
    0x0, 0x2, 0x40, 0x0, 0x0, 0x3, 0xc0, 0x0,
    0x1f, 0xff, 0xff, 0xf4, 0x1d, 0x19, 0x0, 0x74,
    0x19, 0x6d, 0x55, 0x64, 0x3f, 0xff, 0xff, 0xfc,
    0x1, 0xf4, 0x2d, 0x0, 0x0, 0x6f, 0xfd, 0x0,
    0x2f, 0xf9, 0x7, 0xf0, 0x0, 0x3, 0xc0, 0x10,
    0x3f, 0xff, 0xff, 0xfc, 0x5, 0x7f, 0xfd, 0x50,
    0x2, 0xf3, 0xcf, 0x80, 0x3f, 0x43, 0xc1, 0xfc,
    0x20, 0x3, 0xc0, 0x18,

    /* U+68E4 "棤" */
    0x7, 0x1, 0xc1, 0xc0, 0x7, 0x6, 0xd6, 0xd4,
    0x7, 0xf, 0xff, 0xf8, 0x3f, 0xe1, 0xc1, 0xc0,
    0xb, 0x16, 0xd6, 0xd4, 0xf, 0x2f, 0xff, 0xfc,
    0x1f, 0xc0, 0x0, 0x0, 0x2f, 0xab, 0xff, 0xf0,
    0x3b, 0xb, 0x55, 0x70, 0xa7, 0xb, 0x55, 0x70,
    0x7, 0xb, 0xff, 0xf0, 0x7, 0xb, 0x0, 0x30,
    0x7, 0xb, 0xff, 0xf0, 0x7, 0xb, 0x55, 0x70,
    0x0, 0x0, 0x0, 0x0,

    /* U+68F0 "棰" */
    0x7, 0x5, 0x56, 0xa4, 0x7, 0xf, 0xfe, 0x90,
    0x2b, 0x90, 0x1c, 0x0, 0x2f, 0x9f, 0xff, 0xf8,
    0xb, 0x7, 0x6d, 0xa0, 0xf, 0x83, 0x1c, 0xa0,
    0x1f, 0xff, 0xff, 0xfc, 0x3b, 0x5b, 0x6d, 0xf4,
    0x77, 0x3, 0x1c, 0xa0, 0x67, 0x7, 0x6d, 0xa0,
    0x7, 0x1f, 0xff, 0xf8, 0x7, 0x0, 0x1c, 0x0,
    0x7, 0x5, 0x6d, 0x50, 0x7, 0xf, 0xff, 0xf4,

    /* U+6902 "椂" */
    0x3, 0x7, 0xff, 0xf0, 0x3, 0x1, 0x55, 0x70,
    0x2b, 0xa0, 0x0, 0x70, 0x3f, 0xe3, 0xff, 0xf0,
    0xb, 0x0, 0x0, 0x70, 0xf, 0xcf, 0xff, 0xfc,
    0x1f, 0xf5, 0x5d, 0x54, 0x3b, 0x2b, 0xd, 0x38,
    0x77, 0x2, 0x9f, 0xf0, 0x63, 0x0, 0xbf, 0xc0,
    0x3, 0x3, 0xdd, 0xd0, 0x3, 0x1e, 0xc, 0x78,
    0x3, 0x4, 0x5c, 0x1c, 0x3, 0x1, 0xf8, 0x0,

    /* U+6924 "椤" */
    0x3, 0xf, 0xff, 0xfc, 0xc, 0x35, 0xcd, 0x72,
    0xbe, 0xd3, 0x31, 0xcf, 0xff, 0x5c, 0xd7, 0xb,
    0xf, 0xff, 0xfc, 0x3e, 0x1, 0xd0, 0x1, 0xfd,
    0xf, 0x0, 0xe, 0xec, 0xbf, 0xfe, 0x77, 0xb,
    0xc0, 0xb1, 0x8c, 0xb7, 0xc7, 0x40, 0x30, 0x1,
    0xb8, 0x0, 0xc0, 0x1f, 0x40, 0x3, 0xb, 0xe0,
    0x0, 0xc, 0xb8, 0x0, 0x0, 0x0, 0x0, 0x0,
    0x0,

    /* U+6940 "楀" */
    0x0, 0x0, 0x0, 0x0, 0x1c, 0x3f, 0xff, 0xd0,
    0x70, 0x41, 0xc0, 0x6, 0xd0, 0x7, 0x0, 0x3f,
    0xdf, 0xff, 0xf4, 0x2c, 0x34, 0x70, 0xd0, 0xf8,
    0xff, 0xff, 0x47, 0xf5, 0x5b, 0x54, 0x3f, 0x65,
    0x5d, 0x51, 0xdc, 0x3f, 0xff, 0xe6, 0x70, 0xc1,
    0xc6, 0x81, 0xc3, 0x7, 0xba, 0x7, 0xd, 0xfe,
    0xe8, 0x1c, 0x30, 0x1, 0xa0, 0x70, 0xc0, 0xf,
    0x40,

    /* U+6979 "楹" */
    0x7, 0x1f, 0xff, 0xc0, 0x7, 0x7, 0x55, 0xc0,
    0x2b, 0x93, 0x1, 0xe8, 0x3f, 0xe3, 0xff, 0xbc,
    0xb, 0x7, 0x4b, 0x2c, 0xf, 0xc9, 0xec, 0x28,
    0x1f, 0xac, 0xbc, 0x38, 0x3f, 0x3a, 0xc9, 0xf4,
    0x77, 0x1, 0x0, 0x40, 0x67, 0xf, 0xff, 0xf4,
    0x7, 0xc, 0xd3, 0x34, 0x7, 0xc, 0xd3, 0x34,
    0x7, 0x1d, 0xd7, 0x74, 0x7, 0x7f, 0xff, 0xfd,

    /* U+6A09 "樉" */
    0x7, 0x0, 0x1c, 0x0, 0x7, 0xa, 0xbe, 0xa8,
    0x1b, 0x45, 0x6d, 0x54, 0x3f, 0xdd, 0xdd, 0xe8,
    0xb, 0xb, 0x9c, 0xf0, 0xf, 0x4f, 0xde, 0xfc,
    0x1f, 0xc4, 0x9c, 0x44, 0x3f, 0x5e, 0xdd, 0xe8,
    0x77, 0x7, 0x9c, 0xf0, 0x27, 0xe, 0xfe, 0xfc,
    0x7, 0x4, 0xbb, 0x4, 0x7, 0x1, 0xd3, 0xc0,
    0x7, 0x1f, 0x40, 0xf8, 0x7, 0x38, 0x0, 0x1c,
    0x0, 0x0, 0x0, 0x0,

    /* U+6ACE "櫎" */
    0x0, 0x0, 0x0, 0x0, 0x7, 0x0, 0x1d, 0x0,
    0x7, 0x1f, 0xff, 0xfc, 0x2b, 0x9c, 0x34, 0xd0,
    0x2f, 0x9e, 0xff, 0xfc, 0xb, 0x1c, 0x34, 0xd0,
    0xf, 0x9f, 0xff, 0xfd, 0x1f, 0xed, 0x5b, 0x54,
    0x3f, 0x2d, 0xff, 0xf8, 0x37, 0x1d, 0xca, 0x28,
    0x27, 0x1d, 0xff, 0xf8, 0x7, 0x29, 0xdb, 0x78,
    0x7, 0x34, 0xff, 0xf4, 0x7, 0x70, 0xb4, 0xe4,
    0x7, 0xa7, 0x80, 0x2d, 0x0, 0x0, 0x0, 0x0,

    /* U+6AD2 "櫒" */
    0x7, 0x0, 0xd1, 0xc0, 0x7, 0xa, 0xfb, 0xe9,
    0x7, 0x5, 0xe6, 0xd4, 0x2f, 0x83, 0xff, 0xe8,
    0xb, 0xb, 0x7b, 0x6c, 0xf, 0x6d, 0xf2, 0xb0,
    0x1f, 0xea, 0xd1, 0xd0, 0x3b, 0x53, 0xff, 0xf4,
    0x37, 0x1e, 0x0, 0x1e, 0x17, 0x2b, 0xff, 0xf8,
    0x7, 0x2, 0x5d, 0x50, 0x7, 0x7, 0x5c, 0xe0,
    0x7, 0x2d, 0x6c, 0x3d, 0x7, 0x20, 0xf8, 0x8,

    /* U+6B11 "欑" */
    0x7, 0x9, 0x85, 0xc0, 0x7, 0x1f, 0xef, 0xfd,
    0x17, 0x55, 0x88, 0xc0, 0x3f, 0xef, 0xfb, 0xfe,
    0xb, 0xd, 0xd7, 0x61, 0xf, 0x9c, 0xdd, 0x7d,
    0xf, 0xda, 0xae, 0xa0, 0x2f, 0x4e, 0x55, 0x74,
    0x3b, 0xf, 0xff, 0xf4, 0x77, 0xe, 0xaa, 0xb4,
    0x7, 0xe, 0x55, 0x74, 0x7, 0xf, 0xff, 0xf4,
    0x7, 0x6, 0xc3, 0xd0, 0x7, 0x39, 0x0, 0x6d,
    0x0, 0x0, 0x0, 0x0,

    /* U+6B22 "欢" */
    0x0, 0x0, 0x10, 0x0, 0x0, 0x0, 0xb0, 0x0,
    0x3f, 0xf4, 0xe0, 0x0, 0x15, 0x75, 0xff, 0xfc,
    0x0, 0x72, 0xc0, 0x38, 0x38, 0xb3, 0x5c, 0x34,
    0x1d, 0xeb, 0x1c, 0xb0, 0xb, 0xd0, 0x1c, 0x0,
    0x3, 0xc0, 0x2d, 0x0, 0x3, 0xd0, 0x3e, 0x0,
    0x7, 0xf0, 0x7b, 0x0, 0xe, 0x38, 0xe3, 0xc0,
    0x2c, 0x17, 0xc1, 0xe0, 0x74, 0xf, 0x0, 0xbc,
    0x10, 0x2d, 0x0, 0x2c, 0x0, 0x0, 0x0, 0x0,

    /* U+6C36 "氶" */
    0xb, 0xff, 0xff, 0xe0, 0x1, 0x55, 0x5b, 0xd0,
    0x0, 0x0, 0x1f, 0x0, 0x0, 0x0, 0xb8, 0x0,
    0x15, 0x52, 0xe0, 0x14, 0x3f, 0xf2, 0xf0, 0xb8,
    0x0, 0xb2, 0xfb, 0xd0, 0x0, 0xe2, 0xef, 0x0,
    0x2, 0xc2, 0xcf, 0x0, 0x7, 0x42, 0xc3, 0xc0,
    0xe, 0x2, 0xc0, 0xf4, 0x3c, 0x2, 0xc0, 0x2d,
    0x20, 0x17, 0xc0, 0x4, 0x0, 0x3f, 0x40, 0x0,

    /* U+6CED "泭" */
    0x0, 0x0, 0x0, 0x0, 0x18, 0x3, 0x40, 0xd0,
    0x1f, 0x7, 0x0, 0xd0, 0x3, 0x4e, 0x0, 0xe0,
    0x10, 0x1d, 0xff, 0xfc, 0x78, 0x3d, 0x0, 0xe0,
    0x2e, 0xbd, 0x20, 0xd0, 0x5, 0xdd, 0x34, 0xd0,
    0x0, 0xd, 0x2c, 0xd0, 0x7, 0xd, 0xd, 0xd0,
    0xe, 0xd, 0x4, 0xd0, 0xd, 0xd, 0x0, 0xd0,
    0x2c, 0xd, 0x0, 0xd0, 0x38, 0xd, 0x16, 0xd0,
    0x24, 0xd, 0x1f, 0x80,

    /* U+6D47 "浇" */
    0x0, 0x1, 0x0, 0x0, 0x1d, 0x3, 0x80, 0x0,
    0xb, 0x87, 0xef, 0xf8, 0x2, 0x6f, 0xe5, 0x50,
    0x10, 0x0, 0xe1, 0xf0, 0x3c, 0x0, 0xbf, 0x88,
    0xf, 0xb, 0xfd, 0x1c, 0x2, 0x2e, 0x4b, 0xf8,
    0x0, 0x0, 0x1, 0x90, 0x2, 0x7f, 0xff, 0xfc,
    0xb, 0x17, 0x9f, 0x50, 0xe, 0x3, 0x4b, 0x4,
    0xd, 0xb, 0xb, 0xc, 0x2c, 0x2d, 0xb, 0x6c,
    0x28, 0xf4, 0x7, 0xf8, 0x0, 0x0, 0x0, 0x0,

    /* U+6D50 "浐" */
    0x0, 0x0, 0x14, 0x0, 0x18, 0x0, 0x3c, 0x0,
    0x1f, 0x15, 0x7e, 0x54, 0x3, 0xef, 0xff, 0xfc,
    0x0, 0x2, 0xc1, 0xc0, 0x78, 0x1, 0xc2, 0xc0,
    0x2f, 0x16, 0xe7, 0xd4, 0x7, 0x2f, 0xff, 0xfc,
    0x0, 0x28, 0x0, 0x0, 0x6, 0x28, 0x0, 0x0,
    0xb, 0x28, 0x0, 0x0, 0xe, 0x38, 0x0, 0x0,
    0x1d, 0x34, 0x0, 0x0, 0x2c, 0xb0, 0x0, 0x0,
    0x38, 0xe0, 0x0, 0x0, 0x0, 0x40, 0x0, 0x0,

    /* U+6D5C "浜" */
    0x0, 0x0, 0x0, 0x0, 0x1d, 0x5, 0x6b, 0xf0,
    0xb, 0x8f, 0xfa, 0x40, 0x2, 0xce, 0x0, 0x0,
    0x10, 0xd, 0x0, 0x0, 0x7c, 0xf, 0xff, 0xfc,
    0x1f, 0xe, 0x57, 0xd4, 0x2, 0xd, 0x3, 0x80,
    0x0, 0xd, 0x3, 0x80, 0x6, 0x1e, 0x57, 0xd4,
    0xf, 0x7f, 0xff, 0xfc, 0xd, 0x1, 0x41, 0x0,
    0x1c, 0xb, 0x83, 0xd0, 0x3c, 0x3e, 0x0, 0xf4,
    0x34, 0xb4, 0x0, 0x2c, 0x0, 0x0, 0x0, 0x0,

    /* U+6D60 "浠" */
    0x0, 0x0, 0x0, 0x0, 0x1d, 0xf, 0x41, 0xf0,
    0xf, 0x82, 0xff, 0x80, 0x2, 0xc6, 0xff, 0x80,
    0x10, 0x1f, 0x91, 0xf4, 0x38, 0x4, 0xb0, 0x14,
    0x1f, 0x7f, 0xff, 0xfd, 0x2, 0x17, 0xdd, 0x54,
    0x0, 0xb, 0x1c, 0x0, 0x7, 0x2f, 0xff, 0xf8,
    0xb, 0xbf, 0x6d, 0x78, 0xe, 0x1e, 0x1c, 0x38,
    0x1d, 0xe, 0x1c, 0x38, 0x2c, 0xe, 0x1d, 0xf4,
    0x14, 0x4, 0x1c, 0x50,

    /* U+6D63 "浣" */
    0x0, 0x0, 0x60, 0x0, 0x1d, 0x0, 0x38, 0x0,
    0xf, 0x7f, 0xff, 0xf8, 0x2, 0x39, 0x55, 0x78,
    0x10, 0x34, 0x0, 0x28, 0x3c, 0x7, 0xff, 0xd0,
    0x1f, 0x1, 0x55, 0x40, 0x2, 0x0, 0x0, 0x0,
    0x0, 0x15, 0x55, 0x54, 0x2, 0x3f, 0xff, 0xfc,
    0xb, 0x3, 0x8b, 0x0, 0xe, 0x3, 0x8b, 0x8,
    0x1d, 0xb, 0xb, 0xd, 0x3c, 0x2e, 0xb, 0xac,
    0x34, 0xf8, 0x3, 0xf8, 0x0, 0x0, 0x0, 0x0,

    /* U+6D7C "浼" */
    0x0, 0x0, 0x40, 0x0, 0xd, 0x2, 0xd5, 0x40,
    0xb, 0x87, 0xff, 0xc0, 0x1, 0xde, 0x3, 0xc0,
    0x10, 0x3d, 0x5f, 0x50, 0x3c, 0x3f, 0xff, 0xf4,
    0x1f, 0x1c, 0x38, 0x34, 0x2, 0x1c, 0x38, 0x34,
    0x0, 0x1d, 0x79, 0x74, 0x3, 0x1f, 0xff, 0xf4,
    0xb, 0x0, 0xbd, 0x0, 0xf, 0x1, 0xdd, 0x4,
    0xd, 0x7, 0xcd, 0xc, 0x2c, 0x2f, 0xf, 0x6c,
    0x2c, 0x78, 0xb, 0xf8, 0x0, 0x10, 0x0, 0x0,

    /* U+6D93 "涓" */
    0x0, 0x0, 0x0, 0x0, 0x38, 0x3f, 0xff, 0xc0,
    0x7c, 0xe0, 0xb, 0x0, 0x23, 0x80, 0x2c, 0x20,
    0xf, 0xff, 0xf0, 0xf4, 0x0, 0x0, 0x0, 0xf5,
    0xff, 0xff, 0x40, 0x4b, 0x55, 0x5d, 0x0, 0x2c,
    0x0, 0x34, 0xd, 0xbf, 0xff, 0xd0, 0x72, 0xc0,
    0x3, 0x43, 0xcb, 0xff, 0xfd, 0xd, 0x2c, 0x0,
    0x34, 0xb0, 0xb0, 0x5, 0xd1, 0x81, 0xc0, 0x7f,
    0x0,

    /* U+6D98 "涘" */
    0x0, 0x0, 0x40, 0x0, 0x8, 0x0, 0xe0, 0x40,
    0xf, 0x43, 0xc1, 0xc0, 0x3, 0xcb, 0x56, 0xe0,
    0x0, 0x6f, 0xff, 0xb0, 0x30, 0x6, 0x0, 0x24,
    0x3d, 0xb, 0x55, 0x50, 0xb, 0xf, 0xff, 0xf0,
    0x0, 0x38, 0x2c, 0x0, 0x1, 0x25, 0x7d, 0x54,
    0x7, 0x7f, 0xff, 0xfc, 0xf, 0x0, 0x7d, 0x0,
    0xd, 0x1, 0xfb, 0x40, 0x2c, 0x1f, 0x82, 0xe4,
    0x34, 0x7d, 0x0, 0x7c, 0x0, 0x0, 0x0, 0x0,

    /* U+6D9C "涜" */
    0x0, 0x0, 0x0, 0x0, 0x28, 0x0, 0x28, 0x0,
    0xf, 0x6f, 0xff, 0xf8, 0x2, 0x45, 0x6d, 0x50,
    0x0, 0x5, 0x7d, 0x50, 0x38, 0xf, 0xff, 0xf0,
    0x1f, 0x15, 0x55, 0x54, 0x2, 0x3f, 0xff, 0xfc,
    0x0, 0x34, 0x0, 0xc, 0x7, 0x21, 0xc3, 0x8,
    0xb, 0x2, 0xc3, 0x0, 0xe, 0x3, 0x83, 0x8,
    0x1c, 0x7, 0x43, 0xd, 0x2c, 0x1e, 0x3, 0x5d,
    0x38, 0x38, 0x2, 0xf8, 0x0, 0x0, 0x0, 0x0,

    /* U+6DC7 "淇" */
    0x18, 0xd, 0x1, 0xc0, 0xf, 0xbf, 0xff, 0xf8,
    0x2, 0x5e, 0x56, 0xe4, 0x10, 0xd, 0x1, 0xc0,
    0x78, 0xf, 0xff, 0xc0, 0x1f, 0xd, 0x1, 0xc0,
    0x6, 0xe, 0x55, 0xc0, 0x0, 0xf, 0xff, 0xc0,
    0x7, 0xd, 0x1, 0xc0, 0xf, 0xff, 0xff, 0xfc,
    0xd, 0x56, 0x56, 0x54, 0x1c, 0xb, 0x47, 0x80,
    0x2c, 0x7e, 0x1, 0xf4, 0x28, 0xe0, 0x0, 0x2c,
    0x0, 0x0, 0x0, 0x0,

    /* U+6E36 "渶" */
    0x10, 0x7, 0x2, 0x80, 0x3d, 0x1b, 0x97, 0xd4,
    0xb, 0xbf, 0xff, 0xfc, 0x2, 0x7, 0x12, 0x80,
    0x70, 0x5, 0x79, 0x40, 0x3d, 0x3f, 0xff, 0xf0,
    0xa, 0x38, 0x34, 0xb0, 0x0, 0x38, 0x34, 0x70,
    0x5, 0x7d, 0x79, 0xb4, 0xe, 0xbf, 0xff, 0xfc,
    0x1c, 0x0, 0xbc, 0x0, 0x2c, 0x2, 0xdf, 0x40,
    0x38, 0x2f, 0x43, 0xe4, 0x70, 0xb8, 0x0, 0x7c,
    0x0, 0x0, 0x0, 0x0,

    /* U+6E70 "湰" */
    0x0, 0x0, 0x40, 0x0, 0x28, 0x3, 0xd5, 0x50,
    0x1f, 0xb, 0xff, 0xf0, 0x2, 0x3f, 0x41, 0xd0,
    0x0, 0x21, 0xff, 0x40, 0x74, 0x1b, 0xff, 0x94,
    0x2d, 0xbe, 0x41, 0xbc, 0x5, 0xf, 0xff, 0xe0,
    0x0, 0x8, 0x14, 0x0, 0x9, 0x2f, 0xff, 0xf0,
    0xd, 0x74, 0x38, 0x0, 0x1c, 0x6f, 0xff, 0xf0,
    0x2c, 0x5, 0x79, 0x40, 0x38, 0x0, 0x38, 0x0,
    0x34, 0xbf, 0xff, 0xfc, 0x0, 0x0, 0x0, 0x0,

    /* U+6FB6 "澶" */
    0x0, 0x0, 0x10, 0x0, 0x28, 0x0, 0x74, 0x0,
    0x1f, 0x7f, 0xff, 0xfc, 0x7, 0x15, 0x55, 0x50,
    0x0, 0x3e, 0xaa, 0xb4, 0x38, 0x36, 0xab, 0x34,
    0x1f, 0x36, 0xeb, 0x34, 0x2, 0x39, 0x55, 0x74,
    0x0, 0x15, 0x55, 0x50, 0x6, 0x1f, 0xff, 0xf0,
    0xb, 0x1d, 0x55, 0xb0, 0xe, 0x1d, 0x55, 0xb0,
    0x1c, 0x1f, 0xff, 0xf0, 0x2c, 0x0, 0x0, 0x0,
    0x38, 0xff, 0xff, 0xfd, 0x0, 0x0, 0x0, 0x0,

    /* U+6FB9 "澹" */
    0x0, 0x0, 0x0, 0x0, 0x4, 0x3, 0x80, 0x0,
    0x2d, 0xb, 0xff, 0xd0, 0xb, 0x5d, 0x2, 0xc0,
    0x1, 0x7d, 0x57, 0x94, 0x0, 0xff, 0xff, 0xfc,
    0x78, 0x75, 0xd1, 0xd0, 0x1f, 0x37, 0x5d, 0x34,
    0x1, 0x3f, 0xff, 0xfc, 0x0, 0x36, 0xaa, 0xa0,
    0xe, 0x35, 0x55, 0x50, 0xd, 0x37, 0xff, 0xf0,
    0x1c, 0x31, 0x55, 0x50, 0x28, 0xb3, 0xea, 0xf4,
    0x34, 0xd3, 0x40, 0x74, 0x31, 0xc3, 0xff, 0xf0,
    0x0, 0x0, 0x0, 0x0,

    /* U+6FEE "濮" */
    0x18, 0x19, 0x26, 0x44, 0x1f, 0x2a, 0xa6, 0x74,
    0x3, 0x34, 0xb6, 0xa0, 0x20, 0x77, 0xff, 0xfc,
    0x3c, 0xb0, 0x30, 0xc0, 0xe, 0xf0, 0x75, 0xd0,
    0x2, 0xf3, 0xff, 0xf8, 0x1, 0x70, 0xe, 0x0,
    0x9, 0x32, 0xff, 0xf4, 0xe, 0x30, 0xe, 0x0,
    0xd, 0x37, 0xff, 0xfc, 0x1c, 0x30, 0x1f, 0x40,
    0x38, 0x31, 0xb4, 0xf4, 0x24, 0x33, 0x80, 0x2c,
    0x0, 0x0, 0x0, 0x0,

    /* U+7039 "瀹" */
    0x14, 0x0, 0xf8, 0x0, 0x1e, 0xb, 0x9f, 0x40,
    0x6, 0xbe, 0x5b, 0xe4, 0x1, 0xd5, 0x55, 0x2c,
    0x74, 0xfd, 0xfe, 0xf0, 0x2e, 0xcd, 0x8e, 0x30,
    0x4, 0xed, 0xee, 0xf0, 0x0, 0x14, 0x50, 0x50,
    0xe, 0xbf, 0xff, 0xf0, 0xd, 0xa3, 0x8d, 0x70,
    0x1c, 0xa7, 0x9d, 0x70, 0x38, 0xbf, 0xff, 0xf0,
    0x34, 0xa3, 0x4d, 0x70, 0x30, 0xa3, 0x4e, 0xe0,

    /* U+704F "灏" */
    0x0, 0x0, 0x0, 0x0, 0x2c, 0xbf, 0xdf, 0xfd,
    0xf, 0xa5, 0xd5, 0xd4, 0x0, 0xbf, 0xd1, 0xc0,
    0x0, 0xa0, 0xdb, 0xe8, 0x34, 0xbf, 0xdf, 0xfc,
    0x2d, 0x9, 0xc, 0x4c, 0x8, 0xff, 0xed, 0xcc,
    0x0, 0x15, 0x4d, 0xcc, 0x9, 0x7f, 0xdd, 0xcc,
    0xd, 0x60, 0xdd, 0xcc, 0x1c, 0x7f, 0xca, 0xd8,
    0x2c, 0x9a, 0xc3, 0xf0, 0x39, 0xdd, 0x6b, 0x2c,
    0x21, 0x3d, 0x2c, 0xd, 0x0, 0x0, 0x0, 0x0,

    /* U+705E "灞" */
    0x0, 0x0, 0x0, 0x0, 0x18, 0x3f, 0xff, 0xf8,
    0x1f, 0x15, 0x79, 0x54, 0x2, 0xba, 0xbe, 0xad,
    0x0, 0xab, 0x77, 0xdd, 0x34, 0x4a, 0x76, 0x94,
    0x1e, 0x30, 0xc0, 0x0, 0x5, 0xff, 0xfb, 0xfc,
    0x0, 0x3a, 0xca, 0x1c, 0xa, 0x1a, 0x4b, 0xfc,
    0xd, 0xbf, 0xea, 0x1c, 0xc, 0xbf, 0xab, 0xfc,
    0x2c, 0x1a, 0x4a, 0x5c, 0x39, 0xff, 0xfd, 0x1c,
    0x24, 0xa, 0x1c, 0xb8, 0x0, 0x0, 0x0, 0x0,

    /* U+70B2 "炲" */
    0x0, 0x0, 0x0, 0x0, 0x3, 0x40, 0x38, 0x0,
    0x3, 0x40, 0x70, 0x0, 0x13, 0x40, 0xe1, 0xc0,
    0x73, 0xba, 0xc0, 0xf0, 0x33, 0xf7, 0x95, 0xb4,
    0x3b, 0xcf, 0xff, 0xfc, 0x2b, 0x40, 0x0, 0x4,
    0x3, 0x41, 0x55, 0x50, 0x3, 0x83, 0xff, 0xf0,
    0x7, 0xd3, 0x0, 0x30, 0xe, 0xb7, 0x0, 0x30,
    0x1c, 0x3b, 0x0, 0x30, 0x38, 0x3, 0xff, 0xf0,
    0x20, 0x3, 0x55, 0x70,

    /* U+70D8 "烘" */
    0x3, 0x41, 0xc1, 0xc0, 0x3, 0x41, 0xc2, 0xc0,
    0x63, 0xb6, 0xd7, 0xd4, 0x73, 0xdf, 0xff, 0xfc,
    0x37, 0x81, 0xc2, 0xc0, 0x37, 0x41, 0xc2, 0xc0,
    0x27, 0x41, 0xc2, 0xc0, 0x3, 0x6, 0xd6, 0xd4,
    0x7, 0x6f, 0xff, 0xfc, 0xb, 0xc0, 0x41, 0x0,
    0xe, 0xe1, 0xc3, 0x80, 0x1c, 0x27, 0x81, 0xe0,
    0x38, 0x1e, 0x0, 0x78, 0x30, 0x28, 0x0, 0x28,
    0x0, 0x0, 0x0, 0x0,

    /* U+714E "煎" */
    0x0, 0x50, 0x9, 0x0, 0x0, 0x70, 0x1d, 0x0,
    0x3f, 0xff, 0xff, 0xfc, 0x15, 0x55, 0x55, 0x54,
    0xf, 0xff, 0x18, 0x70, 0xd, 0xb, 0x2c, 0x70,
    0xf, 0xff, 0x2c, 0x70, 0xd, 0xb, 0x2c, 0x70,
    0xf, 0xff, 0x2c, 0x70, 0xd, 0xb, 0x0, 0xb0,
    0xd, 0x7e, 0xf, 0xf0, 0x4, 0x14, 0x5, 0x90,
    0xe, 0x38, 0x70, 0xf0, 0x1c, 0x2c, 0x38, 0x74,
    0x38, 0x2c, 0x2c, 0x3c, 0x0, 0x0, 0x0, 0x0,

    /* U+7161 "煡" */
    0x7, 0x0, 0x3, 0x0, 0x7, 0xf, 0xef, 0xf4,
    0x57, 0x23, 0x43, 0x34, 0x67, 0xa7, 0x3f, 0xfc,
    0x37, 0x8d, 0x3, 0x34, 0x37, 0x1f, 0xdf, 0xf4,
    0x27, 0x1, 0x87, 0x40, 0x7, 0x2, 0x83, 0x0,
    0x7, 0x2a, 0x6f, 0xf4, 0xb, 0x8f, 0x3, 0x0,
    0xe, 0xdf, 0x3f, 0xfc, 0x1c, 0x4f, 0x83, 0x0,
    0x38, 0x2e, 0xff, 0xfc, 0x30, 0x34, 0x5, 0x54,
    0x0, 0x0, 0x0, 0x0,

    /* U+7176 "煶" */
    0x3, 0x3, 0xff, 0xf0, 0x3, 0x3, 0x40, 0x70,
    0x63, 0x37, 0xff, 0xf0, 0x73, 0xe3, 0x55, 0x70,
    0x37, 0xc3, 0x55, 0x70, 0x37, 0x43, 0xff, 0xf0,
    0x27, 0x0, 0x0, 0x0, 0x7, 0xf, 0xff, 0xfc,
    0x7, 0x1, 0xc, 0x0, 0xb, 0x87, 0xd, 0x50,
    0xe, 0xdb, 0xf, 0xf4, 0xc, 0x6f, 0x8c, 0x0,
    0x3c, 0x2d, 0xfe, 0x54, 0x34, 0x74, 0x2f, 0xfc,
    0x0, 0x0, 0x0, 0x0,

    /* U+71BA "熺" */
    0x3, 0x0, 0xc, 0x0, 0x7, 0xf, 0xff, 0xfc,
    0x17, 0x0, 0x1d, 0x0, 0x77, 0xbb, 0xff, 0xf8,
    0x37, 0xc1, 0x55, 0x50, 0x37, 0x7, 0xaa, 0xb0,
    0x27, 0x7, 0xff, 0xf0, 0x7, 0x1, 0xd5, 0xd0,
    0x7, 0xa, 0xea, 0xe8, 0x7, 0xc5, 0x55, 0x54,
    0xa, 0xd7, 0xff, 0xf0, 0xc, 0x5b, 0x55, 0x74,
    0x28, 0xb, 0x55, 0x74, 0x30, 0xb, 0xff, 0xf4,
    0x0, 0x0, 0x0, 0x0,

    /* U+71BC "熼" */
    0x7, 0x7, 0xff, 0xf4, 0x7, 0x7, 0xd, 0x34,
    0x67, 0x27, 0xd, 0x34, 0x77, 0xb7, 0xff, 0xf4,
    0x37, 0xc7, 0xd, 0x34, 0x37, 0x47, 0xff, 0xf4,
    0x27, 0x0, 0x81, 0x80, 0x7, 0xb, 0xff, 0xf8,
    0x7, 0x1, 0xe6, 0xd0, 0xb, 0x80, 0xd1, 0xc0,
    0xe, 0xef, 0xff, 0xfd, 0x1c, 0x60, 0x92, 0x40,
    0x38, 0xb, 0xd2, 0xf4, 0x30, 0x2d, 0x0, 0x2c,
    0x0, 0x0, 0x0, 0x0,

    /* U+7248 "版" */
    0xc, 0x70, 0x15, 0xbc, 0xc, 0x71, 0xff, 0xe4,
    0xc, 0x71, 0xd0, 0x0, 0xc, 0x71, 0xc0, 0x0,
    0xf, 0xfd, 0xff, 0xf8, 0xe, 0x55, 0xf9, 0x78,
    0xc, 0x1, 0xe8, 0x34, 0xf, 0xf2, 0xdc, 0x70,
    0xe, 0xb2, 0xcd, 0xf0, 0x1c, 0x73, 0x87, 0xc0,
    0x1c, 0x73, 0x43, 0xc0, 0x2c, 0x77, 0xf, 0xe0,
    0x38, 0x7e, 0x7c, 0x7c, 0x70, 0x75, 0xe0, 0xc,
    0x0, 0x0, 0x0, 0x0,

    /* U+7271 "牱" */
    0x3, 0x45, 0x55, 0x54, 0x33, 0x4f, 0xff, 0xfc,
    0x33, 0x40, 0x0, 0xb0, 0x7f, 0xf0, 0x0, 0xb0,
    0x73, 0x87, 0xfc, 0xb0, 0xa3, 0x47, 0x1c, 0xb0,
    0x53, 0x47, 0xc, 0xb0, 0x3, 0xf7, 0xc, 0xb0,
    0x7f, 0x97, 0xc, 0xb0, 0x67, 0x47, 0xfc, 0xb0,
    0x3, 0x41, 0x54, 0xb0, 0x3, 0x40, 0x0, 0xb0,
    0x3, 0x40, 0x15, 0xe0, 0x3, 0x40, 0x1f, 0xc0,

    /* U+72B1 "犱" */
    0x4, 0x10, 0xd0, 0x0, 0x1d, 0xb0, 0xd0, 0x0,
    0xb, 0xd5, 0xe5, 0x40, 0xf, 0x8b, 0xff, 0xd0,
    0x3f, 0xc0, 0xd0, 0xd0, 0x11, 0xc0, 0xd0, 0xd0,
    0x3, 0xc9, 0xd0, 0xd0, 0xb, 0xdb, 0xd0, 0xd0,
    0x3c, 0xd1, 0xfd, 0xd0, 0x30, 0xd2, 0xdd, 0xd0,
    0x0, 0xd3, 0x80, 0xd9, 0x0, 0xdb, 0x0, 0xdd,
    0x16, 0xed, 0x0, 0xfc, 0x1f, 0x68, 0x0, 0x78,
    0x0, 0x0, 0x0, 0x0,

    /* U+72B2 "犲" */
    0x8, 0x10, 0x0, 0xd0, 0xe, 0x78, 0x0, 0xd0,
    0x7, 0xe1, 0x56, 0xe4, 0xf, 0xc3, 0xff, 0xfc,
    0x3e, 0xc0, 0x7, 0xd0, 0x20, 0xd0, 0xf, 0xd0,
    0x2, 0xe0, 0x1d, 0xd0, 0xb, 0xf0, 0x38, 0xd0,
    0x2d, 0xb0, 0xf0, 0xd0, 0x38, 0xb2, 0xc0, 0xd0,
    0x10, 0xbb, 0x40, 0xd0, 0x0, 0xb5, 0x0, 0xd0,
    0x5, 0xf0, 0x26, 0xc0, 0xf, 0xd0, 0x3f, 0x80,
    0x0, 0x0, 0x0, 0x0,

    /* U+73DB "珛" */
    0x0, 0x0, 0x10, 0x0, 0x0, 0x1, 0xc0, 0x3,
    0xfd, 0x5f, 0x55, 0x42, 0xc3, 0xff, 0xff, 0x7,
    0x2, 0xc0, 0x0, 0x1c, 0xf, 0x55, 0x41, 0xb4,
    0xbf, 0xff, 0x4b, 0xeb, 0xd0, 0xd, 0x7, 0x3b,
    0xff, 0xf4, 0x1c, 0xe, 0x55, 0xd0, 0x70, 0x38,
    0x3, 0x42, 0xf8, 0xff, 0xfd, 0x3e, 0x83, 0x40,
    0x34, 0x0, 0xd, 0x5, 0xd0, 0x0, 0x34, 0x3f,
    0x0, 0x0, 0x0, 0x0,

    /* U+7455 "瑕" */
    0x0, 0xf, 0xf7, 0xf8, 0x3f, 0xee, 0xb1, 0x7c,
    0x1b, 0x4d, 0x70, 0x2c, 0xb, 0xe, 0xb1, 0x7c,
    0xb, 0xf, 0xf7, 0xf8, 0x1b, 0x4d, 0x0, 0x0,
    0x3f, 0xde, 0x5a, 0xa8, 0xb, 0xf, 0xfb, 0xbc,
    0xb, 0xd, 0x7, 0x28, 0xb, 0xe, 0x53, 0xb4,
    0xb, 0x9f, 0xf1, 0xf0, 0x3f, 0xdd, 0x2, 0xf0,
    0x24, 0xd, 0x1f, 0x7d, 0x0, 0xd, 0x28, 0x9,
    0x0, 0x0, 0x0, 0x0,

    /* U+7481 "璁" */
    0x0, 0x0, 0x10, 0x0, 0x0, 0x0, 0x38, 0x0,
    0x3f, 0xdf, 0xff, 0xf4, 0xb, 0xd, 0x20, 0x34,
    0xb, 0xd, 0xbf, 0xb4, 0xb, 0xe, 0xd7, 0x34,
    0x1b, 0x4d, 0x3e, 0x34, 0x3f, 0xdd, 0xf7, 0x74,
    0xb, 0xe, 0x95, 0x74, 0xb, 0xf, 0xff, 0xf4,
    0xb, 0x0, 0x58, 0x10, 0xb, 0xde, 0xcd, 0x34,
    0x7f, 0xad, 0xc5, 0xdc, 0x10, 0x35, 0xd6, 0xcc,
    0x0, 0x0, 0xff, 0x40,

    /* U+7487 "璇" */
    0x0, 0x0, 0x0, 0x0, 0x0, 0xd, 0xe, 0x0,
    0x3f, 0xca, 0xe, 0xa8, 0x1e, 0x7f, 0xef, 0xfc,
    0xa, 0x2d, 0x74, 0x0, 0xa, 0x18, 0x2a, 0xa8,
    0x1f, 0x5e, 0x9b, 0xec, 0x3f, 0xde, 0x81, 0xd8,
    0xa, 0x19, 0x99, 0xc0, 0xa, 0x29, 0xa9, 0xfc,
    0xa, 0x25, 0xa9, 0xd4, 0xf, 0xb6, 0xad, 0xc0,
    0x7f, 0xb2, 0x7f, 0xc0, 0x20, 0xbb, 0x77, 0xd0,
    0x0, 0xd0, 0xa1, 0xfc, 0x0, 0x0, 0x0, 0x0,

    /* U+748B "璋" */
    0x0, 0x0, 0x8, 0x0, 0x0, 0x0, 0xd, 0x0,
    0x3f, 0xeb, 0xff, 0xfc, 0x1b, 0x40, 0xd0, 0xd0,
    0x7, 0x0, 0xe1, 0xd0, 0x7, 0xf, 0xff, 0xfd,
    0x1b, 0x41, 0x55, 0x50, 0x3f, 0xd7, 0xaa, 0xb4,
    0x7, 0x7, 0xff, 0xf4, 0x7, 0x7, 0x40, 0x34,
    0x7, 0x7, 0xff, 0xf4, 0xb, 0xe0, 0xe, 0x0,
    0x3f, 0x9f, 0xff, 0xfd, 0x10, 0x5, 0x5e, 0x54,
    0x0, 0x0, 0xd, 0x0,

    /* U+74D2 "瓒" */
    0x0, 0x7, 0x44, 0xd0, 0x3f, 0xef, 0xef, 0xf8,
    0xa, 0x23, 0x48, 0xd0, 0xa, 0x3f, 0xff, 0xfc,
    0xa, 0xd, 0xc3, 0xa0, 0x1f, 0x5d, 0xe6, 0x65,
    0x3f, 0xe5, 0xec, 0x7c, 0xa, 0x25, 0x59, 0x50,
    0xa, 0xf, 0xff, 0xf0, 0xa, 0xc, 0x14, 0x70,
    0xb, 0x8c, 0x38, 0x70, 0x3f, 0xc8, 0x7e, 0x60,
    0x24, 0x7, 0xe7, 0xe0, 0x0, 0x7e, 0x0, 0x7c,
    0x0, 0x10, 0x0, 0x0,

    /* U+74E8 "瓨" */
    0x0, 0x7, 0xff, 0xfc, 0x3f, 0xf1, 0xe5, 0x54,
    0x1b, 0x50, 0xc0, 0x0, 0x7, 0x1, 0xd5, 0x40,
    0x7, 0x1, 0xff, 0xd0, 0x7, 0x1, 0xc0, 0xd0,
    0x7, 0x2, 0xd0, 0xc0, 0x7, 0x2, 0xb8, 0xc0,
    0x7, 0x3, 0x8e, 0xc0, 0x7, 0x63, 0x45, 0xc0,
    0x2f, 0xf3, 0x40, 0xcd, 0x25, 0x3, 0x59, 0xcd,
    0x0, 0x7, 0xfd, 0xdd, 0x0, 0x3, 0x40, 0xfc,
    0x0, 0x0, 0x0, 0x0,

    /* U+7535 "电" */
    0x0, 0xd, 0x0, 0x0, 0x55, 0x79, 0x54, 0x3,
    0xff, 0xff, 0xf8, 0xd, 0x3, 0x40, 0xe0, 0x34,
    0xd, 0x3, 0x80, 0xff, 0xff, 0xfe, 0x3, 0x95,
    0xe5, 0x78, 0xd, 0x3, 0x40, 0xe0, 0x34, 0x1e,
    0x3, 0x80, 0xff, 0xff, 0xfe, 0x0, 0x0, 0xe0,
    0x7, 0x40, 0x3, 0x40, 0x1c, 0x0, 0xf, 0x55,
    0xf0, 0x0, 0x1f, 0xff, 0x40, 0x0, 0x0, 0x0,
    0x0,

    /* U+7538 "甸" */
    0x0, 0x90, 0x0, 0x0, 0x7, 0x80, 0x0, 0x0,
    0x3f, 0xff, 0xff, 0x82, 0xe5, 0x55, 0x5e, 0x1f,
    0x0, 0x0, 0x38, 0xff, 0xff, 0xf0, 0xe1, 0xb0,
    0xd1, 0xc3, 0x82, 0xc3, 0x47, 0xe, 0xb, 0xff,
    0xfc, 0x38, 0x2d, 0x79, 0xb0, 0xe0, 0xb0, 0xd1,
    0xc3, 0x82, 0xd7, 0x9b, 0xd, 0x7, 0xff, 0xfc,
    0x34, 0x0, 0x0, 0x57, 0xd0, 0x0, 0x1, 0xfe,
    0x0,

    /* U+757E "畾" */
    0x2f, 0xff, 0xff, 0x2, 0xc1, 0xd0, 0x30, 0x28,
    0xd, 0x3, 0x2, 0xff, 0xff, 0xf0, 0x28, 0xd,
    0x3, 0x2, 0xff, 0xff, 0xf0, 0x5, 0x55, 0x55,
    0xb, 0xff, 0x2f, 0xfc, 0xe7, 0x73, 0x5d, 0xdd,
    0x33, 0x35, 0xcd, 0xff, 0xf3, 0xff, 0xdd, 0x33,
    0x30, 0xcd, 0xff, 0xf3, 0xff, 0xde, 0x3, 0x34,
    0xd,

    /* U+75AF "疯" */
    0x0, 0x0, 0x50, 0x0, 0x0, 0x0, 0xf0, 0x0,
    0x3, 0xff, 0xff, 0xfd, 0x23, 0x55, 0x55, 0x54,
    0x37, 0x5, 0x55, 0x40, 0x3b, 0x1f, 0xff, 0xd0,
    0x2f, 0x1c, 0x0, 0xd0, 0x7, 0x1e, 0x8a, 0xd0,
    0x2f, 0x1c, 0xdc, 0xd0, 0x7b, 0x1c, 0xb8, 0xd0,
    0x7, 0x2c, 0x74, 0xd0, 0xb, 0x28, 0xec, 0xe9,
    0xd, 0x37, 0xce, 0xad, 0x2c, 0xb3, 0x6, 0xbc,
    0x34, 0xd0, 0x0, 0x38, 0x0, 0x0, 0x0, 0x0,

    /* U+762F "瘯" */
    0x0, 0x0, 0x50, 0x0, 0x0, 0x0, 0xf0, 0x0,
    0x3, 0xff, 0xff, 0xfc, 0x63, 0x18, 0x14, 0x0,
    0x37, 0xc, 0x28, 0x0, 0x3b, 0x6e, 0x7f, 0xf8,
    0x2b, 0x79, 0xe8, 0x0, 0xb, 0x30, 0x1f, 0xf4,
    0x7f, 0x3f, 0x77, 0x50, 0x67, 0x33, 0x53, 0x0,
    0xb, 0x33, 0xbf, 0xfc, 0xe, 0x73, 0x7, 0x80,
    0xd, 0xa3, 0xb, 0xc0, 0x2c, 0xd7, 0x2c, 0xb0,
    0x35, 0xce, 0xb0, 0x2c, 0x0, 0x0, 0x0, 0x0,

    /* U+76AF "皯" */
    0x0, 0xd0, 0x0, 0x0, 0x5, 0xe5, 0xbf, 0xfc,
    0x1f, 0xff, 0x3, 0x40, 0x1c, 0xd7, 0x3, 0x40,
    0x1c, 0xd5, 0x3, 0x40, 0x1e, 0xe9, 0x3, 0x40,
    0x1f, 0xff, 0xff, 0xfc, 0x1d, 0xe, 0x5b, 0x94,
    0x1f, 0x9c, 0x3, 0x40, 0x2c, 0xf8, 0x3, 0x40,
    0x28, 0xb8, 0x3, 0x40, 0x35, 0xed, 0x3, 0x40,
    0x7b, 0x4b, 0x3, 0x40, 0x29, 0x0, 0x3, 0x40,
    0x0, 0x0, 0x0, 0x0,

    /* U+79F7 "秷" */
    0x0, 0x0, 0x0, 0x0, 0x2f, 0xfb, 0xff, 0xfc,
    0x3b, 0x41, 0x79, 0x50, 0x3, 0x0, 0xf0, 0x80,
    0x3, 0x1, 0xd1, 0xd0, 0x3f, 0xf7, 0xc0, 0xf0,
    0x1f, 0x9b, 0xfe, 0xbc, 0xf, 0xc0, 0x1c, 0x0,
    0xf, 0xe0, 0x1c, 0x0, 0x2b, 0x75, 0x6d, 0x50,
    0x37, 0xb, 0xff, 0xf4, 0x63, 0x0, 0x1c, 0x0,
    0x3, 0x0, 0x1c, 0x0, 0x3, 0x5, 0x6d, 0x54,
    0x3, 0x2f, 0xff, 0xfc,

    /* U+7AF4 "竴" */
    0x5, 0x0, 0x81, 0x80, 0xb, 0x0, 0xe2, 0x80,
    0x3, 0xb, 0xff, 0xfc, 0x3f, 0xf0, 0x33, 0x0,
    0x15, 0x5b, 0xff, 0xf4, 0x24, 0xaa, 0x73, 0x34,
    0x28, 0xea, 0xd2, 0xf4, 0x1c, 0xdb, 0xaa, 0xb4,
    0x1c, 0xca, 0x0, 0x34, 0xe, 0xcb, 0xff, 0xf4,
    0xb, 0x80, 0x0, 0xd0, 0x3, 0x9f, 0xff, 0xfc,
    0x3f, 0xf2, 0xc0, 0xd0, 0x24, 0x0, 0xb0, 0xd0,
    0x0, 0x0, 0xb, 0xc0,

    /* U+7B05 "笅" */
    0x6, 0x0, 0x60, 0x0, 0x3d, 0x53, 0xc0, 0x2,
    0xff, 0xef, 0xff, 0x1d, 0xb0, 0xf2, 0xc0, 0xa0,
    0xd7, 0x2, 0x0, 0x3d, 0x0, 0x2c, 0x0, 0x6f,
    0x9b, 0xd0, 0x0, 0x1f, 0xfc, 0x0, 0x2f, 0xf9,
    0xbf, 0x40, 0xea, 0x0, 0xaf, 0x0, 0x1e, 0xb,
    0x40, 0x0, 0x1f, 0xb4, 0x0, 0x0, 0x3f, 0xc0,
    0x0, 0x6f, 0xe7, 0xf9, 0x7, 0xe4, 0x0, 0xbf,
    0x0, 0x0, 0x0, 0x0,

    /* U+7B0C "笌" */
    0x2, 0x0, 0x10, 0x0, 0x2c, 0x1, 0xe0, 0x1,
    0xff, 0xdf, 0xff, 0x4e, 0x74, 0xb7, 0xc0, 0xb0,
    0xa3, 0x83, 0x0, 0x55, 0x55, 0x55, 0x43, 0xff,
    0xff, 0xff, 0x3, 0x0, 0xb, 0x0, 0x1c, 0x0,
    0x2c, 0x0, 0xbf, 0xff, 0xff, 0xc0, 0x55, 0xba,
    0xd5, 0x0, 0xb, 0x8b, 0x0, 0x2, 0xf4, 0x2c,
    0x1, 0xfd, 0x15, 0xe0, 0x2, 0x40, 0xbf, 0x40,
    0x0,

    /* U+7BB7 "箷" */
    0x0, 0x0, 0x0, 0x0, 0x3, 0x80, 0x38, 0x0,
    0xb, 0xff, 0x7f, 0xfc, 0x1d, 0xb1, 0xe7, 0x80,
    0x38, 0x31, 0xc2, 0xc0, 0x13, 0x80, 0xa0, 0x0,
    0x16, 0xd4, 0xff, 0xfc, 0x3f, 0xff, 0xea, 0xa8,
    0xa, 0x7, 0xd, 0x0, 0xa, 0x52, 0x8e, 0xb4,
    0xf, 0xfb, 0xff, 0xb4, 0xd, 0x36, 0xcd, 0x34,
    0xd, 0x35, 0x8e, 0xf0, 0x1c, 0x31, 0x84, 0xc,
    0x2c, 0x31, 0xd0, 0x1c, 0x37, 0xf0, 0xff, 0xf8,
    0x10, 0x0, 0x0, 0x0,

    /* U+7C2C "簬" */
    0x0, 0x0, 0x0, 0x0, 0xd, 0x0, 0xa0, 0x0,
    0xbf, 0xf7, 0xff, 0xc7, 0x38, 0x38, 0xd0, 0x34,
    0x30, 0x41, 0x80, 0x15, 0x41, 0xc0, 0x1, 0xff,
    0x4f, 0xff, 0x7, 0xd, 0xb8, 0x3c, 0x1d, 0x7b,
    0xba, 0xc0, 0x3f, 0xd0, 0xbe, 0x0, 0xc, 0x3f,
    0x6f, 0x83, 0x39, 0xa5, 0x59, 0x1c, 0xe4, 0xff,
    0xf0, 0x73, 0x3, 0x1, 0xc1, 0xde, 0x8d, 0x7,
    0xf, 0xa4, 0x3f, 0xfc,

    /* U+7C8E "粎" */
    0x13, 0x81, 0xff, 0xfc, 0x33, 0x9d, 0xd5, 0x6c,
    0x3b, 0xb9, 0xc0, 0x1c, 0x2f, 0xb1, 0xc0, 0x1c,
    0x7, 0xa1, 0xc0, 0x1c, 0x17, 0x95, 0xea, 0xbc,
    0x3f, 0xf9, 0xef, 0xa8, 0xb, 0xc2, 0xc7, 0x0,
    0xf, 0xf2, 0xc3, 0x40, 0x2f, 0xbb, 0x82, 0x80,
    0x37, 0x87, 0x41, 0xd0, 0x23, 0x8b, 0x0, 0xb0,
    0x3, 0x9e, 0x0, 0x3d, 0x3, 0x9c, 0x0, 0x9,
    0x0, 0x0, 0x0, 0x0,

    /* U+7CAF "粯" */
    0x13, 0x5b, 0xff, 0xf0, 0x33, 0x7b, 0x55, 0x70,
    0x37, 0x77, 0x0, 0x70, 0x2b, 0xb3, 0xff, 0xf0,
    0x3, 0x43, 0x55, 0x70, 0x3f, 0xf7, 0x55, 0x70,
    0x1b, 0x97, 0xff, 0xf0, 0xb, 0xc3, 0x0, 0x70,
    0xf, 0xf7, 0xff, 0xf0, 0x2b, 0x75, 0xf7, 0x50,
    0x73, 0x40, 0xe3, 0x8, 0x13, 0x41, 0xc3, 0xd,
    0x3, 0x4b, 0x83, 0x9c, 0x3, 0x6d, 0x3, 0xfc,
    0x0, 0x0, 0x0, 0x0,

    /* U+7CBA "粺" */
    0x0, 0x0, 0x0, 0x0, 0x3, 0x0, 0x1c, 0x0,
    0x73, 0x3b, 0xff, 0xf8, 0x37, 0x77, 0x5e, 0x78,
    0x2b, 0xa3, 0xd, 0x28, 0x3, 0x43, 0xff, 0xf8,
    0x3f, 0xf3, 0x4d, 0x28, 0x1b, 0x53, 0xc, 0x28,
    0xf, 0xc3, 0xff, 0xf8, 0x1f, 0xe0, 0xba, 0x0,
    0x3b, 0x72, 0xd7, 0x0, 0xb3, 0xf, 0xff, 0xfd,
    0x3, 0x5, 0x5b, 0x54, 0x3, 0x0, 0x7, 0x0,
    0x3, 0x0, 0x7, 0x0,

    /* U+7D85 "綅" */
    0x1, 0x0, 0x0, 0x0, 0x3, 0x43, 0xff, 0xf4,
    0x7, 0x10, 0x0, 0x34, 0xd, 0x32, 0xff, 0xf4,
    0x2d, 0xe0, 0x0, 0x34, 0x3f, 0xc3, 0xff, 0xf4,
    0x3, 0x90, 0x0, 0x0, 0xb, 0x77, 0xff, 0xfc,
    0x1e, 0xbb, 0x0, 0xc, 0x2e, 0x6b, 0xff, 0xfc,
    0x15, 0x20, 0xe0, 0xf0, 0x2a, 0x70, 0x76, 0xc0,
    0x36, 0x68, 0x2f, 0x40, 0x32, 0x8a, 0xfa, 0xf4,
    0x10, 0xf, 0x40, 0x2c, 0x0, 0x0, 0x0, 0x0,

    /* U+7D8D "綍" */
    0x0, 0x0, 0x0, 0x0, 0x3, 0x40, 0xc, 0x0,
    0x7, 0x3, 0xff, 0xf8, 0xd, 0x71, 0x5d, 0x50,
    0x2c, 0xd1, 0x5d, 0x50, 0x7f, 0xcb, 0xff, 0xfc,
    0x17, 0x4b, 0x0, 0x2c, 0xd, 0x66, 0xff, 0xf4,
    0x2e, 0xb0, 0x56, 0xd0, 0x3f, 0xb4, 0xb, 0x40,
    0x10, 0x11, 0x5e, 0x54, 0x37, 0x7b, 0xff, 0xfc,
    0x33, 0x74, 0xd, 0x0, 0x73, 0x50, 0x5c, 0x0,
    0x10, 0x0, 0xfc, 0x0,

    /* U+7D94 "綔" */
    0x0, 0x80, 0x0, 0x0, 0x2, 0xc0, 0x5a, 0xfc,
    0x3f, 0xfe, 0xff, 0x90, 0x1b, 0x64, 0xc, 0x20,
    0xe, 0x70, 0x34, 0xb0, 0x2d, 0x2c, 0xff, 0xc0,
    0x7f, 0xfd, 0x5b, 0x50, 0x0, 0x0, 0x1d, 0x70,
    0x3f, 0xfd, 0x79, 0xb8, 0x1e, 0x54, 0xff, 0xac,
    0xd, 0x50, 0x43, 0x8, 0xf, 0xf8, 0x73, 0x70,
    0x0, 0x34, 0xd3, 0x38, 0x0, 0x76, 0xdb, 0x1c,
    0x7, 0xe0, 0x3e, 0x0, 0x0, 0x0, 0x0, 0x0,

    /* U+7DF5 "緵" */
    0x2, 0x40, 0x40, 0x80, 0x7, 0x7, 0x7b, 0x9c,
    0xa, 0x17, 0x1f, 0x1c, 0xc, 0x77, 0x76, 0xdc,
    0x2c, 0xe7, 0x50, 0x9c, 0x7f, 0xc7, 0xff, 0xfc,
    0x13, 0x40, 0x61, 0x80, 0xa, 0xd2, 0xe0, 0xf4,
    0x2e, 0xfb, 0x74, 0x1d, 0x3e, 0xb4, 0xff, 0xf0,
    0x15, 0x12, 0xe0, 0xe0, 0x37, 0x7b, 0x77, 0xc0,
    0x33, 0x34, 0x2f, 0x0, 0x73, 0x55, 0xff, 0xd0,
    0x11, 0xb, 0x90, 0xbc, 0x0, 0x0, 0x0, 0x0,

    /* U+7E43 "繃" */
    0x0, 0x0, 0x0, 0x0, 0x3, 0xd, 0xc, 0x1c,
    0xa, 0xd, 0xd, 0x1c, 0xc, 0x9f, 0xff, 0xfc,
    0x39, 0xc0, 0x0, 0x0, 0x7f, 0x4f, 0xf3, 0xfc,
    0x7, 0x4d, 0x73, 0x5c, 0xd, 0xcd, 0x73, 0x5c,
    0x3d, 0xef, 0xf3, 0xfc, 0x3a, 0x6c, 0x33, 0xc,
    0x26, 0xcf, 0xf3, 0xfc, 0x37, 0xad, 0x73, 0x5c,
    0x33, 0x7c, 0x37, 0xc, 0x73, 0x39, 0x7e, 0x1c,
    0x0, 0x32, 0xec, 0x7c, 0x0, 0x0, 0x0, 0x0,

    /* U+7E56 "繖" */
    0x0, 0x0, 0x0, 0x0, 0x3, 0x7, 0x30, 0xc0,
    0xa, 0xf, 0xfd, 0xc0, 0xc, 0xe7, 0x76, 0xfd,
    0x39, 0xc7, 0x33, 0x6c, 0x3f, 0x5f, 0xff, 0x28,
    0x7, 0x40, 0xb, 0x24, 0xd, 0xdb, 0xfa, 0x74,
    0x3e, 0xed, 0x25, 0xb0, 0x29, 0x6f, 0xf4, 0xe0,
    0x26, 0x9d, 0x24, 0xd0, 0x37, 0x6f, 0xf4, 0xf0,
    0x33, 0x3e, 0x37, 0xb4, 0x63, 0x1d, 0x3f, 0x1c,
    0x10, 0xd, 0xf9, 0x9, 0x0, 0x0, 0x0, 0x0,

    /* U+7E5B "繛" */
    0x1, 0xc0, 0x7, 0x0, 0x2f, 0xfd, 0x7, 0xfc,
    0x1, 0xc0, 0x7, 0x54, 0x2f, 0xfc, 0x1b, 0x50,
    0x1, 0xc0, 0xbf, 0xf4, 0x3f, 0xfe, 0xa0, 0x34,
    0xa, 0x34, 0xbf, 0xf4, 0x2f, 0xe0, 0xa0, 0x34,
    0x7, 0x98, 0xbf, 0xf4, 0x2f, 0xbc, 0x7, 0x40,
    0x2a, 0xda, 0x57, 0x54, 0x1d, 0xd9, 0xff, 0xfc,
    0x75, 0xce, 0x3, 0x0, 0x17, 0x80, 0x3, 0x0,
    0x0, 0x0, 0x0, 0x0,

    /* U+7EC0 "绀" */
    0x0, 0x0, 0x0, 0x0, 0x3, 0x3, 0x80, 0xe0,
    0xb, 0x3, 0x80, 0xe0, 0xe, 0x17, 0xea, 0xf8,
    0x2c, 0xbf, 0xff, 0xfc, 0x3a, 0xd3, 0x80, 0xe0,
    0x7f, 0xc3, 0x80, 0xe0, 0x7, 0x3, 0x80, 0xe0,
    0xe, 0x13, 0xff, 0xe0, 0x2f, 0xf3, 0x95, 0xe0,
    0x3e, 0x43, 0x80, 0xe0, 0x0, 0x3, 0x80, 0xe0,
    0x1a, 0xf7, 0x80, 0xe0, 0x7f, 0x93, 0xff, 0xe0,
    0x0, 0x3, 0x95, 0xe0,

    /* U+7ECC "绌" */
    0x1, 0x80, 0xd, 0x0, 0xd, 0xc, 0x34, 0xd0,
    0xb1, 0x30, 0xd3, 0x43, 0x4d, 0xc3, 0x4d, 0x3d,
    0xf3, 0xd, 0x34, 0xff, 0xd, 0x79, 0xd0, 0x38,
    0x3f, 0xff, 0x42, 0xc0, 0x43, 0x45, 0x1f, 0xf7,
    0xd, 0x28, 0xb9, 0x1c, 0x34, 0xa0, 0x0, 0x70,
    0xd2, 0x81, 0xbd, 0xc3, 0x4a, 0x3f, 0x97, 0xff,
    0xf8, 0x0, 0x5, 0x55, 0xe0,

    /* U+7EE0 "绠" */
    0x1, 0x0, 0x0, 0x0, 0x3, 0x4f, 0xff, 0xfc,
    0x7, 0x5, 0x5d, 0x54, 0xe, 0x10, 0x1d, 0x0,
    0x1c, 0xbb, 0xff, 0xf4, 0x3e, 0xd7, 0xc, 0x34,
    0x2b, 0xc7, 0xff, 0xf4, 0x7, 0x47, 0x5d, 0x74,
    0xf, 0x7, 0x1d, 0x34, 0x2e, 0xe7, 0xff, 0xf4,
    0x3e, 0x42, 0x1c, 0x0, 0x0, 0x3, 0xac, 0x0,
    0x6, 0xf1, 0xf8, 0x0, 0x7e, 0x57, 0xff, 0xe4,
    0x10, 0x2e, 0x1, 0xbc, 0x0, 0x0, 0x0, 0x0,

    /* U+7EFE "绾" */
    0x1, 0x0, 0x18, 0x0, 0x3, 0x80, 0x1d, 0x0,
    0x7, 0xf, 0xff, 0xfc, 0xe, 0xe, 0x55, 0x6c,
    0x1c, 0xbe, 0x0, 0x2c, 0x3e, 0xd3, 0xff, 0xf0,
    0x3f, 0xc3, 0x55, 0xb0, 0x3, 0x43, 0x95, 0xb0,
    0xf, 0x3, 0xff, 0xf0, 0x2f, 0xf3, 0x40, 0x0,
    0x29, 0x43, 0xff, 0xf4, 0x0, 0x3, 0x95, 0x74,
    0x6, 0xf7, 0x40, 0x34, 0x7f, 0x93, 0xff, 0xf4,
    0x10, 0x3, 0x95, 0x74, 0x0, 0x0, 0x0, 0x0,

    /* U+7F01 "缁" */
    0x0, 0x0, 0x0, 0x0, 0xc, 0xd, 0x34, 0xd0,
    0xb0, 0xb1, 0xc7, 0x3, 0x43, 0xd, 0x34, 0x2c,
    0xac, 0x70, 0xc0, 0xeb, 0x2c, 0xb2, 0xc7, 0xf8,
    0x38, 0xe3, 0x81, 0xc1, 0x96, 0x58, 0xe, 0xf,
    0xff, 0xf4, 0xff, 0x74, 0x70, 0xd2, 0x50, 0xff,
    0xff, 0x40, 0x13, 0x9b, 0x5d, 0x2f, 0xed, 0x1c,
    0x36, 0xf9, 0x3f, 0xff, 0xd0, 0x0, 0xe5, 0x57,
    0x40,

    /* U+7F03 "缃" */
    0x0, 0x0, 0x0, 0x0, 0xc, 0xd, 0x3f, 0xf0,
    0xa0, 0x34, 0xe6, 0xc3, 0x2b, 0xfb, 0x47, 0x29,
    0xdf, 0xdd, 0x1c, 0xfe, 0x1d, 0x3f, 0xf2, 0x74,
    0xf8, 0xe6, 0xc2, 0xc3, 0xf7, 0x47, 0xd, 0x2f,
    0xfd, 0x1c, 0xbe, 0xdd, 0x3f, 0xf2, 0xd7, 0x34,
    0xd6, 0xc0, 0x0, 0xd3, 0x47, 0x1b, 0xc3, 0x4e,
    0x6d, 0xf9, 0xd, 0x3f, 0xf0, 0x0, 0x34, 0xc1,
    0x80,

    /* U+7F13 "缓" */
    0x3, 0x0, 0x5, 0x64, 0x7, 0xf, 0xff, 0xa4,
    0xe, 0x6, 0x18, 0x30, 0x1c, 0xa7, 0x1c, 0xb0,
    0x38, 0xd3, 0x49, 0xd0, 0x7f, 0xcf, 0xff, 0xf8,
    0x2b, 0x41, 0xc0, 0x0, 0xa, 0x2f, 0xff, 0xfc,
    0x1d, 0x43, 0x80, 0x0, 0x3f, 0xd3, 0xff, 0xf0,
    0x24, 0xb, 0xe0, 0xf0, 0x1, 0xad, 0x76, 0xc0,
    0x7f, 0xbc, 0x2f, 0x40, 0x64, 0xb6, 0xfb, 0xf8,
    0x0, 0x5b, 0x40, 0x6c, 0x0, 0x0, 0x0, 0x0,

    /* U+8151 "腑" */
    0x0, 0x0, 0x0, 0x0, 0x0, 0x0, 0xa, 0x0,
    0xf, 0xf0, 0xb, 0x0, 0xd, 0xb3, 0xff, 0xfc,
    0xc, 0x73, 0x55, 0x54, 0xc, 0x73, 0x1c, 0x34,
    0xf, 0xf3, 0x38, 0x34, 0xe, 0xb3, 0x37, 0xfd,
    0xc, 0x73, 0xb5, 0x78, 0xc, 0x73, 0xf6, 0x34,
    0x1f, 0xf3, 0x37, 0x34, 0x1d, 0xb7, 0x32, 0xb4,
    0x1c, 0x77, 0x30, 0x74, 0x28, 0x7a, 0x30, 0x34,
    0x39, 0xbd, 0x31, 0x74, 0x33, 0xd8, 0x32, 0xe0,
    0x0, 0x0, 0x0, 0x0,

    /* U+8679 "虹" */
    0x1, 0xc0, 0x0, 0x0, 0x1, 0xc0, 0xff, 0xfc,
    0x3f, 0xfc, 0x5b, 0x54, 0x3a, 0xdc, 0x7, 0x0,
    0x35, 0xcc, 0x7, 0x0, 0x35, 0xcc, 0x7, 0x0,
    0x35, 0xcc, 0x7, 0x0, 0x3f, 0xfc, 0x7, 0x0,
    0x2, 0xc0, 0x7, 0x0, 0x1, 0xc8, 0x7, 0x0,
    0x1, 0xcc, 0x7, 0x0, 0x16, 0xfd, 0x7, 0x0,
    0x7f, 0x9e, 0xff, 0xfc, 0x0, 0x5, 0xaa, 0xa8,

    /* U+89C4 "规" */
    0x3, 0x83, 0xff, 0xf4, 0x3, 0x83, 0xd5, 0x74,
    0x2f, 0xf7, 0x84, 0x34, 0x1b, 0xe7, 0x8d, 0x34,
    0x3, 0x83, 0x8d, 0x34, 0x3, 0x83, 0x8d, 0x34,
    0x3f, 0xfb, 0x8d, 0x34, 0x17, 0x97, 0x8d, 0x34,
    0x3, 0x83, 0x9e, 0x34, 0x7, 0xd0, 0x2f, 0x0,
    0xb, 0x74, 0x7b, 0x8, 0xe, 0x24, 0xe7, 0xd,
    0x2c, 0x7, 0xc7, 0x5d, 0x34, 0xe, 0x3, 0xfc,
    0x0, 0x0, 0x0, 0x0,

    /* U+89E6 "触" */
    0x0, 0x0, 0x0, 0x0, 0x3, 0x80, 0x3, 0x40,
    0x7, 0xfc, 0x3, 0x40, 0xd, 0x2c, 0x7f, 0xfc,
    0x3d, 0x79, 0x7b, 0xfc, 0x3f, 0xff, 0x73, 0x5c,
    0x1c, 0xcb, 0x73, 0x5c, 0x1f, 0xff, 0x73, 0x5c,
    0x1d, 0xdb, 0x7f, 0xfc, 0x1c, 0xcb, 0x17, 0x94,
    0x1f, 0xff, 0x3, 0x44, 0x1c, 0xdb, 0x3, 0x6c,
    0x28, 0xcb, 0x3, 0x9c, 0x38, 0xcb, 0x7f, 0xfd,
    0x30, 0x2e, 0x65, 0xa, 0x0, 0x0, 0x0, 0x0,

    /* U+8BB3 "讳" */
    0x8, 0x0, 0x34, 0x0, 0x3c, 0x16, 0xe5, 0x50,
    0x79, 0xff, 0xff, 0xc0, 0x40, 0xd, 0x0, 0x15,
    0x5, 0xb9, 0x51, 0xfc, 0x3f, 0xff, 0xd0, 0xb0,
    0x7, 0x40, 0x2, 0xc5, 0x5e, 0x55, 0xb, 0x3f,
    0xff, 0xfc, 0x2c, 0x1, 0xd0, 0xb0, 0xb2, 0x3,
    0x42, 0xc2, 0xfc, 0xd, 0xae, 0xf, 0x80, 0x36,
    0xe0, 0x14, 0x0, 0xd0, 0x0,

    /* U+8D1F "负" */
    0x0, 0x24, 0x0, 0x0, 0x1, 0xe5, 0x54, 0x0,
    0x1f, 0xff, 0xf0, 0x1, 0xf0, 0x7, 0x80, 0x1f,
    0x0, 0x38, 0x0, 0xff, 0xff, 0xff, 0x0, 0x75,
    0x55, 0x6c, 0x1, 0xc0, 0x90, 0x70, 0x7, 0x3,
    0x81, 0xc0, 0x1c, 0xe, 0x7, 0x0, 0x70, 0x38,
    0x1c, 0x1, 0x82, 0xf8, 0x20, 0x0, 0x7d, 0x7e,
    0x0, 0x6f, 0xd0, 0x2f, 0x83, 0xe4, 0x0, 0xb,
    0x40, 0x0, 0x0, 0x0,

    /* U+8E6D "蹭" */
    0x0, 0x0, 0x0, 0x0, 0x0, 0x3, 0x2, 0x2,
    0xfe, 0xe, 0x1c, 0xa, 0x68, 0x6d, 0xf5, 0x24,
    0xa7, 0xff, 0xf8, 0x92, 0x9f, 0x32, 0xa2, 0xfe,
    0x76, 0xea, 0x81, 0xe1, 0xeb, 0xae, 0x13, 0x43,
    0xff, 0xf4, 0xce, 0x40, 0x0, 0x3, 0x3f, 0x3f,
    0xff, 0xc, 0xd0, 0xe0, 0x1c, 0x33, 0x43, 0xff,
    0xf0, 0xdf, 0xce, 0x1, 0xc7, 0xf9, 0x3f, 0xff,
    0x4, 0x0, 0xe5, 0x6c,

    /* U+8FA9 "辩" */
    0x0, 0x0, 0x0, 0x0, 0xb, 0x6, 0x2, 0xc0,
    0x1b, 0x53, 0x46, 0xd4, 0x3f, 0xf2, 0xdf, 0xfc,
    0x1c, 0xd0, 0xa, 0x30, 0xc, 0xdf, 0x4a, 0x30,
    0x1d, 0xdb, 0x4b, 0xb4, 0x3f, 0xf3, 0x6f, 0xfd,
    0x3, 0x3, 0x41, 0xc0, 0x7, 0x3, 0x41, 0xc0,
    0x3f, 0xf7, 0x5f, 0xfc, 0x7, 0x3, 0x56, 0xd4,
    0xa, 0x3, 0xe1, 0xc0, 0x1d, 0x3, 0x81, 0xc0,
    0x28, 0x0, 0x1, 0xc0, 0x0, 0x0, 0x0, 0x0,

    /* U+90F4 "郴" */
    0x7, 0x3, 0x4f, 0xfc, 0x7, 0x3, 0x4e, 0x6c,
    0x1b, 0x47, 0x9d, 0x28, 0x3f, 0xdf, 0xed, 0x34,
    0xf, 0x7, 0x4d, 0x30, 0xf, 0x8b, 0x4d, 0x70,
    0x1f, 0xdf, 0xcd, 0x74, 0x3f, 0x1f, 0xfd, 0x2c,
    0x77, 0x2b, 0x4d, 0xc, 0x67, 0x33, 0x4d, 0xc,
    0x7, 0x23, 0x4e, 0x6c, 0x7, 0x3, 0x4e, 0xf8,
    0x7, 0x3, 0x4d, 0x0, 0x7, 0x3, 0x4d, 0x0,
    0x0, 0x0, 0x0, 0x0,

    /* U+9286 "銆" */
    0x0, 0x0, 0x0, 0x0, 0x2, 0x80, 0x0, 0x0,
    0x3, 0xd3, 0xff, 0xfc, 0xb, 0xb1, 0x5e, 0x54,
    0x1d, 0x2c, 0xd, 0x0, 0x3d, 0x58, 0x5d, 0x50,
    0x7f, 0xf5, 0xff, 0xf4, 0x2, 0xc1, 0xc0, 0x34,
    0x2b, 0xe5, 0xc0, 0x34, 0x2b, 0xe5, 0xd5, 0x74,
    0x22, 0xc9, 0xff, 0xf4, 0x3a, 0xe9, 0xc0, 0x34,
    0x1e, 0xf1, 0xc0, 0x34, 0x6, 0xd9, 0xd5, 0x74,
    0x3f, 0xfe, 0xff, 0xf4, 0x25, 0x1, 0xc0, 0x34,
    0x0, 0x0, 0x0, 0x0,

    /* U+934C "鍌" */
    0x7, 0x4f, 0xff, 0xf0, 0x10, 0x28, 0x38, 0x0,
    0x38, 0x14, 0x38, 0x0, 0x1f, 0x3f, 0xff, 0xf8,
    0x1, 0x43, 0x8a, 0x4, 0x7, 0x9e, 0xb, 0x6c,
    0x1e, 0x2a, 0x87, 0xf4, 0x24, 0xbd, 0xbd, 0x0,
    0x6f, 0xfa, 0xaf, 0xf8, 0x10, 0x17, 0x94, 0x18,
    0xf, 0xff, 0xff, 0xe0, 0x0, 0xd3, 0x8b, 0x0,
    0x15, 0xe7, 0x9e, 0x50, 0x3f, 0xff, 0xff, 0xf8,

    /* U+934F "鍏" */
    0x1, 0x40, 0x10, 0x0, 0x3, 0x80, 0x34, 0x0,
    0xb, 0xe3, 0xff, 0xf0, 0x1d, 0x34, 0x70, 0x70,
    0x3d, 0x57, 0xff, 0xfd, 0x3f, 0xf1, 0x55, 0x54,
    0x3, 0x43, 0xff, 0xf0, 0x3f, 0xf7, 0x40, 0x70,
    0x17, 0x53, 0xff, 0xf0, 0x33, 0x74, 0xd, 0x0,
    0x27, 0xb7, 0xff, 0xfc, 0x1b, 0x93, 0xd, 0x0,
    0x7, 0xfb, 0xff, 0xfc, 0x7f, 0x90, 0xd, 0x0,
    0x0, 0x0, 0xd, 0x0,

    /* U+9351 "鍑" */
    0x1, 0x0, 0x0, 0x0, 0x3, 0x80, 0xe0, 0x0,
    0xb, 0xd1, 0xff, 0xfc, 0x1c, 0x7b, 0x40, 0x0,
    0x38, 0x1b, 0xff, 0xf0, 0x7f, 0xf1, 0xd5, 0x70,
    0x3, 0x41, 0xff, 0xf0, 0x2b, 0xa1, 0xc0, 0x30,
    0x2b, 0xe1, 0xff, 0xf0, 0x33, 0x64, 0xa0, 0x0,
    0x37, 0x71, 0xff, 0xf0, 0x1b, 0xa7, 0xe0, 0xb0,
    0x3, 0x55, 0x3f, 0xc0, 0x2f, 0xf0, 0x7f, 0x90,
    0x24, 0xf, 0xd0, 0xbc, 0x0, 0x0, 0x0, 0x0,

    /* U+9352 "鍒" */
    0x2, 0x40, 0x0, 0x0, 0x3, 0x80, 0xff, 0xf8,
    0xe, 0xf0, 0x74, 0xb4, 0x1c, 0x38, 0x2e, 0xd0,
    0x79, 0x52, 0xaf, 0xe8, 0x2f, 0xf2, 0xbf, 0xac,
    0x3, 0x40, 0xb7, 0x68, 0x3f, 0xf7, 0x9f, 0x50,
    0x17, 0x90, 0xa, 0x0, 0x33, 0x75, 0x5b, 0x54,
    0x37, 0x73, 0xff, 0xfd, 0x1b, 0xa0, 0x3f, 0xc0,
    0x3, 0xa1, 0xea, 0x74, 0x3f, 0xeb, 0x4a, 0x1e,
    0x10, 0x0, 0xa, 0x0,

    /* U+9353 "鍓" */
    0x2, 0x40, 0x0, 0x0, 0x3, 0xc1, 0xff, 0xf0,
    0xb, 0xe1, 0xc0, 0x70, 0xd, 0x75, 0xc0, 0x70,
    0x3c, 0x29, 0xff, 0xf0, 0x7f, 0xf0, 0x0, 0x0,
    0x3, 0x47, 0xff, 0xfc, 0x17, 0x91, 0xc0, 0x70,
    0x2b, 0xe1, 0xff, 0xf0, 0x23, 0x65, 0xc0, 0x70,
    0x27, 0x75, 0xff, 0xf0, 0x1f, 0xb1, 0xc0, 0x70,
    0x3, 0x96, 0xeb, 0xfc, 0x3f, 0xf6, 0xa5, 0xb0,
    0x14, 0x0, 0x0, 0x70,

    /* U+9354 "鍔" */
    0x2, 0x40, 0x0, 0x0, 0x3, 0xc3, 0xf3, 0xfc,
    0xb, 0xe3, 0x33, 0x5c, 0x1c, 0x3b, 0x33, 0x5c,
    0x3d, 0x63, 0xf3, 0xfc, 0x3f, 0xf0, 0x0, 0x0,
    0x3, 0x43, 0xff, 0xf4, 0x2b, 0xe0, 0x0, 0x0,
    0x3f, 0xf5, 0x55, 0x54, 0x23, 0x5b, 0xff, 0xfd,
    0x37, 0x71, 0xc0, 0x0, 0x1b, 0xb1, 0xff, 0xf4,
    0x3, 0x54, 0x0, 0x70, 0x2f, 0xf4, 0x15, 0xb0,
    0x24, 0x0, 0x3f, 0xd0,

    /* U+9357 "鍗" */
    0x1, 0x0, 0x8, 0x0, 0x3, 0x80, 0xd, 0x0,
    0xb, 0xd7, 0xff, 0xfc, 0xc, 0x75, 0xe5, 0xe4,
    0x38, 0x10, 0xe0, 0xd0, 0x7f, 0xf1, 0xf5, 0xd4,
    0x3, 0x47, 0xff, 0xfc, 0x2b, 0xa6, 0xd, 0xc,
    0x2b, 0xa2, 0x5d, 0x54, 0x33, 0x23, 0xff, 0xf0,
    0x37, 0x73, 0x4d, 0x30, 0x1b, 0xa3, 0x4d, 0x30,
    0x3, 0x53, 0x4d, 0x30, 0x2f, 0xf3, 0x4d, 0xf0,
    0x14, 0x0, 0xd, 0x0,

    /* U+9359 "鍙" */
    0x0, 0x0, 0x0, 0x0, 0xe, 0x42, 0xc2, 0x80,
    0x2, 0xdf, 0xff, 0xf4, 0x3d, 0x2, 0xc2, 0x80,
    0x7, 0x3f, 0xff, 0xfc, 0x0, 0x42, 0x82, 0x40,
    0x7, 0xaf, 0x42, 0xe0, 0x2d, 0x2a, 0x90, 0x78,
    0x10, 0xbd, 0x7e, 0x0, 0x2f, 0xfa, 0xaf, 0xf8,
    0x10, 0x16, 0xd4, 0x4, 0xb, 0xff, 0xff, 0xe0,
    0x0, 0xd2, 0x8b, 0x0, 0x0, 0xa2, 0x8a, 0x0,
    0x3f, 0xff, 0xff, 0xfc,

    /* U+935A "鍚" */
    0x2, 0x40, 0x0, 0x0, 0x3, 0xc1, 0xff, 0xf0,
    0xb, 0xf1, 0xc0, 0x70, 0x1c, 0x39, 0xff, 0xf0,
    0x3d, 0x51, 0xc0, 0x70, 0x2b, 0xe1, 0xff, 0xf0,
    0x3, 0x40, 0x0, 0x0, 0x3f, 0xf7, 0xff, 0xfd,
    0x17, 0x90, 0xe0, 0x0, 0x37, 0x76, 0xff, 0xf8,
    0x2b, 0x7b, 0x37, 0x68, 0x1b, 0x94, 0xa3, 0x24,
    0x7, 0xf2, 0xca, 0x34, 0x3f, 0x97, 0x2d, 0x74,
    0x0, 0x0, 0x72, 0xe0, 0x0, 0x0, 0x0, 0x0,

    /* U+9365 "鍥" */
    0x0, 0x0, 0x0, 0x0, 0x3, 0x41, 0xc7, 0xfc,
    0xa, 0xcf, 0xf2, 0xdc, 0x1c, 0x72, 0xc1, 0x8c,
    0x79, 0x5b, 0xf2, 0x8c, 0x3f, 0xe2, 0xd3, 0x4c,
    0x3, 0xb, 0xe7, 0x1c, 0x3f, 0xf6, 0xdf, 0xb8,
    0x17, 0x51, 0xc5, 0x10, 0x13, 0x21, 0x4d, 0x0,
    0x37, 0x7f, 0xff, 0xfd, 0x2b, 0x91, 0x6f, 0x54,
    0x7, 0xa0, 0x7b, 0xc0, 0x7f, 0xe7, 0xe0, 0xf4,
    0x10, 0x1f, 0x40, 0x2d, 0x0, 0x0, 0x0, 0x0,

    /* U+9366 "鍦" */
    0x1, 0x1, 0x2, 0x0, 0x3, 0x3, 0x7, 0x0,
    0xb, 0x87, 0x4f, 0xa8, 0xc, 0xef, 0xee, 0xa8,
    0x38, 0x4d, 0x38, 0xc0, 0x3f, 0xcc, 0x18, 0xc8,
    0x3, 0xf, 0xce, 0xfc, 0x2b, 0x9e, 0xee, 0xcc,
    0x1b, 0x8c, 0xcc, 0xcc, 0x23, 0x1c, 0xcc, 0xcc,
    0x27, 0x9c, 0xcc, 0xd8, 0x1f, 0xdc, 0xcc, 0xe4,
    0x3, 0x58, 0xcc, 0x4a, 0x2f, 0xf5, 0xce, 0x5e,
    0x29, 0x77, 0x87, 0xfc, 0x0, 0x0, 0x0, 0x0,

    /* U+93AD "鎭" */
    0x0, 0x0, 0x0, 0x0, 0x3, 0x43, 0x56, 0xa0,
    0x7, 0xd3, 0xe9, 0x58, 0xd, 0x77, 0xea, 0xb8,
    0x3c, 0x10, 0x55, 0x50, 0x3f, 0xf1, 0x7f, 0xf4,
    0x3, 0x6, 0x75, 0x74, 0x3f, 0xf6, 0x75, 0x74,
    0x17, 0x56, 0x7f, 0xf4, 0x33, 0x36, 0x60, 0x34,
    0x27, 0x76, 0x7f, 0xf4, 0x1b, 0xa7, 0x0, 0x0,
    0x3, 0x57, 0xff, 0xfc, 0x2f, 0xf4, 0xb1, 0xd0,
    0x29, 0xb, 0x80, 0x7c, 0x0, 0x4, 0x0, 0x4,

    /* U+93B4 "鎴" */
    0x1, 0x40, 0x8, 0x0, 0x3, 0xc0, 0x1c, 0x0,
    0xb, 0xf1, 0xff, 0xf0, 0x1c, 0x3d, 0xc0, 0x30,
    0x39, 0x51, 0xff, 0xf0, 0x3f, 0xf1, 0xc0, 0x30,
    0x3, 0x81, 0xd5, 0x70, 0x17, 0x91, 0xff, 0xf0,
    0x3f, 0xf5, 0xc0, 0x70, 0x13, 0x55, 0xff, 0xf0,
    0x37, 0x74, 0x19, 0x0, 0x1f, 0xb2, 0xb7, 0x24,
    0x7, 0x53, 0x71, 0xec, 0x2b, 0xfb, 0x30, 0xcc,
    0x29, 0x1, 0x2f, 0xc4, 0x0, 0x0, 0x0, 0x0,

    /* U+93B7 "鎷" */
    0x2, 0x40, 0x0, 0x0, 0xf, 0xf, 0xff, 0xf0,
    0xaf, 0x39, 0x75, 0x7, 0xe, 0xe6, 0xd4, 0x38,
    0x13, 0xff, 0xf5, 0xff, 0xce, 0x1c, 0x0, 0x34,
    0x3f, 0xff, 0x4f, 0xfc, 0xe1, 0xc0, 0x13, 0x53,
    0xff, 0xf8, 0xcd, 0xc5, 0x55, 0xb2, 0xbb, 0x36,
    0xda, 0x82, 0xe4, 0xda, 0x7a, 0x7, 0xfb, 0x76,
    0x69, 0xfe, 0xa8, 0x45, 0xd0, 0x0, 0x0, 0x3f,
    0x0, 0x0, 0x0, 0x0,

    /* U+93B8 "鎸" */
    0x2, 0x40, 0x41, 0x0, 0x7, 0x81, 0xc7, 0x0,
    0xe, 0xe3, 0xff, 0xfc, 0x2c, 0x3b, 0x43, 0x0,
    0x79, 0x5f, 0xff, 0xf4, 0x2f, 0xf7, 0x43, 0x0,
    0x3, 0x43, 0xff, 0xf4, 0x2b, 0xe3, 0x43, 0x0,
    0x2b, 0xa3, 0xff, 0xfc, 0x23, 0x71, 0x55, 0x40,
    0x27, 0x77, 0xff, 0xd0, 0x1b, 0xa0, 0xa0, 0xfc,
    0x3, 0xa4, 0xd0, 0x1c, 0x7f, 0xfb, 0xc0, 0x2c,
    0x14, 0xe, 0x3, 0xf4, 0x0, 0x0, 0x0, 0x0,

    /* U+93B9 "鎹" */
    0x1, 0x0, 0x0, 0x0, 0x3, 0x49, 0x1c, 0x70,
    0xb, 0xda, 0xd, 0xd0, 0x1c, 0x77, 0x2e, 0xe4,
    0x39, 0x52, 0x2b, 0xe4, 0x3f, 0xe5, 0x3, 0x40,
    0x3, 0xf, 0x57, 0x90, 0x3f, 0xe3, 0xbf, 0xfc,
    0x17, 0x53, 0x43, 0x40, 0x33, 0x33, 0x4b, 0xc0,
    0x27, 0x63, 0x5d, 0xf0, 0x1b, 0x93, 0xb8, 0x38,
    0x3, 0xa7, 0xe0, 0x14, 0x3f, 0xed, 0xf5, 0x0,
    0x24, 0x8, 0x2f, 0xfc, 0x0, 0x0, 0x0, 0x0,

    /* U+93BB "鎻" */
    0x1, 0x0, 0x41, 0x4, 0x3, 0x43, 0x8e, 0x38,
    0xb, 0xdb, 0x2c, 0xb0, 0x1c, 0x77, 0xcf, 0x38,
    0x39, 0x60, 0x82, 0x8, 0x7f, 0xe2, 0xaa, 0xa8,
    0x3, 0x3, 0x95, 0x6c, 0x3f, 0xf3, 0xff, 0xfc,
    0x17, 0x53, 0x40, 0x2c, 0x33, 0x33, 0xff, 0xfc,
    0x37, 0xb3, 0x40, 0x1c, 0x1b, 0x93, 0xff, 0xfc,
    0x3, 0xa0, 0x61, 0x80, 0x3f, 0xe6, 0xf1, 0xf8,
    0x10, 0xf, 0x40, 0x1d, 0x0, 0x0, 0x0, 0x0,

    /* U+93C1 "鏁" */
    0x1, 0x0, 0x0, 0x0, 0x3, 0x42, 0xce, 0x34,
    0xb, 0xdb, 0x2c, 0xe0, 0x1c, 0x77, 0x8d, 0x70,
    0x38, 0x21, 0xdb, 0x68, 0x7f, 0xe7, 0xff, 0xf4,
    0x3, 0x7, 0x5d, 0x74, 0x17, 0x57, 0xbf, 0xb4,
    0x3f, 0xf7, 0x5d, 0x74, 0x33, 0x32, 0xae, 0xa0,
    0x37, 0x6b, 0xff, 0xfc, 0x1b, 0x95, 0xff, 0xd4,
    0x7, 0xa2, 0xdc, 0xe0, 0x3f, 0xaf, 0xc, 0x3c,
    0x10, 0x8, 0xc, 0x8,

    /* U+93C2 "鏂" */
    0x3, 0x0, 0x0, 0x0, 0x7, 0x87, 0xff, 0xfc,
    0xe, 0xe7, 0x55, 0x54, 0x1c, 0x7b, 0x1a, 0xa0,
    0x38, 0x17, 0x2f, 0xf0, 0x7f, 0xe7, 0x24, 0x30,
    0x3, 0x7, 0x2f, 0xf0, 0x2b, 0xa7, 0x0, 0x0,
    0x1b, 0xa7, 0x7d, 0xfc, 0x33, 0x37, 0x65, 0xcc,
    0x37, 0xa7, 0x65, 0xcc, 0x2b, 0x97, 0x7d, 0xfc,
    0x3, 0x57, 0x0, 0x0, 0x2f, 0xfb, 0x55, 0x54,
    0x3a, 0x47, 0xff, 0xfd,

    /* U+93C4 "鏄" */
    0x0, 0x0, 0x0, 0x0, 0x3, 0x40, 0xd, 0x0,
    0x7, 0xdb, 0xff, 0xfc, 0xc, 0x34, 0xd, 0x0,
    0x3d, 0x53, 0xff, 0xf4, 0x3f, 0xe3, 0xae, 0xb4,
    0x3, 0x3, 0x5e, 0x74, 0x3f, 0xf3, 0xff, 0xf0,
    0x17, 0x50, 0x1e, 0xb0, 0x33, 0x3b, 0xff, 0xfc,
    0x27, 0x70, 0x0, 0xd4, 0x1b, 0x9b, 0xff, 0xfc,
    0x3, 0x62, 0xc0, 0xc0, 0x3f, 0xe0, 0xa5, 0xc0,
    0x10, 0x0, 0xf, 0xc0,

    /* U+93C6 "鏆" */
    0x2, 0x0, 0x0, 0x0, 0x7, 0x83, 0xff, 0xf4,
    0xe, 0xd3, 0xc, 0x34, 0x2c, 0x7f, 0xff, 0xfd,
    0x39, 0x53, 0xc, 0x34, 0x7f, 0xd3, 0xff, 0xf4,
    0x3, 0x1, 0x55, 0x50, 0x3f, 0xe3, 0xaa, 0xb4,
    0x7, 0x13, 0xff, 0xf4, 0x23, 0x73, 0x40, 0x34,
    0x37, 0xa3, 0xff, 0xf4, 0x2b, 0xd3, 0x55, 0x74,
    0x7, 0x12, 0xba, 0xa4, 0x2f, 0xf1, 0xb2, 0xd0,
    0x25, 0x1f, 0x80, 0xbe, 0x0, 0x4, 0x0, 0x0,

    /* U+93C8 "鏈" */
    0x0, 0x0, 0x0, 0x0, 0x3, 0x48, 0x3, 0x40,
    0xb, 0xca, 0x3f, 0xfd, 0x1c, 0x77, 0x3, 0x40,
    0x39, 0x51, 0x2b, 0xe8, 0x3f, 0xd5, 0x37, 0x9c,
    0x3, 0xf, 0x3b, 0xac, 0x3f, 0xe3, 0x37, 0x9c,
    0x17, 0x13, 0x3f, 0xfc, 0x33, 0x33, 0x7, 0x50,
    0x27, 0x63, 0x3, 0x40, 0x1b, 0x93, 0x7f, 0xfd,
    0x7, 0xab, 0x83, 0x40, 0x3f, 0xfd, 0xe6, 0x44,
    0x24, 0x18, 0x2f, 0xfe, 0x0, 0x0, 0x0, 0x0,

    /* U+93CD "鏍" */
    0x1, 0x40, 0x0, 0x0, 0x3, 0xc3, 0xff, 0xf4,
    0xb, 0xf3, 0x4d, 0x34, 0x1d, 0x3f, 0xef, 0xb4,
    0x3d, 0x53, 0xae, 0xb4, 0x3f, 0xf3, 0x9e, 0x74,
    0x3, 0x42, 0xbe, 0xe0, 0x3f, 0xf4, 0xb5, 0xd0,
    0x17, 0x93, 0xff, 0x40, 0x33, 0x64, 0x7c, 0xb0,
    0x27, 0x77, 0xff, 0xf8, 0x1b, 0x61, 0x8d, 0x4,
    0x3, 0xa2, 0xcd, 0xe0, 0x3f, 0xff, 0x5d, 0x3c,
    0x10, 0x8, 0x7c, 0x8, 0x0, 0x0, 0x0, 0x0,

    /* U+9417 "鐗" */
    0x2, 0x0, 0x0, 0x0, 0x1d, 0x2f, 0xdf, 0xd0,
    0xec, 0xa3, 0x73, 0x47, 0x1e, 0xfd, 0xfd, 0x39,
    0x4a, 0x37, 0x34, 0xbe, 0x2f, 0xdf, 0xd0, 0x70,
    0xa0, 0x3, 0x4f, 0xfa, 0x8f, 0xdd, 0x2b, 0x9a,
    0x32, 0x74, 0x9d, 0xa8, 0xfd, 0xd3, 0x7a, 0xa3,
    0x27, 0x4a, 0xf2, 0x9f, 0xdd, 0x7, 0x5a, 0xa2,
    0x74, 0xff, 0xab, 0x6c, 0xd1, 0x0, 0xa0, 0x1f,
    0x0, 0x0, 0x0, 0x0,

    /* U+941C "鐜" */
    0x0, 0xe0, 0x9, 0x0, 0x2f, 0xff, 0x8d, 0x54,
    0x0, 0x0, 0x2f, 0xfc, 0xe, 0xab, 0x79, 0xb4,
    0xa, 0xaa, 0x68, 0xa0, 0x1a, 0xbf, 0xb, 0xc0,
    0x1, 0xbe, 0x4f, 0xf0, 0x2a, 0xf5, 0x78, 0x2c,
    0x6, 0xdb, 0xd0, 0x0, 0x1, 0xf8, 0x2e, 0x40,
    0x7e, 0xff, 0xfe, 0xbc, 0x10, 0x57, 0x95, 0x4,
    0xa, 0xfb, 0xef, 0x90, 0x0, 0xd3, 0x8a, 0x0,
    0x3f, 0xff, 0xff, 0xfc,

    /* U+9422 "鐢" */
    0x3, 0xa, 0x60, 0xc0, 0x3f, 0xe7, 0xdf, 0xfc,
    0xb, 0x5d, 0x32, 0xd0, 0xf, 0xde, 0x73, 0xf0,
    0x3b, 0xb3, 0xde, 0xdc, 0x73, 0x1e, 0xb4, 0xc4,
    0x3, 0x5, 0xa0, 0xc0, 0x2, 0x6f, 0xbd, 0x80,
    0x1b, 0xf9, 0x5f, 0xe4, 0x24, 0x56, 0xd5, 0x18,
    0xb, 0xff, 0xff, 0xe0, 0x0, 0xc1, 0xc3, 0x0,
    0x0, 0xd1, 0xc7, 0x0, 0x3f, 0xff, 0xff, 0xfc,

    /* U+9428 "鐨" */
    0x0, 0x0, 0x0, 0x0, 0x3, 0x40, 0x73, 0x40,
    0xb, 0xd7, 0xff, 0xfc, 0x1c, 0x75, 0xb7, 0xac,
    0x39, 0x57, 0xb7, 0x94, 0x3f, 0xd7, 0xff, 0xfc,
    0x3, 0x0, 0xe3, 0x4c, 0x17, 0x47, 0xc3, 0x68,
    0x2b, 0xa3, 0xaa, 0xb8, 0x23, 0x27, 0xff, 0xf8,
    0x37, 0x73, 0x95, 0x78, 0x2b, 0xa3, 0x95, 0x78,
    0x3, 0x53, 0xff, 0xf4, 0x2f, 0xf5, 0xa2, 0x90,
    0x25, 0x1f, 0x80, 0x7c, 0x0, 0x0, 0x0, 0x4,

    /* U+9429 "鐩" */
    0x1, 0x0, 0x0, 0x0, 0x7, 0x9, 0x1c, 0x30,
    0xf, 0xca, 0xd, 0x70, 0x1c, 0xa7, 0x7f, 0xfd,
    0x39, 0x42, 0x5b, 0x94, 0x3f, 0xc0, 0x1f, 0x8,
    0x7, 0x1f, 0xb7, 0xb8, 0x3f, 0xd7, 0xf, 0xd0,
    0x17, 0x47, 0x75, 0xf0, 0x37, 0x67, 0x7, 0xec,
    0x2b, 0xd7, 0x2c, 0xce, 0x1b, 0x87, 0xa0, 0xc0,
    0xb, 0xaf, 0x8f, 0xc0, 0x3f, 0xfd, 0xfa, 0x55,
    0x10, 0x30, 0x2f, 0xfd, 0x0, 0x0, 0x0, 0x0,

    /* U+942E "鐮" */
    0x2, 0x0, 0x8, 0x0, 0x7, 0x40, 0x1f, 0x0,
    0xf, 0xdb, 0xff, 0xfc, 0x1c, 0xbe, 0x20, 0x80,
    0x39, 0x5b, 0xba, 0xe8, 0x3f, 0xdb, 0x7a, 0xd4,
    0x3, 0xa, 0xba, 0xe4, 0x3f, 0xfa, 0x75, 0xd8,
    0x17, 0x5b, 0xff, 0xfd, 0x33, 0x3a, 0x35, 0xd8,
    0x37, 0xad, 0xff, 0xf8, 0x2b, 0x8d, 0x74, 0xd0,
    0x7, 0xbc, 0xf4, 0xf4, 0x7f, 0xbf, 0x74, 0xdc,
    0x0, 0x25, 0x34, 0xc0,

    /* U+9477 "鑷" */
    0x2, 0x0, 0x0, 0x0, 0x7, 0x4f, 0xff, 0xfc,
    0xf, 0xd3, 0x80, 0x70, 0x2c, 0xb3, 0xff, 0xf0,
    0x39, 0x53, 0xea, 0xb0, 0x3f, 0xd3, 0x95, 0xb0,
    0x3, 0xf, 0xff, 0xfc, 0x3f, 0xe0, 0x0, 0x0,
    0x2b, 0xaf, 0xfb, 0xfd, 0x23, 0x1a, 0x73, 0x6c,
    0x37, 0x6a, 0xb3, 0x6c, 0x2b, 0x9b, 0xf3, 0xfc,
    0x7, 0xa9, 0x73, 0x1c, 0x3f, 0xaf, 0xff, 0xfd,
    0x10, 0x0, 0x30, 0x1c, 0x0, 0x0, 0x0, 0x0,

    /* U+95AB "閫" */
    0x7f, 0xf8, 0xff, 0xd7, 0x3, 0x8c, 0xd, 0x7f,
    0xf8, 0xff, 0xd7, 0x3, 0x8c, 0xd, 0x7f, 0xf8,
    0xff, 0xd7, 0x15, 0x55, 0x4d, 0x73, 0x96, 0x6c,
    0xd7, 0x36, 0xfa, 0xcd, 0x73, 0x4f, 0x1c, 0xd7,
    0x36, 0xfd, 0xcd, 0x73, 0xa3, 0x6c, 0xd7, 0x34,
    0x61, 0xcd, 0x72, 0xff, 0xfc, 0xd7, 0x0, 0x0,
    0xfc, 0x0, 0x0, 0x0, 0x0,

    /* U+95AE "閮" */
    0x7f, 0xf4, 0xff, 0xf7, 0x3, 0x4c, 0x7, 0x7f,
    0xf4, 0xff, 0xf7, 0x57, 0x4d, 0x5b, 0x75, 0x50,
    0x59, 0xb7, 0x3f, 0x6f, 0xc7, 0x70, 0xe1, 0xd0,
    0x77, 0x3e, 0xbf, 0xd7, 0x71, 0xb1, 0xd4, 0x77,
    0x26, 0xd, 0x7, 0x73, 0xd7, 0xfd, 0x77, 0x2e,
    0x50, 0x7, 0x76, 0x1a, 0xfe, 0xb7, 0x0, 0x1,
    0xfd,

    /* U+95B2 "閲" */
    0xbf, 0xf8, 0xff, 0xeb, 0x3, 0x8c, 0xe, 0xbf,
    0xf8, 0xff, 0xeb, 0x3, 0x8c, 0xe, 0xbf, 0xf4,
    0xff, 0xeb, 0x6, 0x9, 0xe, 0xb0, 0x75, 0xd0,
    0xeb, 0x1f, 0xff, 0x8e, 0xb1, 0xc0, 0x28, 0xeb,
    0x1f, 0xff, 0x8e, 0xb0, 0x31, 0xc8, 0xeb, 0xe,
    0x1c, 0xcd, 0xb3, 0x80, 0xfc, 0xdb, 0x0, 0x0,
    0xfc,

    /* U+95BD "閽" */
    0x7f, 0xf5, 0xff, 0xd7, 0x57, 0x5d, 0x5d, 0x7a,
    0xb5, 0xea, 0xd7, 0xab, 0x5f, 0xad, 0x75, 0x51,
    0xa5, 0xd7, 0x3f, 0xb9, 0xd, 0x73, 0xeb, 0xe8,
    0xd7, 0x34, 0x5c, 0x4d, 0x73, 0xe8, 0x7c, 0xd7,
    0x1f, 0xff, 0x4d, 0x72, 0xd5, 0x70, 0xd7, 0x2d,
    0x57, 0xd, 0x72, 0xff, 0xf4, 0xd7, 0x0, 0x0,
    0xfc,

    /* U+95BE "閾" */
    0x7f, 0xf9, 0xff, 0xd7, 0x57, 0x9d, 0x5d, 0x7a,
    0xb9, 0xea, 0xd7, 0xab, 0x9e, 0xad, 0x75, 0x50,
    0x55, 0xd7, 0x0, 0x25, 0x4d, 0x77, 0xff, 0xfe,
    0xd7, 0x15, 0x68, 0x4d, 0x73, 0x5d, 0xec, 0xd7,
    0x3f, 0xcf, 0x4d, 0x70, 0x4, 0xe6, 0xd7, 0x6f,
    0xef, 0x9d, 0x71, 0x47, 0x2d, 0xd7, 0x0, 0x0,
    0xfc, 0x0, 0x0, 0x0, 0x0,

    /* U+95C2 "闂" */
    0x7f, 0xf4, 0xff, 0xf7, 0x57, 0x4d, 0x5b, 0x75,
    0x74, 0xd5, 0xb7, 0xff, 0x4f, 0xff, 0x71, 0x86,
    0x18, 0x77, 0x1e, 0xe7, 0x47, 0x73, 0xff, 0xfd,
    0x77, 0x6b, 0xea, 0xa7, 0x71, 0xf5, 0xb9, 0x77,
    0x7f, 0xff, 0xeb, 0x74, 0xc5, 0xe6, 0xb7, 0xd,
    0x15, 0xc7, 0x70, 0xbf, 0xfd, 0xf6, 0x0, 0x1,
    0xfd,

    /* U+95C8 "闈" */
    0x7f, 0xf5, 0xff, 0xd7, 0x3, 0x5c, 0xd, 0x7f,
    0xf5, 0xff, 0xd7, 0xab, 0x5e, 0xad, 0x70, 0x24,
    0x0, 0xd7, 0x2f, 0xff, 0xd, 0x71, 0xb5, 0xb8,
    0xd7, 0x15, 0x55, 0x4d, 0x71, 0xea, 0xb8, 0xd7,
    0x1a, 0xba, 0x4d, 0x77, 0xff, 0xfc, 0xd7, 0x24,
    0x70, 0xd, 0x73, 0xff, 0xfd, 0xd7, 0x0, 0x70,
    0xfc,

    /* U+9E43 "鹃" */
    0x0, 0x0, 0x24, 0xb, 0xfd, 0x7, 0x40, 0xa0,
    0xd3, 0xff, 0xca, 0xd, 0x35, 0x1c, 0xbf, 0xd3,
    0x75, 0xc0, 0x0, 0x34, 0x9c, 0xff, 0xf3, 0x5b,
    0x8d, 0xb, 0x34, 0x50, 0xfa, 0xf3, 0xff, 0xee,
    0x5f, 0x15, 0x5e, 0xd0, 0xb0, 0x0, 0xaf, 0xff,
    0xbf, 0xee, 0xd0, 0xb0, 0x0, 0xdd, 0x1f, 0x1,
    0x6d, 0xd3, 0xd0, 0x3f, 0x80,

    /* U+FE40 "﹀" */
    0x10, 0x0, 0x0, 0x5, 0x3e, 0x40, 0x0, 0xbe,
    0xb, 0xf8, 0x1b, 0xe4, 0x0, 0x6f, 0xfe, 0x0,
    0x0, 0x2, 0x90, 0x0,

    /* U+FE42 "﹂" */
    0x70, 0x0, 0x7, 0x0, 0x0, 0x70, 0x0, 0x7,
    0xff, 0xfe, 0x6a, 0xaa, 0x90,

    /* U+FF04 "＄" */
    0x0, 0xe0, 0x0, 0x38, 0x0, 0x7f, 0x80, 0x7f,
    0xfc, 0x3c, 0xe3, 0x8e, 0x38, 0x3, 0xde, 0x0,
    0x3f, 0xc0, 0x1, 0xfe, 0x0, 0x3a, 0xe2, 0xe,
    0x3c, 0xe3, 0x8f, 0x2f, 0xff, 0x41, 0xff, 0x40,
    0xe, 0x0, 0x3, 0x80, 0x0, 0x0, 0x0,

    /* U+FF45 "ｅ" */
    0x1, 0x50, 0x1f, 0xf8, 0x3c, 0x1d, 0xb0, 0xf,
    0xbf, 0xff, 0xb4, 0x0, 0x74, 0x0, 0x3d, 0x6d,
    0xb, 0xf8, 0x0, 0x0,

    /* U+FF46 "ｆ" */
    0x2, 0xf0, 0x2e, 0x80, 0xe0, 0x3, 0x80, 0x1e,
    0x42, 0xff, 0x81, 0xe0, 0x3, 0x40, 0xd, 0x0,
    0x34, 0x0, 0xd0, 0x3, 0x40, 0x4, 0x0
};


/*---------------------
 *  GLYPH DESCRIPTION
 *--------------------*/

static const lv_font_fmt_txt_glyph_dsc_t glyph_dsc[] = {
    {.bitmap_index = 0, .adv_w = 0, .box_w = 0, .box_h = 0, .ofs_x = 0, .ofs_y = 0} /* id = 0 reserved */,
    {.bitmap_index = 0, .adv_w = 69, .box_w = 0, .box_h = 0, .ofs_x = 0, .ofs_y = 0},
    {.bitmap_index = 0, .adv_w = 63, .box_w = 4, .box_h = 13, .ofs_x = 0, .ofs_y = 0},
    {.bitmap_index = 13, .adv_w = 96, .box_w = 6, .box_h = 5, .ofs_x = 0, .ofs_y = 9},
    {.bitmap_index = 21, .adv_w = 169, .box_w = 11, .box_h = 12, .ofs_x = 0, .ofs_y = 0},
    {.bitmap_index = 54, .adv_w = 148, .box_w = 9, .box_h = 17, .ofs_x = 0, .ofs_y = -2},
    {.bitmap_index = 93, .adv_w = 204, .box_w = 13, .box_h = 12, .ofs_x = 0, .ofs_y = 0},
    {.bitmap_index = 132, .adv_w = 184, .box_w = 12, .box_h = 13, .ofs_x = 0, .ofs_y = 0},
    {.bitmap_index = 171, .adv_w = 51, .box_w = 3, .box_h = 5, .ofs_x = 0, .ofs_y = 9},
    {.bitmap_index = 175, .adv_w = 91, .box_w = 5, .box_h = 16, .ofs_x = 1, .ofs_y = -2},
    {.bitmap_index = 195, .adv_w = 91, .box_w = 5, .box_h = 16, .ofs_x = 0, .ofs_y = -2},
    {.bitmap_index = 215, .adv_w = 113, .box_w = 7, .box_h = 7, .ofs_x = 0, .ofs_y = 5},
    {.bitmap_index = 228, .adv_w = 148, .box_w = 9, .box_h = 9, .ofs_x = 0, .ofs_y = 2},
    {.bitmap_index = 249, .adv_w = 65, .box_w = 4, .box_h = 6, .ofs_x = 0, .ofs_y = -3},
    {.bitmap_index = 255, .adv_w = 125, .box_w = 7, .box_h = 3, .ofs_x = 0, .ofs_y = 4},
    {.bitmap_index = 261, .adv_w = 62, .box_w = 3, .box_h = 3, .ofs_x = 0, .ofs_y = 0},
    {.bitmap_index = 264, .adv_w = 103, .box_w = 7, .box_h = 12, .ofs_x = 0, .ofs_y = 0},
    {.bitmap_index = 285, .adv_w = 148, .box_w = 9, .box_h = 12, .ofs_x = 0, .ofs_y = 0},
    {.bitmap_index = 312, .adv_w = 148, .box_w = 6, .box_h = 12, .ofs_x = 1, .ofs_y = 0},
    {.bitmap_index = 330, .adv_w = 148, .box_w = 9, .box_h = 12, .ofs_x = 0, .ofs_y = 0},
    {.bitmap_index = 357, .adv_w = 148, .box_w = 9, .box_h = 12, .ofs_x = 0, .ofs_y = 0},
    {.bitmap_index = 384, .adv_w = 148, .box_w = 10, .box_h = 12, .ofs_x = 0, .ofs_y = 0},
    {.bitmap_index = 414, .adv_w = 148, .box_w = 8, .box_h = 12, .ofs_x = 1, .ofs_y = 0},
    {.bitmap_index = 438, .adv_w = 148, .box_w = 9, .box_h = 12, .ofs_x = 0, .ofs_y = 0},
    {.bitmap_index = 465, .adv_w = 148, .box_w = 9, .box_h = 12, .ofs_x = 0, .ofs_y = 0},
    {.bitmap_index = 492, .adv_w = 148, .box_w = 9, .box_h = 12, .ofs_x = 0, .ofs_y = 0},
    {.bitmap_index = 519, .adv_w = 148, .box_w = 9, .box_h = 12, .ofs_x = 0, .ofs_y = 0},
    {.bitmap_index = 546, .adv_w = 68, .box_w = 3, .box_h = 9, .ofs_x = 1, .ofs_y = 0},
    {.bitmap_index = 553, .adv_w = 70, .box_w = 3, .box_h = 12, .ofs_x = 1, .ofs_y = -3},
    {.bitmap_index = 562, .adv_w = 148, .box_w = 9, .box_h = 9, .ofs_x = 0, .ofs_y = 2},
    {.bitmap_index = 583, .adv_w = 148, .box_w = 9, .box_h = 5, .ofs_x = 0, .ofs_y = 4},
    {.bitmap_index = 595, .adv_w = 148, .box_w = 9, .box_h = 9, .ofs_x = 0, .ofs_y = 2},
    {.bitmap_index = 616, .adv_w = 115, .box_w = 9, .box_h = 13, .ofs_x = -1, .ofs_y = 0},
    {.bitmap_index = 646, .adv_w = 251, .box_w = 16, .box_h = 17, .ofs_x = 0, .ofs_y = -3},
    {.bitmap_index = 714, .adv_w = 175, .box_w = 11, .box_h = 12, .ofs_x = 0, .ofs_y = 0},
    {.bitmap_index = 747, .adv_w = 169, .box_w = 9, .box_h = 12, .ofs_x = 1, .ofs_y = 0},
    {.bitmap_index = 774, .adv_w = 169, .box_w = 11, .box_h = 12, .ofs_x = 0, .ofs_y = 0},
    {.bitmap_index = 807, .adv_w = 185, .box_w = 10, .box_h = 12, .ofs_x = 1, .ofs_y = 0},
    {.bitmap_index = 837, .adv_w = 154, .box_w = 8, .box_h = 12, .ofs_x = 1, .ofs_y = 0},
    {.bitmap_index = 861, .adv_w = 146, .box_w = 8, .box_h = 12, .ofs_x = 1, .ofs_y = 0},
    {.bitmap_index = 885, .adv_w = 181, .box_w = 11, .box_h = 12, .ofs_x = 0, .ofs_y = 0},
    {.bitmap_index = 918, .adv_w = 193, .box_w = 10, .box_h = 12, .ofs_x = 1, .ofs_y = 0},
    {.bitmap_index = 948, .adv_w = 70, .box_w = 3, .box_h = 12, .ofs_x = 1, .ofs_y = 0},
    {.bitmap_index = 957, .adv_w = 123, .box_w = 7, .box_h = 12, .ofs_x = 0, .ofs_y = 0},
    {.bitmap_index = 978, .adv_w = 179, .box_w = 11, .box_h = 12, .ofs_x = 1, .ofs_y = 0},
    {.bitmap_index = 1011, .adv_w = 146, .box_w = 8, .box_h = 12, .ofs_x = 1, .ofs_y = 0},
    {.bitmap_index = 1035, .adv_w = 222, .box_w = 12, .box_h = 12, .ofs_x = 1, .ofs_y = 0},
    {.bitmap_index = 1071, .adv_w = 191, .box_w = 10, .box_h = 12, .ofs_x = 1, .ofs_y = 0},
    {.bitmap_index = 1101, .adv_w = 197, .box_w = 12, .box_h = 12, .ofs_x = 0, .ofs_y = 0},
    {.bitmap_index = 1137, .adv_w = 156, .box_w = 9, .box_h = 12, .ofs_x = 1, .ofs_y = 0},
    {.bitmap_index = 1164, .adv_w = 197, .box_w = 13, .box_h = 15, .ofs_x = 0, .ofs_y = -3},
    {.bitmap_index = 1213, .adv_w = 168, .box_w = 10, .box_h = 12, .ofs_x = 1, .ofs_y = 0},
    {.bitmap_index = 1243, .adv_w = 148, .box_w = 9, .box_h = 12, .ofs_x = 0, .ofs_y = 0},
    {.bitmap_index = 1270, .adv_w = 149, .box_w = 10, .box_h = 12, .ofs_x = 0, .ofs_y = 0},
    {.bitmap_index = 1300, .adv_w = 189, .box_w = 10, .box_h = 12, .ofs_x = 1, .ofs_y = 0},
    {.bitmap_index = 1330, .adv_w = 173, .box_w = 11, .box_h = 12, .ofs_x = 0, .ofs_y = 0},
    {.bitmap_index = 1363, .adv_w = 251, .box_w = 16, .box_h = 12, .ofs_x = 0, .ofs_y = 0},
    {.bitmap_index = 1411, .adv_w = 173, .box_w = 11, .box_h = 12, .ofs_x = 0, .ofs_y = 0},
    {.bitmap_index = 1444, .adv_w = 163, .box_w = 11, .box_h = 12, .ofs_x = 0, .ofs_y = 0},
    {.bitmap_index = 1477, .adv_w = 149, .box_w = 9, .box_h = 12, .ofs_x = 0, .ofs_y = 0},
    {.bitmap_index = 1504, .adv_w = 91, .box_w = 5, .box_h = 16, .ofs_x = 1, .ofs_y = -2},
    {.bitmap_index = 1524, .adv_w = 103, .box_w = 7, .box_h = 12, .ofs_x = 0, .ofs_y = 0},
    {.bitmap_index = 1545, .adv_w = 91, .box_w = 5, .box_h = 16, .ofs_x = 0, .ofs_y = -2},
    {.bitmap_index = 1565, .adv_w = 126, .box_w = 8, .box_h = 7, .ofs_x = 0, .ofs_y = 6},
    {.bitmap_index = 1579, .adv_w = 112, .box_w = 7, .box_h = 3, .ofs_x = 0, .ofs_y = -4},
    {.bitmap_index = 1585, .adv_w = 81, .box_w = 5, .box_h = 3, .ofs_x = 0, .ofs_y = 10},
    {.bitmap_index = 1589, .adv_w = 141, .box_w = 8, .box_h = 9, .ofs_x = 0, .ofs_y = 0},
    {.bitmap_index = 1607, .adv_w = 157, .box_w = 9, .box_h = 13, .ofs_x = 1, .ofs_y = 0},
    {.bitmap_index = 1637, .adv_w = 127, .box_w = 8, .box_h = 9, .ofs_x = 0, .ofs_y = 0},
    {.bitmap_index = 1655, .adv_w = 157, .box_w = 9, .box_h = 13, .ofs_x = 0, .ofs_y = 0},
    {.bitmap_index = 1685, .adv_w = 141, .box_w = 9, .box_h = 9, .ofs_x = 0, .ofs_y = 0},
    {.bitmap_index = 1706, .adv_w = 91, .box_w = 7, .box_h = 13, .ofs_x = 0, .ofs_y = 0},
    {.bitmap_index = 1729, .adv_w = 157, .box_w = 9, .box_h = 13, .ofs_x = 0, .ofs_y = -4},
    {.bitmap_index = 1759, .adv_w = 151, .box_w = 8, .box_h = 13, .ofs_x = 1, .ofs_y = 0},
    {.bitmap_index = 1785, .adv_w = 64, .box_w = 4, .box_h = 12, .ofs_x = 0, .ofs_y = 0},
    {.bitmap_index = 1797, .adv_w = 64, .box_w = 7, .box_h = 16, .ofs_x = -3, .ofs_y = -4},
    {.bitmap_index = 1825, .adv_w = 139, .box_w = 8, .box_h = 13, .ofs_x = 1, .ofs_y = 0},
    {.bitmap_index = 1851, .adv_w = 64, .box_w = 2, .box_h = 13, .ofs_x = 1, .ofs_y = 0},
    {.bitmap_index = 1858, .adv_w = 220, .box_w = 12, .box_h = 9, .ofs_x = 1, .ofs_y = 0},
    {.bitmap_index = 1885, .adv_w = 151, .box_w = 8, .box_h = 9, .ofs_x = 1, .ofs_y = 0},
    {.bitmap_index = 1903, .adv_w = 152, .box_w = 9, .box_h = 9, .ofs_x = 0, .ofs_y = 0},
    {.bitmap_index = 1924, .adv_w = 157, .box_w = 9, .box_h = 13, .ofs_x = 1, .ofs_y = -4},
    {.bitmap_index = 1954, .adv_w = 157, .box_w = 9, .box_h = 13, .ofs_x = 0, .ofs_y = -4},
    {.bitmap_index = 1984, .adv_w = 100, .box_w = 6, .box_h = 9, .ofs_x = 1, .ofs_y = 0},
    {.bitmap_index = 1998, .adv_w = 118, .box_w = 7, .box_h = 9, .ofs_x = 0, .ofs_y = 0},
    {.bitmap_index = 2014, .adv_w = 99, .box_w = 7, .box_h = 12, .ofs_x = 0, .ofs_y = 0},
    {.bitmap_index = 2035, .adv_w = 151, .box_w = 8, .box_h = 9, .ofs_x = 1, .ofs_y = 0},
    {.bitmap_index = 2053, .adv_w = 136, .box_w = 9, .box_h = 9, .ofs_x = 0, .ofs_y = 0},
    {.bitmap_index = 2074, .adv_w = 203, .box_w = 13, .box_h = 9, .ofs_x = 0, .ofs_y = 0},
    {.bitmap_index = 2104, .adv_w = 131, .box_w = 9, .box_h = 9, .ofs_x = 0, .ofs_y = 0},
    {.bitmap_index = 2125, .adv_w = 137, .box_w = 9, .box_h = 13, .ofs_x = 0, .ofs_y = -4},
    {.bitmap_index = 2155, .adv_w = 122, .box_w = 8, .box_h = 9, .ofs_x = 0, .ofs_y = 0},
    {.bitmap_index = 2173, .adv_w = 98, .box_w = 6, .box_h = 16, .ofs_x = 0, .ofs_y = -2},
    {.bitmap_index = 2197, .adv_w = 51, .box_w = 3, .box_h = 16, .ofs_x = 0, .ofs_y = -2},
    {.bitmap_index = 2209, .adv_w = 98, .box_w = 6, .box_h = 16, .ofs_x = 0, .ofs_y = -2},
    {.bitmap_index = 2233, .adv_w = 148, .box_w = 9, .box_h = 4, .ofs_x = 0, .ofs_y = 4},
    {.bitmap_index = 2242, .adv_w = 169, .box_w = 9, .box_h = 12, .ofs_x = 1, .ofs_y = 0},
    {.bitmap_index = 2269, .adv_w = 137, .box_w = 9, .box_h = 13, .ofs_x = 0, .ofs_y = -4},
    {.bitmap_index = 2299, .adv_w = 131, .box_w = 9, .box_h = 9, .ofs_x = 0, .ofs_y = 0},
    {.bitmap_index = 2320, .adv_w = 81, .box_w = 3, .box_h = 5, .ofs_x = 1, .ofs_y = 9},
    {.bitmap_index = 2324, .adv_w = 101, .box_w = 7, .box_h = 5, .ofs_x = 0, .ofs_y = 9},
    {.bitmap_index = 2333, .adv_w = 148, .box_w = 10, .box_h = 12, .ofs_x = 0, .ofs_y = 0},
    {.bitmap_index = 2363, .adv_w = 238, .box_w = 15, .box_h = 14, .ofs_x = 0, .ofs_y = -1},
    {.bitmap_index = 2416, .adv_w = 256, .box_w = 16, .box_h = 16, .ofs_x = 0, .ofs_y = -1},
    {.bitmap_index = 2480, .adv_w = 256, .box_w = 5, .box_h = 9, .ofs_x = 1, .ofs_y = -1},
    {.bitmap_index = 2492, .adv_w = 256, .box_w = 14, .box_h = 16, .ofs_x = 1, .ofs_y = -2},
    {.bitmap_index = 2548, .adv_w = 256, .box_w = 12, .box_h = 14, .ofs_x = 2, .ofs_y = -1},
    {.bitmap_index = 2590, .adv_w = 256, .box_w = 14, .box_h = 11, .ofs_x = 1, .ofs_y = 0},
    {.bitmap_index = 2629, .adv_w = 256, .box_w = 14, .box_h = 13, .ofs_x = 1, .ofs_y = 0},
    {.bitmap_index = 2675, .adv_w = 256, .box_w = 12, .box_h = 13, .ofs_x = 2, .ofs_y = -1},
    {.bitmap_index = 2714, .adv_w = 256, .box_w = 16, .box_h = 14, .ofs_x = 0, .ofs_y = -1},
    {.bitmap_index = 2770, .adv_w = 256, .box_w = 16, .box_h = 14, .ofs_x = 0, .ofs_y = -1},
    {.bitmap_index = 2826, .adv_w = 256, .box_w = 14, .box_h = 14, .ofs_x = 1, .ofs_y = -1},
    {.bitmap_index = 2875, .adv_w = 256, .box_w = 16, .box_h = 15, .ofs_x = 0, .ofs_y = -1},
    {.bitmap_index = 2935, .adv_w = 256, .box_w = 16, .box_h = 15, .ofs_x = 0, .ofs_y = -2},
    {.bitmap_index = 2995, .adv_w = 256, .box_w = 16, .box_h = 16, .ofs_x = 0, .ofs_y = -2},
    {.bitmap_index = 3059, .adv_w = 256, .box_w = 16, .box_h = 14, .ofs_x = 0, .ofs_y = -1},
    {.bitmap_index = 3115, .adv_w = 256, .box_w = 16, .box_h = 16, .ofs_x = 0, .ofs_y = -2},
    {.bitmap_index = 3179, .adv_w = 256, .box_w = 16, .box_h = 15, .ofs_x = 0, .ofs_y = -1},
    {.bitmap_index = 3239, .adv_w = 256, .box_w = 16, .box_h = 16, .ofs_x = 0, .ofs_y = -2},
    {.bitmap_index = 3303, .adv_w = 256, .box_w = 16, .box_h = 15, .ofs_x = 0, .ofs_y = -1},
    {.bitmap_index = 3363, .adv_w = 256, .box_w = 16, .box_h = 16, .ofs_x = 0, .ofs_y = -2},
    {.bitmap_index = 3427, .adv_w = 256, .box_w = 15, .box_h = 14, .ofs_x = 0, .ofs_y = -1},
    {.bitmap_index = 3480, .adv_w = 256, .box_w = 15, .box_h = 16, .ofs_x = 0, .ofs_y = -2},
    {.bitmap_index = 3540, .adv_w = 256, .box_w = 16, .box_h = 15, .ofs_x = 0, .ofs_y = -2},
    {.bitmap_index = 3600, .adv_w = 256, .box_w = 16, .box_h = 16, .ofs_x = 0, .ofs_y = -2},
    {.bitmap_index = 3664, .adv_w = 256, .box_w = 16, .box_h = 14, .ofs_x = 0, .ofs_y = -1},
    {.bitmap_index = 3720, .adv_w = 256, .box_w = 16, .box_h = 15, .ofs_x = 0, .ofs_y = -1},
    {.bitmap_index = 3780, .adv_w = 256, .box_w = 15, .box_h = 14, .ofs_x = 1, .ofs_y = -1},
    {.bitmap_index = 3833, .adv_w = 256, .box_w = 14, .box_h = 15, .ofs_x = 1, .ofs_y = -2},
    {.bitmap_index = 3886, .adv_w = 256, .box_w = 14, .box_h = 16, .ofs_x = 1, .ofs_y = -2},
    {.bitmap_index = 3942, .adv_w = 256, .box_w = 15, .box_h = 16, .ofs_x = 1, .ofs_y = -2},
    {.bitmap_index = 4002, .adv_w = 256, .box_w = 15, .box_h = 17, .ofs_x = 1, .ofs_y = -2},
    {.bitmap_index = 4066, .adv_w = 256, .box_w = 16, .box_h = 14, .ofs_x = 0, .ofs_y = -1},
    {.bitmap_index = 4122, .adv_w = 256, .box_w = 14, .box_h = 14, .ofs_x = 1, .ofs_y = -1},
    {.bitmap_index = 4171, .adv_w = 256, .box_w = 14, .box_h = 14, .ofs_x = 1, .ofs_y = -1},
    {.bitmap_index = 4220, .adv_w = 256, .box_w = 16, .box_h = 14, .ofs_x = 0, .ofs_y = -1},
    {.bitmap_index = 4276, .adv_w = 256, .box_w = 15, .box_h = 15, .ofs_x = 0, .ofs_y = -2},
    {.bitmap_index = 4333, .adv_w = 256, .box_w = 15, .box_h = 14, .ofs_x = 0, .ofs_y = -1},
    {.bitmap_index = 4386, .adv_w = 256, .box_w = 16, .box_h = 15, .ofs_x = 0, .ofs_y = -1},
    {.bitmap_index = 4446, .adv_w = 256, .box_w = 16, .box_h = 15, .ofs_x = 0, .ofs_y = -1},
    {.bitmap_index = 4506, .adv_w = 256, .box_w = 15, .box_h = 15, .ofs_x = 0, .ofs_y = -1},
    {.bitmap_index = 4563, .adv_w = 256, .box_w = 16, .box_h = 15, .ofs_x = 0, .ofs_y = -1},
    {.bitmap_index = 4623, .adv_w = 256, .box_w = 16, .box_h = 16, .ofs_x = 0, .ofs_y = -2},
    {.bitmap_index = 4687, .adv_w = 256, .box_w = 16, .box_h = 17, .ofs_x = 0, .ofs_y = -2},
    {.bitmap_index = 4755, .adv_w = 256, .box_w = 16, .box_h = 15, .ofs_x = 0, .ofs_y = -1},
    {.bitmap_index = 4815, .adv_w = 256, .box_w = 15, .box_h = 15, .ofs_x = 0, .ofs_y = -2},
    {.bitmap_index = 4872, .adv_w = 256, .box_w = 15, .box_h = 16, .ofs_x = 0, .ofs_y = -2},
    {.bitmap_index = 4932, .adv_w = 256, .box_w = 16, .box_h = 15, .ofs_x = 0, .ofs_y = -2},
    {.bitmap_index = 4992, .adv_w = 256, .box_w = 16, .box_h = 16, .ofs_x = 0, .ofs_y = -2},
    {.bitmap_index = 5056, .adv_w = 256, .box_w = 15, .box_h = 15, .ofs_x = 0, .ofs_y = -1},
    {.bitmap_index = 5113, .adv_w = 256, .box_w = 15, .box_h = 16, .ofs_x = 0, .ofs_y = -2},
    {.bitmap_index = 5173, .adv_w = 256, .box_w = 16, .box_h = 15, .ofs_x = 0, .ofs_y = -2},
    {.bitmap_index = 5233, .adv_w = 256, .box_w = 16, .box_h = 16, .ofs_x = 0, .ofs_y = -2},
    {.bitmap_index = 5297, .adv_w = 256, .box_w = 16, .box_h = 16, .ofs_x = 0, .ofs_y = -2},
    {.bitmap_index = 5361, .adv_w = 256, .box_w = 16, .box_h = 15, .ofs_x = 0, .ofs_y = -1},
    {.bitmap_index = 5421, .adv_w = 256, .box_w = 16, .box_h = 16, .ofs_x = 0, .ofs_y = -2},
    {.bitmap_index = 5485, .adv_w = 256, .box_w = 16, .box_h = 15, .ofs_x = 0, .ofs_y = -1},
    {.bitmap_index = 5545, .adv_w = 256, .box_w = 16, .box_h = 15, .ofs_x = 0, .ofs_y = -1},
    {.bitmap_index = 5605, .adv_w = 256, .box_w = 15, .box_h = 14, .ofs_x = 1, .ofs_y = -1},
    {.bitmap_index = 5658, .adv_w = 256, .box_w = 16, .box_h = 14, .ofs_x = 0, .ofs_y = -1},
    {.bitmap_index = 5714, .adv_w = 256, .box_w = 15, .box_h = 15, .ofs_x = 0, .ofs_y = -2},
    {.bitmap_index = 5771, .adv_w = 256, .box_w = 15, .box_h = 15, .ofs_x = 1, .ofs_y = -1},
    {.bitmap_index = 5828, .adv_w = 256, .box_w = 16, .box_h = 15, .ofs_x = 0, .ofs_y = -2},
    {.bitmap_index = 5888, .adv_w = 256, .box_w = 16, .box_h = 15, .ofs_x = 0, .ofs_y = -1},
    {.bitmap_index = 5948, .adv_w = 256, .box_w = 15, .box_h = 14, .ofs_x = 1, .ofs_y = -1},
    {.bitmap_index = 6001, .adv_w = 256, .box_w = 15, .box_h = 15, .ofs_x = 1, .ofs_y = -1},
    {.bitmap_index = 6058, .adv_w = 256, .box_w = 16, .box_h = 15, .ofs_x = 0, .ofs_y = -2},
    {.bitmap_index = 6118, .adv_w = 256, .box_w = 15, .box_h = 15, .ofs_x = 1, .ofs_y = -2},
    {.bitmap_index = 6175, .adv_w = 256, .box_w = 15, .box_h = 15, .ofs_x = 1, .ofs_y = -1},
    {.bitmap_index = 6232, .adv_w = 256, .box_w = 15, .box_h = 16, .ofs_x = 0, .ofs_y = -2},
    {.bitmap_index = 6292, .adv_w = 256, .box_w = 16, .box_h = 14, .ofs_x = 0, .ofs_y = -1},
    {.bitmap_index = 6348, .adv_w = 256, .box_w = 16, .box_h = 15, .ofs_x = 0, .ofs_y = -1},
    {.bitmap_index = 6408, .adv_w = 256, .box_w = 16, .box_h = 15, .ofs_x = 0, .ofs_y = -1},
    {.bitmap_index = 6468, .adv_w = 256, .box_w = 16, .box_h = 14, .ofs_x = 0, .ofs_y = -1},
    {.bitmap_index = 6524, .adv_w = 256, .box_w = 16, .box_h = 15, .ofs_x = 0, .ofs_y = -1},
    {.bitmap_index = 6584, .adv_w = 256, .box_w = 15, .box_h = 16, .ofs_x = 1, .ofs_y = -2},
    {.bitmap_index = 6644, .adv_w = 256, .box_w = 16, .box_h = 14, .ofs_x = 0, .ofs_y = -1},
    {.bitmap_index = 6700, .adv_w = 256, .box_w = 15, .box_h = 15, .ofs_x = 0, .ofs_y = -2},
    {.bitmap_index = 6757, .adv_w = 256, .box_w = 16, .box_h = 16, .ofs_x = 0, .ofs_y = -2},
    {.bitmap_index = 6821, .adv_w = 256, .box_w = 16, .box_h = 15, .ofs_x = 0, .ofs_y = -1},
    {.bitmap_index = 6881, .adv_w = 256, .box_w = 15, .box_h = 15, .ofs_x = 0, .ofs_y = -2},
    {.bitmap_index = 6938, .adv_w = 256, .box_w = 16, .box_h = 15, .ofs_x = 0, .ofs_y = -2},
    {.bitmap_index = 6998, .adv_w = 256, .box_w = 15, .box_h = 16, .ofs_x = 0, .ofs_y = -2},
    {.bitmap_index = 7058, .adv_w = 256, .box_w = 16, .box_h = 15, .ofs_x = 0, .ofs_y = -2},
    {.bitmap_index = 7118, .adv_w = 256, .box_w = 16, .box_h = 16, .ofs_x = 0, .ofs_y = -2},
    {.bitmap_index = 7182, .adv_w = 256, .box_w = 15, .box_h = 14, .ofs_x = 1, .ofs_y = -1},
    {.bitmap_index = 7235, .adv_w = 256, .box_w = 14, .box_h = 14, .ofs_x = 1, .ofs_y = -1},
    {.bitmap_index = 7284, .adv_w = 256, .box_w = 15, .box_h = 14, .ofs_x = 1, .ofs_y = -1},
    {.bitmap_index = 7337, .adv_w = 256, .box_w = 16, .box_h = 15, .ofs_x = 0, .ofs_y = -2},
    {.bitmap_index = 7397, .adv_w = 256, .box_w = 16, .box_h = 14, .ofs_x = 0, .ofs_y = -1},
    {.bitmap_index = 7453, .adv_w = 256, .box_w = 16, .box_h = 15, .ofs_x = 0, .ofs_y = -2},
    {.bitmap_index = 7513, .adv_w = 256, .box_w = 16, .box_h = 14, .ofs_x = 0, .ofs_y = -1},
    {.bitmap_index = 7569, .adv_w = 256, .box_w = 16, .box_h = 15, .ofs_x = 0, .ofs_y = -1},
    {.bitmap_index = 7629, .adv_w = 256, .box_w = 16, .box_h = 15, .ofs_x = 0, .ofs_y = -2},
    {.bitmap_index = 7689, .adv_w = 256, .box_w = 16, .box_h = 14, .ofs_x = 0, .ofs_y = -1},
    {.bitmap_index = 7745, .adv_w = 256, .box_w = 16, .box_h = 14, .ofs_x = 0, .ofs_y = -1},
    {.bitmap_index = 7801, .adv_w = 256, .box_w = 15, .box_h = 15, .ofs_x = 0, .ofs_y = -2},
    {.bitmap_index = 7858, .adv_w = 256, .box_w = 15, .box_h = 15, .ofs_x = 0, .ofs_y = -1},
    {.bitmap_index = 7915, .adv_w = 256, .box_w = 16, .box_h = 14, .ofs_x = 0, .ofs_y = -1},
    {.bitmap_index = 7971, .adv_w = 256, .box_w = 16, .box_h = 15, .ofs_x = 0, .ofs_y = -2},
    {.bitmap_index = 8031, .adv_w = 256, .box_w = 16, .box_h = 16, .ofs_x = 0, .ofs_y = -2},
    {.bitmap_index = 8095, .adv_w = 256, .box_w = 16, .box_h = 14, .ofs_x = 0, .ofs_y = -1},
    {.bitmap_index = 8151, .adv_w = 256, .box_w = 16, .box_h = 15, .ofs_x = 0, .ofs_y = -2},
    {.bitmap_index = 8211, .adv_w = 256, .box_w = 16, .box_h = 16, .ofs_x = 0, .ofs_y = -2},
    {.bitmap_index = 8275, .adv_w = 256, .box_w = 16, .box_h = 14, .ofs_x = 0, .ofs_y = -1},
    {.bitmap_index = 8331, .adv_w = 256, .box_w = 16, .box_h = 15, .ofs_x = 0, .ofs_y = -1},
    {.bitmap_index = 8391, .adv_w = 256, .box_w = 16, .box_h = 16, .ofs_x = 0, .ofs_y = -2},
    {.bitmap_index = 8455, .adv_w = 256, .box_w = 16, .box_h = 16, .ofs_x = 0, .ofs_y = -2},
    {.bitmap_index = 8519, .adv_w = 256, .box_w = 16, .box_h = 16, .ofs_x = 0, .ofs_y = -2},
    {.bitmap_index = 8583, .adv_w = 256, .box_w = 16, .box_h = 15, .ofs_x = 0, .ofs_y = -1},
    {.bitmap_index = 8643, .adv_w = 256, .box_w = 16, .box_h = 16, .ofs_x = 0, .ofs_y = -2},
    {.bitmap_index = 8707, .adv_w = 256, .box_w = 16, .box_h = 16, .ofs_x = 0, .ofs_y = -2},
    {.bitmap_index = 8771, .adv_w = 256, .box_w = 15, .box_h = 15, .ofs_x = 0, .ofs_y = -1},
    {.bitmap_index = 8828, .adv_w = 256, .box_w = 16, .box_h = 16, .ofs_x = 0, .ofs_y = -2},
    {.bitmap_index = 8892, .adv_w = 256, .box_w = 16, .box_h = 16, .ofs_x = 0, .ofs_y = -2},
    {.bitmap_index = 8956, .adv_w = 256, .box_w = 16, .box_h = 15, .ofs_x = 0, .ofs_y = -2},
    {.bitmap_index = 9016, .adv_w = 256, .box_w = 16, .box_h = 15, .ofs_x = 0, .ofs_y = -2},
    {.bitmap_index = 9076, .adv_w = 256, .box_w = 16, .box_h = 16, .ofs_x = 0, .ofs_y = -2},
    {.bitmap_index = 9140, .adv_w = 256, .box_w = 16, .box_h = 16, .ofs_x = 0, .ofs_y = -2},
    {.bitmap_index = 9204, .adv_w = 256, .box_w = 16, .box_h = 17, .ofs_x = 0, .ofs_y = -2},
    {.bitmap_index = 9272, .adv_w = 256, .box_w = 16, .box_h = 15, .ofs_x = 0, .ofs_y = -2},
    {.bitmap_index = 9332, .adv_w = 256, .box_w = 16, .box_h = 14, .ofs_x = 0, .ofs_y = -1},
    {.bitmap_index = 9388, .adv_w = 256, .box_w = 16, .box_h = 16, .ofs_x = 0, .ofs_y = -2},
    {.bitmap_index = 9452, .adv_w = 256, .box_w = 16, .box_h = 16, .ofs_x = 0, .ofs_y = -2},
    {.bitmap_index = 9516, .adv_w = 256, .box_w = 16, .box_h = 15, .ofs_x = 0, .ofs_y = -1},
    {.bitmap_index = 9576, .adv_w = 256, .box_w = 16, .box_h = 15, .ofs_x = 0, .ofs_y = -2},
    {.bitmap_index = 9636, .adv_w = 256, .box_w = 16, .box_h = 16, .ofs_x = 0, .ofs_y = -2},
    {.bitmap_index = 9700, .adv_w = 256, .box_w = 16, .box_h = 15, .ofs_x = 0, .ofs_y = -2},
    {.bitmap_index = 9760, .adv_w = 256, .box_w = 16, .box_h = 15, .ofs_x = 0, .ofs_y = -2},
    {.bitmap_index = 9820, .adv_w = 256, .box_w = 16, .box_h = 15, .ofs_x = 0, .ofs_y = -2},
    {.bitmap_index = 9880, .adv_w = 256, .box_w = 16, .box_h = 15, .ofs_x = 0, .ofs_y = -2},
    {.bitmap_index = 9940, .adv_w = 256, .box_w = 16, .box_h = 15, .ofs_x = 0, .ofs_y = -2},
    {.bitmap_index = 10000, .adv_w = 256, .box_w = 16, .box_h = 14, .ofs_x = 0, .ofs_y = -1},
    {.bitmap_index = 10056, .adv_w = 256, .box_w = 16, .box_h = 15, .ofs_x = 0, .ofs_y = -2},
    {.bitmap_index = 10116, .adv_w = 256, .box_w = 16, .box_h = 15, .ofs_x = 0, .ofs_y = -2},
    {.bitmap_index = 10176, .adv_w = 256, .box_w = 15, .box_h = 16, .ofs_x = 0, .ofs_y = -2},
    {.bitmap_index = 10236, .adv_w = 256, .box_w = 16, .box_h = 15, .ofs_x = 0, .ofs_y = -2},
    {.bitmap_index = 10296, .adv_w = 256, .box_w = 16, .box_h = 15, .ofs_x = 0, .ofs_y = -1},
    {.bitmap_index = 10356, .adv_w = 256, .box_w = 16, .box_h = 16, .ofs_x = 0, .ofs_y = -2},
    {.bitmap_index = 10420, .adv_w = 256, .box_w = 16, .box_h = 15, .ofs_x = 0, .ofs_y = -1},
    {.bitmap_index = 10480, .adv_w = 256, .box_w = 16, .box_h = 15, .ofs_x = 0, .ofs_y = -2},
    {.bitmap_index = 10540, .adv_w = 256, .box_w = 16, .box_h = 15, .ofs_x = 0, .ofs_y = -2},
    {.bitmap_index = 10600, .adv_w = 256, .box_w = 15, .box_h = 15, .ofs_x = 1, .ofs_y = -2},
    {.bitmap_index = 10657, .adv_w = 256, .box_w = 15, .box_h = 15, .ofs_x = 0, .ofs_y = -1},
    {.bitmap_index = 10714, .adv_w = 256, .box_w = 14, .box_h = 14, .ofs_x = 1, .ofs_y = -1},
    {.bitmap_index = 10763, .adv_w = 256, .box_w = 16, .box_h = 16, .ofs_x = 0, .ofs_y = -2},
    {.bitmap_index = 10827, .adv_w = 256, .box_w = 16, .box_h = 16, .ofs_x = 0, .ofs_y = -2},
    {.bitmap_index = 10891, .adv_w = 256, .box_w = 16, .box_h = 15, .ofs_x = 0, .ofs_y = -2},
    {.bitmap_index = 10951, .adv_w = 256, .box_w = 16, .box_h = 15, .ofs_x = 0, .ofs_y = -1},
    {.bitmap_index = 11011, .adv_w = 256, .box_w = 16, .box_h = 15, .ofs_x = 0, .ofs_y = -1},
    {.bitmap_index = 11071, .adv_w = 256, .box_w = 15, .box_h = 16, .ofs_x = 1, .ofs_y = -2},
    {.bitmap_index = 11131, .adv_w = 256, .box_w = 15, .box_h = 15, .ofs_x = 1, .ofs_y = -1},
    {.bitmap_index = 11188, .adv_w = 256, .box_w = 16, .box_h = 17, .ofs_x = 0, .ofs_y = -2},
    {.bitmap_index = 11256, .adv_w = 256, .box_w = 15, .box_h = 16, .ofs_x = 0, .ofs_y = -1},
    {.bitmap_index = 11316, .adv_w = 256, .box_w = 16, .box_h = 15, .ofs_x = 0, .ofs_y = -2},
    {.bitmap_index = 11376, .adv_w = 256, .box_w = 16, .box_h = 15, .ofs_x = 0, .ofs_y = -2},
    {.bitmap_index = 11436, .adv_w = 256, .box_w = 16, .box_h = 15, .ofs_x = 0, .ofs_y = -1},
    {.bitmap_index = 11496, .adv_w = 256, .box_w = 16, .box_h = 16, .ofs_x = 0, .ofs_y = -2},
    {.bitmap_index = 11560, .adv_w = 256, .box_w = 16, .box_h = 15, .ofs_x = 0, .ofs_y = -1},
    {.bitmap_index = 11620, .adv_w = 256, .box_w = 16, .box_h = 16, .ofs_x = 0, .ofs_y = -2},
    {.bitmap_index = 11684, .adv_w = 256, .box_w = 16, .box_h = 16, .ofs_x = 0, .ofs_y = -2},
    {.bitmap_index = 11748, .adv_w = 256, .box_w = 16, .box_h = 16, .ofs_x = 0, .ofs_y = -2},
    {.bitmap_index = 11812, .adv_w = 256, .box_w = 16, .box_h = 16, .ofs_x = 0, .ofs_y = -2},
    {.bitmap_index = 11876, .adv_w = 256, .box_w = 16, .box_h = 15, .ofs_x = 0, .ofs_y = -2},
    {.bitmap_index = 11936, .adv_w = 256, .box_w = 16, .box_h = 15, .ofs_x = 0, .ofs_y = -1},
    {.bitmap_index = 11996, .adv_w = 256, .box_w = 15, .box_h = 14, .ofs_x = 0, .ofs_y = -1},
    {.bitmap_index = 12049, .adv_w = 256, .box_w = 16, .box_h = 16, .ofs_x = 0, .ofs_y = -2},
    {.bitmap_index = 12113, .adv_w = 256, .box_w = 16, .box_h = 16, .ofs_x = 0, .ofs_y = -2},
    {.bitmap_index = 12177, .adv_w = 256, .box_w = 15, .box_h = 15, .ofs_x = 0, .ofs_y = -1},
    {.bitmap_index = 12234, .adv_w = 256, .box_w = 15, .box_h = 15, .ofs_x = 0, .ofs_y = -1},
    {.bitmap_index = 12291, .adv_w = 256, .box_w = 16, .box_h = 16, .ofs_x = 0, .ofs_y = -2},
    {.bitmap_index = 12355, .adv_w = 256, .box_w = 16, .box_h = 17, .ofs_x = 0, .ofs_y = -2},
    {.bitmap_index = 12423, .adv_w = 256, .box_w = 16, .box_h = 14, .ofs_x = 0, .ofs_y = -1},
    {.bitmap_index = 12479, .adv_w = 256, .box_w = 16, .box_h = 15, .ofs_x = 0, .ofs_y = -2},
    {.bitmap_index = 12539, .adv_w = 256, .box_w = 16, .box_h = 16, .ofs_x = 0, .ofs_y = -2},
    {.bitmap_index = 12603, .adv_w = 256, .box_w = 15, .box_h = 14, .ofs_x = 0, .ofs_y = -1},
    {.bitmap_index = 12656, .adv_w = 256, .box_w = 15, .box_h = 16, .ofs_x = 0, .ofs_y = -2},
    {.bitmap_index = 12716, .adv_w = 256, .box_w = 15, .box_h = 16, .ofs_x = 0, .ofs_y = -1},
    {.bitmap_index = 12776, .adv_w = 256, .box_w = 16, .box_h = 16, .ofs_x = 0, .ofs_y = -2},
    {.bitmap_index = 12840, .adv_w = 256, .box_w = 16, .box_h = 15, .ofs_x = 0, .ofs_y = -2},
    {.bitmap_index = 12900, .adv_w = 256, .box_w = 16, .box_h = 17, .ofs_x = 0, .ofs_y = -2},
    {.bitmap_index = 12968, .adv_w = 256, .box_w = 16, .box_h = 14, .ofs_x = 0, .ofs_y = -1},
    {.bitmap_index = 13024, .adv_w = 256, .box_w = 16, .box_h = 15, .ofs_x = 0, .ofs_y = -1},
    {.bitmap_index = 13084, .adv_w = 256, .box_w = 16, .box_h = 16, .ofs_x = 0, .ofs_y = -2},
    {.bitmap_index = 13148, .adv_w = 256, .box_w = 16, .box_h = 15, .ofs_x = 0, .ofs_y = -1},
    {.bitmap_index = 13208, .adv_w = 256, .box_w = 16, .box_h = 15, .ofs_x = 0, .ofs_y = -1},
    {.bitmap_index = 13268, .adv_w = 256, .box_w = 16, .box_h = 15, .ofs_x = 0, .ofs_y = -1},
    {.bitmap_index = 13328, .adv_w = 256, .box_w = 16, .box_h = 15, .ofs_x = 0, .ofs_y = -1},
    {.bitmap_index = 13388, .adv_w = 256, .box_w = 16, .box_h = 15, .ofs_x = 0, .ofs_y = -1},
    {.bitmap_index = 13448, .adv_w = 256, .box_w = 16, .box_h = 16, .ofs_x = 0, .ofs_y = -2},
    {.bitmap_index = 13512, .adv_w = 256, .box_w = 16, .box_h = 16, .ofs_x = 0, .ofs_y = -2},
    {.bitmap_index = 13576, .adv_w = 256, .box_w = 16, .box_h = 16, .ofs_x = 0, .ofs_y = -2},
    {.bitmap_index = 13640, .adv_w = 256, .box_w = 16, .box_h = 16, .ofs_x = 0, .ofs_y = -2},
    {.bitmap_index = 13704, .adv_w = 256, .box_w = 16, .box_h = 16, .ofs_x = 0, .ofs_y = -2},
    {.bitmap_index = 13768, .adv_w = 256, .box_w = 15, .box_h = 16, .ofs_x = 0, .ofs_y = -2},
    {.bitmap_index = 13828, .adv_w = 256, .box_w = 16, .box_h = 16, .ofs_x = 0, .ofs_y = -2},
    {.bitmap_index = 13892, .adv_w = 256, .box_w = 16, .box_h = 16, .ofs_x = 0, .ofs_y = -2},
    {.bitmap_index = 13956, .adv_w = 256, .box_w = 16, .box_h = 16, .ofs_x = 0, .ofs_y = -2},
    {.bitmap_index = 14020, .adv_w = 256, .box_w = 16, .box_h = 15, .ofs_x = 0, .ofs_y = -1},
    {.bitmap_index = 14080, .adv_w = 256, .box_w = 16, .box_h = 15, .ofs_x = 0, .ofs_y = -1},
    {.bitmap_index = 14140, .adv_w = 256, .box_w = 16, .box_h = 15, .ofs_x = 0, .ofs_y = -1},
    {.bitmap_index = 14200, .adv_w = 256, .box_w = 16, .box_h = 16, .ofs_x = 0, .ofs_y = -2},
    {.bitmap_index = 14264, .adv_w = 256, .box_w = 16, .box_h = 16, .ofs_x = 0, .ofs_y = -2},
    {.bitmap_index = 14328, .adv_w = 256, .box_w = 16, .box_h = 16, .ofs_x = 0, .ofs_y = -2},
    {.bitmap_index = 14392, .adv_w = 256, .box_w = 15, .box_h = 16, .ofs_x = 0, .ofs_y = -2},
    {.bitmap_index = 14452, .adv_w = 256, .box_w = 16, .box_h = 15, .ofs_x = 0, .ofs_y = -1},
    {.bitmap_index = 14512, .adv_w = 256, .box_w = 16, .box_h = 14, .ofs_x = 0, .ofs_y = -1},
    {.bitmap_index = 14568, .adv_w = 256, .box_w = 16, .box_h = 16, .ofs_x = 0, .ofs_y = -2},
    {.bitmap_index = 14632, .adv_w = 256, .box_w = 16, .box_h = 16, .ofs_x = 0, .ofs_y = -2},
    {.bitmap_index = 14696, .adv_w = 256, .box_w = 16, .box_h = 15, .ofs_x = 0, .ofs_y = -1},
    {.bitmap_index = 14756, .adv_w = 256, .box_w = 16, .box_h = 16, .ofs_x = 0, .ofs_y = -2},
    {.bitmap_index = 14820, .adv_w = 256, .box_w = 14, .box_h = 15, .ofs_x = 1, .ofs_y = -2},
    {.bitmap_index = 14873, .adv_w = 256, .box_w = 14, .box_h = 14, .ofs_x = 1, .ofs_y = -1},
    {.bitmap_index = 14922, .adv_w = 256, .box_w = 14, .box_h = 14, .ofs_x = 1, .ofs_y = -1},
    {.bitmap_index = 14971, .adv_w = 256, .box_w = 14, .box_h = 14, .ofs_x = 1, .ofs_y = -1},
    {.bitmap_index = 15020, .adv_w = 256, .box_w = 14, .box_h = 15, .ofs_x = 1, .ofs_y = -2},
    {.bitmap_index = 15073, .adv_w = 256, .box_w = 14, .box_h = 14, .ofs_x = 1, .ofs_y = -1},
    {.bitmap_index = 15122, .adv_w = 256, .box_w = 14, .box_h = 14, .ofs_x = 1, .ofs_y = -1},
    {.bitmap_index = 15171, .adv_w = 256, .box_w = 14, .box_h = 15, .ofs_x = 1, .ofs_y = -1},
    {.bitmap_index = 15224, .adv_w = 256, .box_w = 16, .box_h = 5, .ofs_x = 0, .ofs_y = 8},
    {.bitmap_index = 15244, .adv_w = 256, .box_w = 10, .box_h = 5, .ofs_x = 0, .ofs_y = 8},
    {.bitmap_index = 15257, .adv_w = 256, .box_w = 9, .box_h = 17, .ofs_x = 3, .ofs_y = -3},
    {.bitmap_index = 15296, .adv_w = 256, .box_w = 8, .box_h = 10, .ofs_x = 4, .ofs_y = -1},
    {.bitmap_index = 15316, .adv_w = 256, .box_w = 7, .box_h = 13, .ofs_x = 5, .ofs_y = 0}
};

/*---------------------
 *  CHARACTER MAPPING
 *--------------------*/

static const uint16_t unicode_list_1[] = {
    0x0, 0x31, 0x33, 0x1c06, 0x1c21, 0x1c9a, 0x1cf1, 0x2130,
    0x2bfb, 0x2c3f, 0x2c76, 0x2cd4, 0x2d13, 0x2d17, 0x2e0f, 0x2e12,
    0x4aac, 0x4ace, 0x4af3, 0x4b65, 0x4b68, 0x4b6b, 0x4c89, 0x4d46,
    0x4d6a, 0x4d9b, 0x4da0, 0x4edb, 0x4f89, 0x4fb4, 0x505e, 0x5141,
    0x51c5, 0x5220, 0x525e, 0x5268, 0x527c, 0x529b, 0x52d6, 0x52d7,
    0x537d, 0x53a7, 0x53c9, 0x540d, 0x5410, 0x5485, 0x548a, 0x54f9,
    0x54fe, 0x5526, 0x559d, 0x55c9, 0x55cb, 0x55d7, 0x5611, 0x5622,
    0x562f, 0x56db, 0x5718, 0x5719, 0x57a6, 0x57c3, 0x57dc, 0x586b,
    0x590d, 0x591f, 0x5920, 0x5972, 0x5973, 0x5977, 0x5a22, 0x5b31,
    0x5b35, 0x5b55, 0x5b6d, 0x5bc1, 0x5c78, 0x5c83, 0x5caf, 0x5d1b,
    0x5e14, 0x5f21, 0x5f3e, 0x5fc0, 0x6022, 0x603f, 0x60a0, 0x60a7,
    0x6152, 0x61b5, 0x6259, 0x628d, 0x629f, 0x6336, 0x6357, 0x636d,
    0x63b5, 0x6436, 0x64d2, 0x64de, 0x64f0, 0x6512, 0x652e, 0x6567,
    0x65f7, 0x66bc, 0x66c0, 0x66ff, 0x6710, 0x6824, 0x68db, 0x6935,
    0x693e, 0x694a, 0x694e, 0x6951, 0x696a, 0x6981, 0x6986, 0x698a,
    0x69b5, 0x6a24, 0x6a5e, 0x6ba4, 0x6ba7, 0x6bdc, 0x6c27, 0x6c3d,
    0x6c4c, 0x6ca0, 0x6cc6, 0x6d3c, 0x6d4f, 0x6d64, 0x6da8, 0x6daa,
    0x6e36, 0x6e5f, 0x6e9f, 0x6ea0, 0x6fc9, 0x7043, 0x706f, 0x7075,
    0x7079, 0x70c0, 0x70d6, 0x7123, 0x7126, 0x716c, 0x719d, 0x721d,
    0x729d, 0x75e5, 0x76e2, 0x76f3, 0x76fa, 0x77a5, 0x781a, 0x787c,
    0x789d, 0x78a8, 0x7973, 0x797b, 0x7982, 0x79e3, 0x7a31, 0x7a44,
    0x7a49, 0x7aae, 0x7aba, 0x7ace, 0x7aec, 0x7aef, 0x7af1, 0x7b01,
    0x7d3f, 0x8267, 0x85b2, 0x85d4, 0x87a1, 0x890d, 0x8a5b, 0x8b97,
    0x8ce2, 0x8e74, 0x8f3a, 0x8f3d, 0x8f3f, 0x8f40, 0x8f41, 0x8f42,
    0x8f45, 0x8f47, 0x8f48, 0x8f53, 0x8f54, 0x8f9b, 0x8fa2, 0x8fa5,
    0x8fa6, 0x8fa7, 0x8fa9, 0x8faf, 0x8fb0, 0x8fb2, 0x8fb4, 0x8fb6,
    0x8fbb, 0x9005, 0x900a, 0x9010, 0x9016, 0x9017, 0x901c, 0x9065,
    0x9199, 0x919c, 0x91a0, 0x91ab, 0x91ac, 0x91b0, 0x91b6, 0x9a31,
    0xfa2e, 0xfa30, 0xfaf2, 0xfb33, 0xfb34
};

/*Collect the unicode lists and glyph_id offsets*/
static const lv_font_fmt_txt_cmap_t cmaps[] =
{
    {
        .range_start = 32, .range_length = 95, .glyph_id_start = 1,
        .unicode_list = NULL, .glyph_id_ofs_list = NULL, .list_length = 0, .type = LV_FONT_FMT_TXT_CMAP_FORMAT0_TINY
    },
    {
        .range_start = 1042, .range_length = 64309, .glyph_id_start = 96,
        .unicode_list = unicode_list_1, .glyph_id_ofs_list = NULL, .list_length = 229, .type = LV_FONT_FMT_TXT_CMAP_SPARSE_TINY
    }
};

/*-----------------
 *    KERNING
 *----------------*/


/*Map glyph_ids to kern left classes*/
static const uint8_t kern_left_class_mapping[] =
{
    0, 0, 0, 1, 0, 0, 0, 0,
    1, 2, 3, 0, 4, 0, 4, 0,
    5, 0, 0, 0, 0, 0, 0, 0,
    0, 0, 0, 0, 0, 0, 0, 4,
    6, 7, 8, 9, 10, 7, 11, 12,
    13, 14, 14, 15, 16, 17, 14, 14,
    7, 18, 0, 19, 20, 21, 15, 5,
    22, 23, 24, 25, 2, 8, 3, 0,
    0, 0, 26, 27, 28, 29, 30, 31,
    32, 26, 0, 33, 34, 29, 26, 26,
    27, 27, 0, 35, 36, 37, 32, 38,
    38, 39, 38, 40, 2, 0, 3, 4,
    9, 38, 39, 0, 0, 0, 10, 0,
    0, 0, 0, 0, 0, 0, 0, 0,
    0, 0, 0, 0, 0, 0, 0, 0,
    0, 0, 0, 0, 0, 0, 0, 0,
    0, 0, 0, 0, 0, 0, 0, 0,
    0, 0, 0, 0, 0, 0, 0, 0,
    0, 0, 0, 0, 0, 0, 0, 0,
    0, 0, 0, 0, 0, 0, 0, 0,
    0, 0, 0, 0, 0, 0, 0, 0,
    0, 0, 0, 0, 0, 0, 0, 0,
    0, 0, 0, 0, 0, 0, 0, 0,
    0, 0, 0, 0, 0, 0, 0, 0,
    0, 0, 0, 0, 0, 0, 0, 0,
    0, 0, 0, 0, 0, 0, 0, 0,
    0, 0, 0, 0, 0, 0, 0, 0,
    0, 0, 0, 0, 0, 0, 0, 0,
    0, 0, 0, 0, 0, 0, 0, 0,
    0, 0, 0, 0, 0, 0, 0, 0,
    0, 0, 0, 0, 0, 0, 0, 0,
    0, 0, 0, 0, 0, 0, 0, 0,
    0, 0, 0, 0, 0, 0, 0, 0,
    0, 0, 0, 0, 0, 0, 0, 0,
    0, 0, 0, 0, 0, 0, 0, 0,
    0, 0, 0, 0, 0, 0, 0, 0,
    0, 0, 0, 0, 0, 0, 0, 0,
    0, 0, 0, 0, 0, 0, 0, 0,
    0, 0, 0, 0, 0, 0, 0, 0,
    0, 0, 0, 0, 0, 0, 0, 0,
    0, 0, 0, 0, 0
};

/*Map glyph_ids to kern right classes*/
static const uint8_t kern_right_class_mapping[] =
{
    0, 1, 0, 2, 0, 0, 0, 0,
    2, 0, 3, 0, 4, 5, 4, 5,
    6, 0, 0, 0, 0, 0, 0, 0,
    0, 0, 0, 0, 0, 4, 0, 0,
    7, 8, 6, 9, 8, 9, 9, 9,
    8, 9, 9, 10, 9, 9, 9, 9,
    8, 9, 8, 9, 11, 12, 13, 14,
    15, 16, 17, 18, 0, 14, 3, 0,
    5, 0, 19, 20, 21, 21, 21, 22,
    21, 20, 0, 23, 20, 20, 24, 24,
    21, 0, 21, 24, 25, 26, 27, 28,
    28, 29, 30, 31, 0, 0, 3, 4,
    9, 28, 29, 32, 0, 0, 0, 0,
    0, 0, 0, 0, 0, 0, 0, 0,
    0, 0, 0, 0, 0, 0, 0, 0,
    0, 0, 0, 0, 0, 0, 0, 0,
    0, 0, 0, 0, 0, 0, 0, 0,
    0, 0, 0, 0, 0, 0, 0, 0,
    0, 0, 0, 0, 0, 0, 0, 0,
    0, 0, 0, 0, 0, 0, 0, 0,
    0, 0, 0, 0, 0, 0, 0, 0,
    0, 0, 0, 0, 0, 0, 0, 0,
    0, 0, 0, 0, 0, 0, 0, 0,
    0, 0, 0, 0, 0, 0, 0, 0,
    0, 0, 0, 0, 0, 0, 0, 0,
    0, 0, 0, 0, 0, 0, 0, 0,
    0, 0, 0, 0, 0, 0, 0, 0,
    0, 0, 0, 0, 0, 0, 0, 0,
    0, 0, 0, 0, 0, 0, 0, 0,
    0, 0, 0, 0, 0, 0, 0, 0,
    0, 0, 0, 0, 0, 0, 0, 0,
    0, 0, 0, 0, 0, 0, 0, 0,
    0, 0, 0, 0, 0, 0, 0, 0,
    0, 0, 0, 0, 0, 0, 0, 0,
    0, 0, 0, 0, 0, 0, 0, 0,
    0, 0, 0, 0, 0, 0, 0, 0,
    0, 0, 0, 0, 0, 0, 0, 0,
    0, 0, 0, 0, 0, 0, 0, 0,
    0, 0, 0, 0, 0, 0, 0, 0,
    0, 0, 0, 0, 0, 0, 0, 0,
    0, 0, 0, 0, 0
};

/*Kern values between classes*/
static const int8_t kern_class_values[] =
{
    0, 0, 0, 0, 0, 0, 4, 0,
    0, 0, 0, 0, 0, 0, 0, 0,
    0, 0, 0, 0, 0, 0, 0, 0,
    0, 0, 0, 0, 0, 0, 0, 0,
    0, 0, 0, 0, 0, 0, 0, 0,
    0, 0, 0, 0, 0, 5, 0, 5,
    5, 3, 0, 4, 0, 0, 18, 0,
    0, 5, 0, 0, 0, 0, 0, 0,
    0, 0, 0, 0, 0, 0, 0, 0,
    0, 0, 0, 0, 0, 0, 0, 0,
    0, 0, 0, 0, 0, 0, 6, 0,
    0, 0, 0, 0, 0, 0, 0, 0,
    0, 0, 0, 0, 0, 0, -14, 0,
    0, 0, 0, 0, 0, 0, 0, 0,
    0, 0, 0, 0, 0, 0, 0, 0,
    0, 0, 0, 0, 0, 0, 0, 0,
    -10, 5, 5, -11, -36, -24, 6, -9,
    0, -31, -3, 5, 0, 0, 0, 0,
    0, 0, -19, 0, -19, -6, 0, -12,
    -15, -2, -12, -12, -14, -12, -14, 4,
    0, 0, 0, -8, -26, 0, 0, 0,
    0, 0, 0, 0, 0, 0, 0, 0,
    0, 0, 0, 0, 0, 0, 0, 0,
    0, 0, 0, 0, 0, 0, 0, 0,
    0, -6, 0, 0, -11, -9, 0, 0,
    0, -9, 0, -8, 0, -9, -5, -9,
    -14, -6, 0, 0, 0, 0, 0, 0,
    0, 0, 0, 0, 0, 0, 0, -7,
    -10, -30, 0, -16, 7, 0, -17, -9,
    0, 0, 0, -22, -4, -24, -18, 0,
    -28, 5, 0, 0, -3, 0, 0, 0,
    0, 0, 0, -11, 0, -11, 0, -31,
    0, -3, 0, 0, 0, -4, 0, 0,
    0, 4, 0, -9, 0, -12, -4, 0,
    -15, 0, 0, 0, 0, 0, 0, 0,
    0, 0, 0, 0, 0, 0, 0, 0,
    0, 3, 0, -8, 6, 0, 8, -4,
    0, 0, 0, 1, 0, -1, 0, 0,
    -1, 0, 0, 0, 0, 0, 0, 0,
    0, 0, 0, -6, 0, -6, 0, 0,
    0, 0, 0, 0, 3, 0, 3, -3,
    0, 3, 0, 0, 0, -3, 0, 0,
    -3, 0, -3, 0, -3, -4, 0, 0,
    -2, -3, -2, -5, -2, -5, 0, 0,
    -3, 7, 0, 2, -34, -15, 10, -1,
    0, -36, 0, 6, 0, 0, 0, 0,
    0, 0, -10, 0, -7, -2, 0, -5,
    0, -3, 0, -6, -9, -6, -6, 7,
    0, 0, 0, 0, 5, 0, 3, 0,
    0, 0, 0, 0, 0, 0, 0, 0,
    0, 0, 0, 0, 0, 0, 0, 0,
    0, 0, 0, 0, 0, 0, 0, 0,
    0, 0, 0, 0, 0, 0, 2, 0,
    0, 0, 0, 0, 0, 0, 0, 0,
    0, 0, 0, 0, 0, 0, 0, 0,
    0, 0, 0, 0, 0, 0, 0, 0,
    0, 0, 0, 0, -8, -4, 0, 0,
    0, -8, 0, 0, 0, 0, 0, 0,
    0, 0, 0, 0, 0, 0, 0, 0,
    0, 0, 0, 0, 0, 0, 0, 0,
    -10, 0, 0, -28, 5, 0, -2, -15,
    -4, 0, -4, 0, -7, 0, 0, 0,
    0, 0, -7, 0, -9, -10, 0, -4,
    -4, -10, -11, -17, -9, -17, 0, -1,
    -13, -26, 0, -23, 7, 0, -18, -12,
    0, 4, -2, -34, -11, -38, -28, 0,
    -46, 0, -2, 0, -5, -5, 0, -1,
    0, -7, -7, -24, 0, -24, 0, 0,
    -3, 3, 0, 3, -37, -21, 4, 0,
    0, -41, 0, 0, 0, -1, -1, -6,
    0, -8, -8, 0, -8, 0, 0, 0,
    0, 0, 0, 3, 0, 3, 0, 5,
    0, -3, 0, -2, 10, 0, -1, -3,
    0, 0, 2, -3, -3, -7, -5, 0,
    -13, 0, 0, 0, -3, 0, 0, 0,
    0, 0, 0, 0, 0, 0, 0, 0,
    0, 0, 0, 0, 0, 0, 2, 0,
    0, 0, 6, 0, 0, -4, 0, 0,
    -6, 2, 0, 0, 0, 0, 0, 0,
    0, 0, 0, 0, 0, 0, 0, 2,
    -8, 8, 0, -20, -29, -22, 9, -8,
    0, -36, 0, 6, 0, 5, 5, 0,
    0, 0, -30, 0, -28, -12, 0, -24,
    -28, -8, -23, -27, -27, -27, -22, 3,
    -3, 5, 0, -6, -20, -18, 0, -5,
    0, -19, -1, 5, 0, 0, 0, 0,
    0, 0, -20, 0, -16, -4, 0, -11,
    -12, 0, -9, -6, -8, -6, -9, 2,
    0, 0, 5, -24, 3, 0, 3, -9,
    0, 0, 0, 0, 0, 0, 0, 0,
    0, 0, -6, 0, -9, 0, 0, -4,
    -5, -8, -8, -16, 0, -16, 0, 0,
    -8, 4, 5, -18, -35, -28, 2, -14,
    0, -35, -6, 0, 0, 0, 0, 0,
    0, 0, -29, 0, -27, -13, 0, -22,
    -24, -9, -20, -19, -18, -19, -20, 0,
    0, 0, 3, -12, 5, 0, 3, -7,
    0, 0, -3, 0, 0, 0, 0, 0,
    0, 0, -1, 0, -4, 0, 0, 0,
    0, 0, 0, -8, 0, -8, 0, 2,
    0, -10, 0, -1, 0, 0, -8, 0,
    0, 0, 0, -22, 0, -19, -17, -2,
    -26, 0, 0, 0, 0, 0, 0, 0,
    0, 0, 0, -3, 0, -3, 0, -12,
    0, -13, 0, -3, -8, 0, -10, 0,
    0, 0, 0, -28, 0, -19, -16, -9,
    -27, 0, -3, 0, 0, -2, 0, 0,
    0, -1, 0, -5, -6, -5, -6, -16,
    0, 1, 0, 5, 6, 0, -3, 0,
    0, 0, 0, -20, 0, -13, -9, 5,
    -20, 0, 1, 0, -1, 3, 0, 0,
    0, 6, 0, 0, 2, 0, 4, 3,
    0, 0, 4, 0, 0, 0, 3, 0,
    0, 0, 0, 0, 0, 0, 0, 0,
    0, 0, 0, 0, 0, 0, 0, 0,
    0, 0, 0, 0, 0, 0, 0, 0,
    0, -1, 0, 4, -1, 0, -6, 0,
    0, 0, 0, -18, 0, -17, -13, -4,
    -24, 0, 0, 0, 0, 0, 0, 0,
    3, 0, 0, -1, -2, -1, 0, -10,
    0, 12, 0, -2, -20, 0, 12, 0,
    0, 0, 0, 0, 0, 0, 0, 0,
    0, 0, -7, 0, -6, 1, 0, 0,
    0, 4, 0, 0, 0, 0, 0, 13,
    0, 0, 0, 0, 0, 0, -7, 0,
    0, 0, 0, -24, 0, -12, -11, 0,
    -22, 0, 0, 0, 0, 0, 0, 0,
    0, 0, 0, 0, 0, 0, 0, 0,
    0, 0, 3, 0, 0, 0, 0, 0,
    0, 0, 0, 0, 0, 0, 0, 0,
    0, 0, 0, 0, 0, 0, 11, 0,
    0, 0, 0, 0, 0, 0, 0, 0,
    -6, 0, 0, -7, 6, 0, -12, 0,
    0, 0, 0, -24, 0, -16, -14, 0,
    -22, 0, -7, 0, -6, 0, 0, 0,
    -3, 0, -2, 0, 0, 0, 0, 0,
    0, 6, 0, 2, -28, -12, -7, 0,
    0, -30, 0, 0, 0, -11, 0, -13,
    -19, 0, -11, 0, -8, 0, 0, 0,
    -2, 7, 0, 0, 0, 0, 0, 4,
    0, -7, 0, 0, 0, 0, -8, 0,
    0, 0, 0, -26, 0, -18, -13, -1,
    -27, 0, 0, 0, 0, 0, 0, 0,
    2, 0, 0, -2, 0, -2, 3, -5,
    0, -2, 3, -1, 7, 0, -6, 0,
    0, 0, 0, -18, 0, -12, 0, -1,
    -17, 0, 0, 0, -2, 0, 0, 0,
    0, 0, 0, 0, 0, 0, 0, 0,
    0, 0, 0, 0, -23, -11, -7, 0,
    0, -20, 0, -27, 0, -12, -6, -16,
    -19, 0, -5, 0, -5, 0, 0, 0,
    -3, 0, 0, 0, 0, 0, 0, 0,
    0, 0, 0, -5, 2, 0, -10, 0,
    0, 0, 0, -27, 0, -14, -8, 0,
    -18, 0, -4, 0, -6, 0, 0, 0,
    0, 3, 0, 0, 0, 0, 0, 0,
    0, 0, 0, 0, 3, 0, -8, 0,
    0, 0, 0, -25, 0, -14, -8, 0,
    -19, 0, -4, 0, -6, 0, 0, 0,
    1, 0, 0, 0, 0, 0, 0, 0
};


/*Collect the kern class' data in one place*/
static const lv_font_fmt_txt_kern_classes_t kern_classes =
{
    .class_pair_values   = kern_class_values,
    .left_class_mapping  = kern_left_class_mapping,
    .right_class_mapping = kern_right_class_mapping,
    .left_class_cnt      = 40,
    .right_class_cnt     = 32,
};

/*--------------------
 *  ALL CUSTOM DATA
 *--------------------*/

#if LVGL_VERSION_MAJOR == 8
/*Store all the custom data of the font*/
static  lv_font_fmt_txt_glyph_cache_t cache;
#endif

#if LVGL_VERSION_MAJOR >= 8
static const lv_font_fmt_txt_dsc_t font_dsc = {
#else
static lv_font_fmt_txt_dsc_t font_dsc = {
#endif
    .glyph_bitmap = glyph_bitmap,
    .glyph_dsc = glyph_dsc,
    .cmaps = cmaps,
    .kern_dsc = &kern_classes,
    .kern_scale = 16,
    .cmap_num = 2,
    .bpp = 2,
    .kern_classes = 1,
    .bitmap_format = 0,
#if LVGL_VERSION_MAJOR == 8
    .cache = &cache
#endif
};

extern const lv_font_t lv_font_montserrat_16;


/*-----------------
 *  PUBLIC FONT
 *----------------*/

/*Initialize a public general font descriptor*/
#if LVGL_VERSION_MAJOR >= 8
const lv_font_t lv_font_harmonyos_16 = {
#else
lv_font_t lv_font_harmonyos_16 = {
#endif
    .get_glyph_dsc = lv_font_get_glyph_dsc_fmt_txt,    /*Function pointer to get glyph's data*/
    .get_glyph_bitmap = lv_font_get_bitmap_fmt_txt,    /*Function pointer to get glyph's bitmap*/
    .line_height = 19,          /*The maximum line height required by the font*/
    .base_line = 4,             /*Baseline measured from the bottom of the line*/
#if !(LVGL_VERSION_MAJOR == 6 && LVGL_VERSION_MINOR == 0)
    .subpx = LV_FONT_SUBPX_NONE,
#endif
#if LV_VERSION_CHECK(7, 4, 0) || LVGL_VERSION_MAJOR >= 8
    .underline_position = -1,
    .underline_thickness = 1,
#endif
    .dsc = &font_dsc,          /*The custom font data. Will be accessed by `get_glyph_bitmap/dsc` */
#if LV_VERSION_CHECK(8, 2, 0) || LVGL_VERSION_MAJOR >= 9
    .fallback = &lv_font_montserrat_16,
#endif
    .user_data = NULL,
};



#endif /*#if LV_FONT_HARMONYOS_16*/
